Copyright 1986-2022 Xilinx, Inc. All Rights Reserved. Copyright 2022-2025 Advanced Micro Devices, Inc. All Rights Reserved.
------------------------------------------------------------------------------------------------------------------------------------------------------------------------------------------------
| Tool Version : Vivado v.2025.2 (lin64) Build 6299465 Fri Nov 14 12:34:56 MST 2025
| Date         : Mon Jul 13 04:38:18 2026
| Host         : localhost.localdomain running 64-bit Red Hat Enterprise Linux release 8.10 (Ootpa)
| Command      : report_timing -sort_by group -max_paths 100 -path_type summary -file /home/kshan/rvx_etri/platform_repo/starc_vera1/imp_genesys2-eb_2026-07-13/imp_result/route_timing_max.rpt
| Design       : STARC_VERA1_FPGA
| Device       : 7k325t-ffg900
| Speed File   : -2  PRODUCTION 1.12 2017-02-17
| Design State : Routed
------------------------------------------------------------------------------------------------------------------------------------------------------------------------------------------------

Timing Report

Startpoint                     Endpoint                       Slack(ns)     
----------------------------------------------------------------------------
i_platform/i_system_ddr/u_xilinx_ddr3_ctrl_axi32/u_xilinx_ddr3_ctrl_axi32_mig/u_ddr3_infrastructure/rstdiv0_sync_r1_reg/C
                               i_platform/i_system_ddr/u_xilinx_ddr3_ctrl_axi32/u_xilinx_ddr3_ctrl_axi32_mig/u_memc_ui_top_axi/mem_intfc0/ddr_phy_top0/u_ddr_mc_phy_wrapper/u_ddr_mc_phy/ddr_phy_4lanes_1.u_ddr_phy_4lanes/phy_control_i/RESET
                                                              0.323         
i_platform/i_rtl/i_main_core/i_rocket/frontend/icache/data_arrays_0/data_arrays_0_0_ext/ram_reg_1/CLKBWRCLK
                               i_platform/i_rtl/i_main_core/i_rocket/frontend/fq/elts_4_btb_entry_reg[3]/CE
                                                              0.455         
i_platform/i_rtl/i_main_core/i_rocket/frontend/icache/data_arrays_0/data_arrays_0_0_ext/ram_reg_1/CLKBWRCLK
                               i_platform/i_rtl/i_main_core/i_rocket/frontend/fq/elts_4_btb_entry_reg[4]/CE
                                                              0.455         
i_platform/i_rtl/i_main_core/i_rocket/frontend/icache/data_arrays_0/data_arrays_0_0_ext/ram_reg_1/CLKBWRCLK
                               i_platform/i_rtl/i_main_core/i_rocket/frontend/fq/elts_4_btb_entry_reg[0]/CE
                                                              0.546         
i_platform/i_rtl/i_main_core/i_rocket/frontend/icache/data_arrays_0/data_arrays_0_0_ext/ram_reg_1/CLKBWRCLK
                               i_platform/i_rtl/i_main_core/i_rocket/frontend/fq/elts_4_data_reg[19]/CE
                                                              0.546         
i_platform/i_rtl/i_main_core/i_rocket/frontend/icache/data_arrays_0/data_arrays_0_0_ext/ram_reg_1/CLKBWRCLK
                               i_platform/i_rtl/i_main_core/i_rocket/frontend/fq/elts_4_data_reg[24]/CE
                                                              0.546         
i_platform/i_rtl/i_main_core/i_rocket/frontend/icache/data_arrays_0/data_arrays_0_0_ext/ram_reg_1/CLKBWRCLK
                               i_platform/i_rtl/i_main_core/i_rocket/frontend/fq/elts_4_data_reg[25]/CE
                                                              0.546         
i_platform/i_rtl/i_main_core/i_rocket/frontend/icache/data_arrays_0/data_arrays_0_0_ext/ram_reg_1/CLKBWRCLK
                               i_platform/i_rtl/i_main_core/i_rocket/frontend/fq/elts_4_data_reg[26]/CE
                                                              0.546         
i_platform/i_rtl/i_main_core/i_rocket/frontend/icache/data_arrays_0/data_arrays_0_0_ext/ram_reg_1/CLKBWRCLK
                               i_platform/i_rtl/i_main_core/i_rocket/frontend/fq/elts_4_data_reg[31]/CE
                                                              0.546         
i_platform/i_rtl/i_main_core/i_rocket/frontend/icache/data_arrays_0/data_arrays_0_0_ext/ram_reg_1/CLKBWRCLK
                               i_platform/i_rtl/i_main_core/i_rocket/frontend/fq/elts_4_pc_reg[3]/CE
                                                              0.546         
i_platform/i_rtl/i_main_core/i_rocket/frontend/icache/data_arrays_0/data_arrays_0_0_ext/ram_reg_1/CLKBWRCLK
                               i_platform/i_rtl/i_main_core/i_rocket/frontend/fq/elts_4_pc_reg[6]/CE
                                                              0.546         
i_platform/i_rtl/i_main_core/i_rocket/frontend/icache/data_arrays_0/data_arrays_0_0_ext/ram_reg_1/CLKBWRCLK
                               i_platform/i_rtl/i_main_core/i_rocket/frontend/fq/elts_4_btb_entry_reg[1]/CE
                                                              0.560         
i_platform/i_rtl/i_main_core/i_rocket/frontend/icache/data_arrays_0/data_arrays_0_0_ext/ram_reg_1/CLKBWRCLK
                               i_platform/i_rtl/i_main_core/i_rocket/frontend/fq/elts_4_btb_entry_reg[2]/CE
                                                              0.560         
i_platform/i_rtl/i_main_core/i_rocket/frontend/icache/data_arrays_0/data_arrays_0_0_ext/ram_reg_1/CLKBWRCLK
                               i_platform/i_rtl/i_main_core/i_rocket/frontend/fq/elts_4_xcpt_ae_inst_reg/CE
                                                              0.560         
i_platform/i_rtl/i_main_core/i_rocket/frontend/icache/data_arrays_0/data_arrays_0_0_ext/ram_reg_1/CLKBWRCLK
                               i_platform/i_rtl/i_main_core/i_rocket/frontend/fq/elts_1_pc_reg[14]/CE
                                                              0.574         
i_platform/i_rtl/i_main_core/i_rocket/frontend/icache/data_arrays_0/data_arrays_0_0_ext/ram_reg_1/CLKBWRCLK
                               i_platform/i_rtl/i_main_core/i_rocket/frontend/fq/elts_1_pc_reg[15]/CE
                                                              0.574         
i_platform/i_rtl/i_main_core/i_rocket/frontend/icache/data_arrays_0/data_arrays_0_0_ext/ram_reg_1/CLKBWRCLK
                               i_platform/i_rtl/i_main_core/i_rocket/frontend/fq/elts_1_pc_reg[18]/CE
                                                              0.574         
i_platform/i_rtl/i_main_core/i_rocket/frontend/icache/data_arrays_0/data_arrays_0_0_ext/ram_reg_1/CLKBWRCLK
                               i_platform/i_rtl/i_main_core/i_rocket/frontend/fq/elts_1_pc_reg[19]/CE
                                                              0.574         
i_platform/i_rtl/i_main_core/i_rocket/frontend/icache/data_arrays_0/data_arrays_0_0_ext/ram_reg_1/CLKBWRCLK
                               i_platform/i_rtl/i_main_core/i_rocket/frontend/fq/elts_1_xcpt_ae_inst_reg/CE
                                                              0.574         
i_platform/i_rtl/i_main_core/i_rocket/frontend/icache/data_arrays_0/data_arrays_0_0_ext/ram_reg_1/CLKBWRCLK
                               i_platform/i_rtl/i_main_core/i_rocket/frontend/fq/elts_4_btb_bht_history_reg[3]/CE
                                                              0.588         
i_platform/i_rtl/i_main_core/i_rocket/frontend/icache/data_arrays_0/data_arrays_0_0_ext/ram_reg_1/CLKBWRCLK
                               i_platform/i_rtl/i_main_core/i_rocket/frontend/fq/elts_4_pc_reg[21]/CE
                                                              0.588         
i_platform/i_rtl/i_main_core/i_rocket/frontend/icache/data_arrays_0/data_arrays_0_0_ext/ram_reg_1/CLKBWRCLK
                               i_platform/i_rtl/i_main_core/i_rocket/frontend/fq/elts_4_pc_reg[7]/CE
                                                              0.588         
i_platform/i_rtl/i_main_core/i_rocket/frontend/icache/data_arrays_0/data_arrays_0_0_ext/ram_reg_1/CLKBWRCLK
                               i_platform/i_rtl/i_main_core/i_rocket/frontend/fq/elts_4_replay_reg/CE
                                                              0.588         
i_platform/i_rtl/i_main_core/i_rocket/frontend/icache/data_arrays_0/data_arrays_0_0_ext/ram_reg_1/CLKBWRCLK
                               i_platform/i_rtl/i_main_core/i_rocket/frontend/fq/elts_4_btb_bht_history_reg[7]/CE
                                                              0.591         
i_platform/i_rtl/i_main_core/i_rocket/frontend/icache/data_arrays_0/data_arrays_0_0_ext/ram_reg_1/CLKBWRCLK
                               i_platform/i_rtl/i_main_core/i_rocket/frontend/fq/elts_4_data_reg[11]/CE
                                                              0.591         
i_platform/i_rtl/i_main_core/i_rocket/frontend/icache/data_arrays_0/data_arrays_0_0_ext/ram_reg_1/CLKBWRCLK
                               i_platform/i_rtl/i_main_core/i_rocket/frontend/fq/elts_4_data_reg[12]/CE
                                                              0.591         
i_platform/i_rtl/i_main_core/i_rocket/frontend/icache/data_arrays_0/data_arrays_0_0_ext/ram_reg_1/CLKBWRCLK
                               i_platform/i_rtl/i_main_core/i_rocket/frontend/fq/elts_4_pc_reg[4]/CE
                                                              0.591         
i_platform/i_rtl/i_main_core/i_rocket/frontend/icache/data_arrays_0/data_arrays_0_0_ext/ram_reg_1/CLKBWRCLK
                               i_platform/i_rtl/i_main_core/i_rocket/frontend/fq/elts_0_pc_reg[14]/CE
                                                              0.597         
i_platform/i_rtl/i_main_core/i_rocket/frontend/icache/data_arrays_0/data_arrays_0_0_ext/ram_reg_1/CLKBWRCLK
                               i_platform/i_rtl/i_main_core/i_rocket/frontend/fq/elts_0_pc_reg[15]/CE
                                                              0.597         
i_platform/i_rtl/i_main_core/i_rocket/frontend/icache/data_arrays_0/data_arrays_0_0_ext/ram_reg_1/CLKBWRCLK
                               i_platform/i_rtl/i_main_core/i_rocket/frontend/fq/elts_0_pc_reg[18]/CE
                                                              0.597         
i_platform/i_rtl/i_main_core/i_rocket/frontend/icache/data_arrays_0/data_arrays_0_0_ext/ram_reg_1/CLKBWRCLK
                               i_platform/i_rtl/i_main_core/i_rocket/frontend/fq/elts_0_pc_reg[19]/CE
                                                              0.597         
i_platform/i_rtl/i_main_core/i_rocket/frontend/icache/data_arrays_0/data_arrays_0_0_ext/ram_reg_1/CLKBWRCLK
                               i_platform/i_rtl/i_main_core/i_rocket/frontend/fq/elts_0_xcpt_ae_inst_reg/CE
                                                              0.597         
i_platform/i_rtl/i_main_core/i_rocket/frontend/icache/data_arrays_0/data_arrays_0_0_ext/ram_reg_1/CLKBWRCLK
                               i_platform/i_rtl/i_main_core/i_rocket/frontend/fq/elts_0_btb_entry_reg[4]/CE
                                                              0.597         
i_platform/i_rtl/i_main_core/i_rocket/frontend/icache/data_arrays_0/data_arrays_0_0_ext/ram_reg_1/CLKBWRCLK
                               i_platform/i_rtl/i_main_core/i_rocket/frontend/fq/elts_0_pc_reg[24]/CE
                                                              0.597         
i_platform/i_rtl/i_main_core/i_rocket/frontend/icache/data_arrays_0/data_arrays_0_0_ext/ram_reg_1/CLKBWRCLK
                               i_platform/i_rtl/i_main_core/i_rocket/frontend/fq/elts_0_pc_reg[25]/CE
                                                              0.597         
i_platform/i_rtl/i_main_core/i_rocket/frontend/icache/data_arrays_0/data_arrays_0_0_ext/ram_reg_1/CLKBWRCLK
                               i_platform/i_rtl/i_main_core/i_rocket/frontend/fq/elts_0_pc_reg[12]/CE
                                                              0.599         
i_platform/i_rtl/i_main_core/i_rocket/frontend/icache/data_arrays_0/data_arrays_0_0_ext/ram_reg_1/CLKBWRCLK
                               i_platform/i_rtl/i_main_core/i_rocket/frontend/fq/elts_0_pc_reg[13]/CE
                                                              0.599         
i_platform/i_rtl/i_main_core/i_rocket/frontend/icache/data_arrays_0/data_arrays_0_0_ext/ram_reg_1/CLKBWRCLK
                               i_platform/i_rtl/i_main_core/i_rocket/frontend/fq/elts_0_pc_reg[16]/CE
                                                              0.599         
i_platform/i_rtl/i_main_core/i_rocket/frontend/icache/data_arrays_0/data_arrays_0_0_ext/ram_reg_1/CLKBWRCLK
                               i_platform/i_rtl/i_main_core/i_rocket/frontend/fq/elts_0_pc_reg[17]/CE
                                                              0.599         
i_platform/i_rtl/i_main_core/i_rocket/frontend/icache/data_arrays_0/data_arrays_0_0_ext/ram_reg_1/CLKBWRCLK
                               i_platform/i_rtl/i_main_core/i_rocket/frontend/fq/elts_0_pc_reg[20]/CE
                                                              0.599         
i_platform/i_rtl/i_main_core/i_rocket/frontend/icache/data_arrays_0/data_arrays_0_0_ext/ram_reg_1/CLKBWRCLK
                               i_platform/i_rtl/i_main_core/i_rocket/frontend/fq/elts_0_pc_reg[21]/CE
                                                              0.599         
i_platform/i_rtl/i_main_core/i_rocket/frontend/icache/data_arrays_0/data_arrays_0_0_ext/ram_reg_1/CLKBWRCLK
                               i_platform/i_rtl/i_main_core/i_rocket/frontend/fq/elts_0_pc_reg[26]/CE
                                                              0.599         
i_platform/i_rtl/i_main_core/i_rocket/frontend/icache/data_arrays_0/data_arrays_0_0_ext/ram_reg_1/CLKBWRCLK
                               i_platform/i_rtl/i_main_core/i_rocket/frontend/fq/elts_0_pc_reg[27]/CE
                                                              0.599         
i_platform/i_rtl/i_main_core/i_rocket/frontend/icache/data_arrays_0/data_arrays_0_0_ext/ram_reg_1/CLKBWRCLK
                               i_platform/i_rtl/i_main_core/i_rocket/frontend/fq/elts_0_data_reg[15]/CE
                                                              0.600         
i_platform/i_rtl/i_main_core/i_rocket/frontend/icache/data_arrays_0/data_arrays_0_0_ext/ram_reg_1/CLKBWRCLK
                               i_platform/i_rtl/i_main_core/i_rocket/frontend/fq/elts_0_data_reg[16]/CE
                                                              0.600         
i_platform/i_rtl/i_main_core/i_rocket/frontend/icache/data_arrays_0/data_arrays_0_0_ext/ram_reg_1/CLKBWRCLK
                               i_platform/i_rtl/i_main_core/i_rocket/frontend/fq/elts_0_data_reg[29]/CE
                                                              0.600         
i_platform/i_rtl/i_main_core/i_rocket/frontend/icache/data_arrays_0/data_arrays_0_0_ext/ram_reg_1/CLKBWRCLK
                               i_platform/i_rtl/i_main_core/i_rocket/frontend/fq/elts_0_data_reg[30]/CE
                                                              0.600         
i_platform/i_rtl/i_main_core/i_rocket/frontend/icache/data_arrays_0/data_arrays_0_0_ext/ram_reg_1/CLKBWRCLK
                               i_platform/i_rtl/i_main_core/i_rocket/frontend/fq/elts_0_btb_bht_history_reg[4]/CE
                                                              0.601         
i_platform/i_rtl/i_main_core/i_rocket/frontend/icache/data_arrays_0/data_arrays_0_0_ext/ram_reg_1/CLKBWRCLK
                               i_platform/i_rtl/i_main_core/i_rocket/frontend/fq/elts_0_btb_bht_history_reg[5]/CE
                                                              0.601         
i_platform/i_rtl/i_main_core/i_rocket/frontend/icache/data_arrays_0/data_arrays_0_0_ext/ram_reg_1/CLKBWRCLK
                               i_platform/i_rtl/i_main_core/i_rocket/frontend/fq/elts_0_btb_entry_reg[3]/CE
                                                              0.601         
i_platform/i_rtl/i_main_core/i_rocket/frontend/icache/data_arrays_0/data_arrays_0_0_ext/ram_reg_1/CLKBWRCLK
                               i_platform/i_rtl/i_main_core/i_rocket/frontend/fq/elts_0_pc_reg[22]/CE
                                                              0.601         
i_platform/i_rtl/i_main_core/i_rocket/frontend/icache/data_arrays_0/data_arrays_0_0_ext/ram_reg_1/CLKBWRCLK
                               i_platform/i_rtl/i_main_core/i_rocket/frontend/fq/elts_0_pc_reg[23]/CE
                                                              0.601         
i_platform/i_rtl/i_main_core/i_rocket/frontend/icache/data_arrays_0/data_arrays_0_0_ext/ram_reg_1/CLKBWRCLK
                               i_platform/i_rtl/i_main_core/i_rocket/frontend/fq/elts_0_data_reg[31]/CE
                                                              0.613         
i_platform/i_rtl/i_main_core/i_rocket/frontend/icache/data_arrays_0/data_arrays_0_0_ext/ram_reg_1/CLKBWRCLK
                               i_platform/i_rtl/i_main_core/i_rocket/frontend/fq/elts_0_pc_reg[28]/CE
                                                              0.613         
i_platform/i_rtl/i_main_core/i_rocket/frontend/icache/data_arrays_0/data_arrays_0_0_ext/ram_reg_1/CLKBWRCLK
                               i_platform/i_rtl/i_main_core/i_rocket/frontend/fq/elts_0_pc_reg[29]/CE
                                                              0.613         
i_platform/i_rtl/i_main_core/i_rocket/frontend/icache/data_arrays_0/data_arrays_0_0_ext/ram_reg_1/CLKBWRCLK
                               i_platform/i_rtl/i_main_core/i_rocket/frontend/fq/elts_0_pc_reg[30]/CE
                                                              0.613         
i_platform/i_rtl/i_main_core/i_rocket/frontend/icache/data_arrays_0/data_arrays_0_0_ext/ram_reg_1/CLKBWRCLK
                               i_platform/i_rtl/i_main_core/i_rocket/frontend/fq/elts_0_pc_reg[31]/CE
                                                              0.613         
i_platform/i_rtl/i_main_core/i_rocket/frontend/icache/data_arrays_0/data_arrays_0_0_ext/ram_reg_1/CLKBWRCLK
                               i_platform/i_rtl/i_main_core/i_rocket/frontend/fq/elts_0_pc_reg[8]/CE
                                                              0.613         
i_platform/i_rtl/i_main_core/i_rocket/frontend/icache/data_arrays_0/data_arrays_0_0_ext/ram_reg_1/CLKBWRCLK
                               i_platform/i_rtl/i_main_core/i_rocket/frontend/fq/elts_0_pc_reg[9]/CE
                                                              0.613         
i_platform/i_rtl/i_main_core/i_rocket/frontend/icache/data_arrays_0/data_arrays_0_0_ext/ram_reg_1/CLKBWRCLK
                               i_platform/i_rtl/i_main_core/i_rocket/frontend/fq/elts_0_xcpt_pf_inst_reg/CE
                                                              0.613         
i_platform/i_rtl/i_main_core/i_rocket/frontend/icache/data_arrays_0/data_arrays_0_0_ext/ram_reg_1/CLKBWRCLK
                               i_platform/i_rtl/i_main_core/i_rocket/frontend/fq/elts_3_btb_entry_reg[4]/CE
                                                              0.628         
i_platform/i_rtl/i_main_core/i_rocket/frontend/icache/data_arrays_0/data_arrays_0_0_ext/ram_reg_1/CLKBWRCLK
                               i_platform/i_rtl/i_main_core/i_rocket/frontend/fq/elts_3_pc_reg[22]/CE
                                                              0.628         
i_platform/i_rtl/i_main_core/i_rocket/frontend/icache/data_arrays_0/data_arrays_0_0_ext/ram_reg_1/CLKBWRCLK
                               i_platform/i_rtl/i_main_core/i_rocket/frontend/fq/elts_3_pc_reg[23]/CE
                                                              0.628         
i_platform/i_rtl/i_main_core/i_rocket/frontend/icache/data_arrays_0/data_arrays_0_0_ext/ram_reg_1/CLKBWRCLK
                               i_platform/i_rtl/i_main_core/i_rocket/frontend/fq/elts_3_pc_reg[6]/CE
                                                              0.628         
i_platform/i_rtl/i_main_core/i_rocket/frontend/icache/data_arrays_0/data_arrays_0_0_ext/ram_reg_1/CLKBWRCLK
                               i_platform/i_rtl/i_main_core/i_rocket/frontend/fq/elts_3_pc_reg[7]/CE
                                                              0.628         
i_platform/i_rtl/i_main_core/i_rocket/frontend/icache/data_arrays_0/data_arrays_0_0_ext/ram_reg_1/CLKBWRCLK
                               i_platform/i_rtl/i_main_core/i_rocket/frontend/fq/elts_4_pc_reg[17]/CE
                                                              0.629         
i_platform/i_rtl/i_main_core/i_rocket/frontend/icache/data_arrays_0/data_arrays_0_0_ext/ram_reg_1/CLKBWRCLK
                               i_platform/i_rtl/i_main_core/i_rocket/frontend/fq/elts_4_pc_reg[19]/CE
                                                              0.629         
i_platform/i_rtl/i_main_core/i_rocket/frontend/icache/data_arrays_0/data_arrays_0_0_ext/ram_reg_1/CLKBWRCLK
                               i_platform/i_rtl/i_main_core/i_rocket/frontend/fq/elts_4_pc_reg[27]/CE
                                                              0.629         
i_platform/i_rtl/i_main_core/i_rocket/frontend/icache/data_arrays_0/data_arrays_0_0_ext/ram_reg_1/CLKBWRCLK
                               i_platform/i_rtl/i_main_core/i_rocket/frontend/fq/elts_4_pc_reg[29]/CE
                                                              0.629         
i_platform/i_rtl/i_main_core/i_rocket/frontend/icache/data_arrays_0/data_arrays_0_0_ext/ram_reg_1/CLKBWRCLK
                               i_platform/i_rtl/i_main_core/i_rocket/frontend/fq/elts_4_btb_bht_history_reg[1]/CE
                                                              0.632         
i_platform/i_rtl/i_main_core/i_rocket/frontend/icache/data_arrays_0/data_arrays_0_0_ext/ram_reg_1/CLKBWRCLK
                               i_platform/i_rtl/i_main_core/i_rocket/frontend/fq/elts_4_btb_bht_history_reg[4]/CE
                                                              0.632         
i_platform/i_rtl/i_main_core/i_rocket/frontend/icache/data_arrays_0/data_arrays_0_0_ext/ram_reg_1/CLKBWRCLK
                               i_platform/i_rtl/i_main_core/i_rocket/frontend/fq/elts_4_btb_bht_history_reg[5]/CE
                                                              0.632         
i_platform/i_rtl/i_main_core/i_rocket/frontend/icache/data_arrays_0/data_arrays_0_0_ext/ram_reg_1/CLKBWRCLK
                               i_platform/i_rtl/i_main_core/i_rocket/frontend/fq/elts_4_data_reg[2]/CE
                                                              0.632         
i_platform/i_rtl/i_main_core/i_rocket/frontend/icache/data_arrays_0/data_arrays_0_0_ext/ram_reg_1/CLKBWRCLK
                               i_platform/i_rtl/i_main_core/i_rocket/frontend/fq/elts_4_data_reg[6]/CE
                                                              0.632         
i_platform/i_rtl/i_main_core/i_rocket/frontend/icache/data_arrays_0/data_arrays_0_0_ext/ram_reg_1/CLKBWRCLK
                               i_platform/i_rtl/i_main_core/i_rocket/frontend/fq/elts_4_data_reg[9]/CE
                                                              0.632         
i_platform/i_rtl/i_main_core/i_rocket/frontend/icache/data_arrays_0/data_arrays_0_0_ext/ram_reg_1/CLKBWRCLK
                               i_platform/i_rtl/i_main_core/i_rocket/frontend/fq/elts_4_pc_reg[9]/CE
                                                              0.632         
i_platform/i_rtl/i_main_core/i_rocket/frontend/icache/data_arrays_0/data_arrays_0_0_ext/ram_reg_1/CLKBWRCLK
                               i_platform/i_rtl/i_main_core/i_rocket/frontend/fq/elts_4_xcpt_pf_inst_reg/CE
                                                              0.632         
i_platform/i_rtl/i_main_core/i_rocket/frontend/icache/data_arrays_0/data_arrays_0_0_ext/ram_reg_1/CLKBWRCLK
                               i_platform/i_rtl/i_main_core/i_rocket/frontend/fq/elts_1_btb_entry_reg[4]/CE
                                                              0.635         
i_platform/i_rtl/i_main_core/i_rocket/frontend/icache/data_arrays_0/data_arrays_0_0_ext/ram_reg_1/CLKBWRCLK
                               i_platform/i_rtl/i_main_core/i_rocket/frontend/fq/elts_1_pc_reg[10]/CE
                                                              0.635         
i_platform/i_rtl/i_main_core/i_rocket/frontend/icache/data_arrays_0/data_arrays_0_0_ext/ram_reg_1/CLKBWRCLK
                               i_platform/i_rtl/i_main_core/i_rocket/frontend/fq/elts_1_pc_reg[11]/CE
                                                              0.635         
i_platform/i_rtl/i_main_core/i_rocket/frontend/icache/data_arrays_0/data_arrays_0_0_ext/ram_reg_1/CLKBWRCLK
                               i_platform/i_rtl/i_main_core/i_rocket/frontend/fq/elts_1_pc_reg[26]/CE
                                                              0.635         
i_platform/i_rtl/i_main_core/i_rocket/frontend/icache/data_arrays_0/data_arrays_0_0_ext/ram_reg_1/CLKBWRCLK
                               i_platform/i_rtl/i_main_core/i_rocket/frontend/fq/elts_1_pc_reg[27]/CE
                                                              0.635         
i_platform/i_rtl/i_main_core/i_rocket/frontend/icache/data_arrays_0/data_arrays_0_0_ext/ram_reg_1/CLKBWRCLK
                               i_platform/i_rtl/i_main_core/i_rocket/frontend/fq/elts_1_pc_reg[6]/CE
                                                              0.635         
i_platform/i_rtl/i_main_core/i_rocket/frontend/icache/data_arrays_0/data_arrays_0_0_ext/ram_reg_1/CLKBWRCLK
                               i_platform/i_rtl/i_main_core/i_rocket/frontend/fq/elts_1_pc_reg[7]/CE
                                                              0.635         
i_platform/i_rtl/i_main_core/i_rocket/frontend/icache/data_arrays_0/data_arrays_0_0_ext/ram_reg_1/CLKBWRCLK
                               i_platform/i_rtl/i_main_core/i_rocket/frontend/fq/elts_1_data_reg[3]/CE
                                                              0.643         
i_platform/i_rtl/i_main_core/i_rocket/frontend/icache/data_arrays_0/data_arrays_0_0_ext/ram_reg_1/CLKBWRCLK
                               i_platform/i_rtl/i_main_core/i_rocket/frontend/fq/elts_1_data_reg[4]/CE
                                                              0.643         
i_platform/i_rtl/i_main_core/i_rocket/frontend/icache/data_arrays_0/data_arrays_0_0_ext/ram_reg_1/CLKBWRCLK
                               i_platform/i_rtl/i_main_core/i_rocket/frontend/fq/elts_3_pc_reg[10]/CE
                                                              0.648         
i_platform/i_rtl/i_main_core/i_rocket/frontend/icache/data_arrays_0/data_arrays_0_0_ext/ram_reg_1/CLKBWRCLK
                               i_platform/i_rtl/i_main_core/i_rocket/frontend/fq/elts_3_pc_reg[11]/CE
                                                              0.648         
i_platform/i_rtl/i_main_core/i_rocket/frontend/icache/data_arrays_0/data_arrays_0_0_ext/ram_reg_1/CLKBWRCLK
                               i_platform/i_rtl/i_main_core/i_rocket/frontend/fq/elts_3_pc_reg[12]/CE
                                                              0.648         
i_platform/i_rtl/i_main_core/i_rocket/frontend/icache/data_arrays_0/data_arrays_0_0_ext/ram_reg_1/CLKBWRCLK
                               i_platform/i_rtl/i_main_core/i_rocket/frontend/fq/elts_3_pc_reg[13]/CE
                                                              0.648         
i_platform/i_rtl/i_main_core/i_rocket/frontend/icache/data_arrays_0/data_arrays_0_0_ext/ram_reg_1/CLKBWRCLK
                               i_platform/i_rtl/i_main_core/i_rocket/frontend/fq/elts_3_pc_reg[14]/CE
                                                              0.648         
i_platform/i_rtl/i_main_core/i_rocket/frontend/icache/data_arrays_0/data_arrays_0_0_ext/ram_reg_1/CLKBWRCLK
                               i_platform/i_rtl/i_main_core/i_rocket/frontend/fq/elts_3_pc_reg[15]/CE
                                                              0.648         
i_platform/i_rtl/i_main_core/i_rocket/frontend/icache/data_arrays_0/data_arrays_0_0_ext/ram_reg_1/CLKBWRCLK
                               i_platform/i_rtl/i_main_core/i_rocket/frontend/fq/elts_3_pc_reg[26]/CE
                                                              0.648         
i_platform/i_rtl/i_main_core/i_rocket/frontend/icache/data_arrays_0/data_arrays_0_0_ext/ram_reg_1/CLKBWRCLK
                               i_platform/i_rtl/i_main_core/i_rocket/frontend/fq/elts_3_pc_reg[27]/CE
                                                              0.648         
i_platform/i_rtl/i_main_core/i_rocket/frontend/icache/data_arrays_0/data_arrays_0_0_ext/ram_reg_1/CLKBWRCLK
                               i_platform/i_rtl/i_main_core/i_rocket/frontend/fq/elts_4_btb_bht_history_reg[0]/CE
                                                              0.657         
i_platform/i_rtl/i_main_core/i_rocket/frontend/icache/data_arrays_0/data_arrays_0_0_ext/ram_reg_1/CLKBWRCLK
                               i_platform/i_rtl/i_main_core/i_rocket/frontend/fq/elts_4_btb_bht_history_reg[2]/CE
                                                              0.657         
i_platform/i_rtl/i_main_core/i_rocket/frontend/icache/data_arrays_0/data_arrays_0_0_ext/ram_reg_1/CLKBWRCLK
                               i_platform/i_rtl/i_main_core/i_rocket/frontend/fq/elts_4_data_reg[22]/CE
                                                              0.657         
i_platform/i_rtl/i_main_core/i_rocket/frontend/icache/data_arrays_0/data_arrays_0_0_ext/ram_reg_1/CLKBWRCLK
                               i_platform/i_rtl/i_main_core/i_rocket/frontend/fq/elts_4_data_reg[23]/CE
                                                              0.657         
i_platform/i_rtl/i_main_core/i_rocket/frontend/icache/data_arrays_0/data_arrays_0_0_ext/ram_reg_1/CLKBWRCLK
                               i_platform/i_rtl/i_main_core/i_rocket/frontend/fq/elts_4_data_reg[7]/CE
                                                              0.657         
i_platform/i_rtl/i_main_core/i_rocket/frontend/icache/data_arrays_0/data_arrays_0_0_ext/ram_reg_1/CLKBWRCLK
                               i_platform/i_rtl/i_main_core/i_rocket/frontend/fq/elts_0_btb_entry_reg[0]/CE
                                                              0.657         
i_platform/i_rtl/i_main_core/i_rocket/frontend/icache/data_arrays_0/data_arrays_0_0_ext/ram_reg_1/CLKBWRCLK
                               i_platform/i_rtl/i_main_core/i_rocket/frontend/fq/elts_0_data_reg[13]/CE
                                                              0.657         
i_platform/i_rtl/i_snim_i_system_ddr_no_name/i_munoc_instance_3/i_munoc_instance_1/i_munoc_instance_0/i_gen_buffer[0].i_munoc_instance_1/i_rindexer/value_reg[5]/C
                               i_platform/i_system_ddr/u_xilinx_ddr3_ctrl_axi32/u_xilinx_ddr3_ctrl_axi32_mig/u_memc_ui_top_axi/u_axi_mc/USE_UPSIZER.upsizer_d2/USE_WRITE.write_addr_inst/USE_BURSTS.cmd_queue/data_Exists_I_reg/D
                                                              0.871         
i_platform/i_system_ddr/u_xilinx_ddr3_ctrl_axi32/u_xilinx_ddr3_ctrl_axi32_mig/u_ddr3_infrastructure/rstdiv0_sync_r1_reg/C
                               i_platform/i_system_ddr/u_xilinx_ddr3_ctrl_axi32/u_xilinx_ddr3_ctrl_axi32_mig/u_memc_ui_top_axi/mem_intfc0/ddr_phy_top0/u_ddr_mc_phy_wrapper/u_ddr_mc_phy/ddr_phy_4lanes_0.u_ddr_phy_4lanes/phy_control_i/RESET
                                                              0.924         
i_platform/i_rtl/i_snim_i_system_ddr_no_name/i_munoc_instance_3/i_munoc_instance_1/i_munoc_instance_0/i_gen_buffer[0].i_munoc_instance_1/i_rindexer/value_reg[5]/C
                               i_platform/i_system_ddr/u_xilinx_ddr3_ctrl_axi32/u_xilinx_ddr3_ctrl_axi32_mig/u_memc_ui_top_axi/u_axi_mc/USE_UPSIZER.upsizer_d2/USE_WRITE.write_data_inst/WORD_LANE[5].USE_ALWAYS_PACKER.BYTE_LANE[1].USE_FPGA_DATA.USE_REGISTER.BIT_LANE[4].FDRE_wdata_inst/D
                                                              1.006         
i_platform/i_rtl/i_snim_i_system_ddr_no_name/i_munoc_instance_3/i_munoc_instance_1/i_munoc_instance_0/i_gen_buffer[0].i_munoc_instance_1/i_rindexer/value_reg[5]/C
                               i_platform/i_system_ddr/u_xilinx_ddr3_ctrl_axi32/u_xilinx_ddr3_ctrl_axi32_mig/u_memc_ui_top_axi/u_axi_mc/USE_UPSIZER.upsizer_d2/USE_WRITE.write_data_inst/WORD_LANE[1].USE_ALWAYS_PACKER.BYTE_LANE[1].USE_FPGA_DATA.USE_REGISTER.BIT_LANE[4].FDRE_wdata_inst/D
                                                              1.053         
i_platform/i_rtl/i_snim_i_system_ddr_no_name/i_munoc_instance_3/i_munoc_instance_1/i_munoc_instance_0/i_gen_buffer[0].i_munoc_instance_1/i_rindexer/value_reg[5]/C
                               i_platform/i_system_ddr/u_xilinx_ddr3_ctrl_axi32/u_xilinx_ddr3_ctrl_axi32_mig/u_memc_ui_top_axi/u_axi_mc/USE_UPSIZER.upsizer_d2/USE_WRITE.write_data_inst/WORD_LANE[4].USE_ALWAYS_PACKER.BYTE_LANE[1].USE_FPGA_DATA.USE_REGISTER.BIT_LANE[7].FDRE_wdata_inst/D
                                                              1.087         
i_platform/i_rtl/i_snim_i_system_ddr_no_name/i_munoc_instance_3/i_munoc_instance_1/i_munoc_instance_0/i_gen_buffer[0].i_munoc_instance_1/i_rindexer/value_reg[5]/C
                               i_platform/i_system_ddr/u_xilinx_ddr3_ctrl_axi32/u_xilinx_ddr3_ctrl_axi32_mig/u_memc_ui_top_axi/u_axi_mc/USE_UPSIZER.upsizer_d2/USE_WRITE.write_data_inst/WORD_LANE[5].USE_ALWAYS_PACKER.BYTE_LANE[1].USE_FPGA_DATA.USE_REGISTER.BIT_LANE[2].FDRE_wdata_inst/D
                                                              1.088         
i_platform/i_rtl/i_snim_i_system_ddr_no_name/i_munoc_instance_3/i_munoc_instance_1/i_munoc_instance_0/i_gen_buffer[0].i_munoc_instance_1/i_rindexer/value_reg[5]/C
                               i_platform/i_system_ddr/u_xilinx_ddr3_ctrl_axi32/u_xilinx_ddr3_ctrl_axi32_mig/u_memc_ui_top_axi/u_axi_mc/USE_UPSIZER.upsizer_d2/USE_WRITE.write_data_inst/WORD_LANE[5].USE_ALWAYS_PACKER.BYTE_LANE[1].USE_FPGA_DATA.USE_REGISTER.BIT_LANE[5].FDRE_wdata_inst/D
                                                              1.088         
i_platform/i_rtl/i_snim_i_system_ddr_no_name/i_munoc_instance_3/i_munoc_instance_1/i_munoc_instance_0/i_gen_buffer[0].i_munoc_instance_1/i_rindexer/value_reg[5]/C
                               i_platform/i_system_ddr/u_xilinx_ddr3_ctrl_axi32/u_xilinx_ddr3_ctrl_axi32_mig/u_memc_ui_top_axi/u_axi_mc/USE_UPSIZER.upsizer_d2/USE_WRITE.write_data_inst/WORD_LANE[4].USE_ALWAYS_PACKER.BYTE_LANE[1].USE_FPGA_DATA.USE_REGISTER.BIT_LANE[6].FDRE_wdata_inst/D
                                                              1.097         
i_platform/i_rtl/i_snim_i_system_ddr_no_name/i_munoc_instance_3/i_munoc_instance_1/i_munoc_instance_0/i_gen_buffer[0].i_munoc_instance_1/i_rindexer/value_reg[5]/C
                               i_platform/i_system_ddr/u_xilinx_ddr3_ctrl_axi32/u_xilinx_ddr3_ctrl_axi32_mig/u_memc_ui_top_axi/u_axi_mc/USE_UPSIZER.upsizer_d2/USE_WRITE.write_data_inst/WORD_LANE[6].USE_ALWAYS_PACKER.BYTE_LANE[1].USE_FPGA_DATA.USE_REGISTER.BIT_LANE[3].FDRE_wdata_inst/D
                                                              1.105         
i_platform/i_rtl/i_snim_i_system_ddr_no_name/i_munoc_instance_3/i_munoc_instance_1/i_munoc_instance_0/i_gen_buffer[0].i_munoc_instance_1/i_rindexer/value_reg[5]/C
                               i_platform/i_system_ddr/u_xilinx_ddr3_ctrl_axi32/u_xilinx_ddr3_ctrl_axi32_mig/u_memc_ui_top_axi/u_axi_mc/USE_UPSIZER.upsizer_d2/USE_WRITE.write_data_inst/WORD_LANE[5].USE_ALWAYS_PACKER.BYTE_LANE[1].USE_FPGA_DATA.USE_REGISTER.BIT_LANE[6].FDRE_wdata_inst/D
                                                              1.107         
i_platform/i_rtl/i_snim_i_system_ddr_no_name/i_munoc_instance_3/i_munoc_instance_1/i_munoc_instance_0/i_gen_buffer[0].i_munoc_instance_1/i_rindexer/value_reg[5]/C
                               i_platform/i_system_ddr/u_xilinx_ddr3_ctrl_axi32/u_xilinx_ddr3_ctrl_axi32_mig/u_memc_ui_top_axi/u_axi_mc/USE_UPSIZER.upsizer_d2/USE_WRITE.write_data_inst/WORD_LANE[5].USE_ALWAYS_PACKER.BYTE_LANE[1].USE_FPGA_DATA.USE_REGISTER.BIT_LANE[7].FDRE_wdata_inst/D
                                                              1.108         
i_platform/i_rtl/i_snim_i_system_ddr_no_name/i_munoc_instance_3/i_munoc_instance_1/i_munoc_instance_0/i_gen_buffer[0].i_munoc_instance_1/i_rindexer/value_reg[5]/C
                               i_platform/i_system_ddr/u_xilinx_ddr3_ctrl_axi32/u_xilinx_ddr3_ctrl_axi32_mig/u_memc_ui_top_axi/u_axi_mc/USE_UPSIZER.upsizer_d2/USE_WRITE.write_data_inst/WORD_LANE[6].USE_ALWAYS_PACKER.BYTE_LANE[1].USE_FPGA_DATA.USE_REGISTER.BIT_LANE[7].FDRE_wdata_inst/D
                                                              1.115         
i_platform/i_rtl/i_snim_i_system_ddr_no_name/i_munoc_instance_3/i_munoc_instance_1/i_munoc_instance_0/i_gen_buffer[0].i_munoc_instance_1/i_rindexer/value_reg[5]/C
                               i_platform/i_system_ddr/u_xilinx_ddr3_ctrl_axi32/u_xilinx_ddr3_ctrl_axi32_mig/u_memc_ui_top_axi/u_axi_mc/USE_UPSIZER.upsizer_d2/USE_WRITE.write_data_inst/WORD_LANE[6].USE_ALWAYS_PACKER.BYTE_LANE[1].USE_FPGA_DATA.USE_REGISTER.BIT_LANE[4].FDRE_wdata_inst/D
                                                              1.122         
i_platform/i_rtl/i_snim_i_system_ddr_no_name/i_munoc_instance_3/i_munoc_instance_1/i_munoc_instance_0/i_gen_buffer[0].i_munoc_instance_1/i_rindexer/value_reg[5]/C
                               i_platform/i_system_ddr/u_xilinx_ddr3_ctrl_axi32/u_xilinx_ddr3_ctrl_axi32_mig/u_memc_ui_top_axi/u_axi_mc/USE_UPSIZER.upsizer_d2/USE_WRITE.write_data_inst/WORD_LANE[4].USE_ALWAYS_PACKER.BYTE_LANE[1].USE_FPGA_DATA.USE_REGISTER.BIT_LANE[4].FDRE_wdata_inst/D
                                                              1.124         
i_platform/i_rtl/i_snim_i_system_ddr_no_name/i_munoc_instance_3/i_munoc_instance_1/i_munoc_instance_0/i_gen_buffer[0].i_munoc_instance_1/i_rindexer/value_reg[5]/C
                               i_platform/i_system_ddr/u_xilinx_ddr3_ctrl_axi32/u_xilinx_ddr3_ctrl_axi32_mig/u_memc_ui_top_axi/u_axi_mc/USE_UPSIZER.upsizer_d2/USE_WRITE.write_data_inst/WORD_LANE[4].USE_ALWAYS_PACKER.BYTE_LANE[1].USE_FPGA_DATA.USE_REGISTER.BIT_LANE[5].FDRE_wdata_inst/D
                                                              1.125         
i_platform/i_rtl/i_snim_i_system_ddr_no_name/i_munoc_instance_3/i_munoc_instance_1/i_munoc_instance_0/i_gen_buffer[0].i_munoc_instance_1/i_rindexer/value_reg[5]/C
                               i_platform/i_system_ddr/u_xilinx_ddr3_ctrl_axi32/u_xilinx_ddr3_ctrl_axi32_mig/u_memc_ui_top_axi/u_axi_mc/USE_UPSIZER.upsizer_d2/USE_WRITE.write_data_inst/WORD_LANE[5].USE_ALWAYS_PACKER.BYTE_LANE[1].USE_FPGA_DATA.USE_REGISTER.BIT_LANE[0].FDRE_wdata_inst/D
                                                              1.127         
i_platform/i_rtl/i_snim_i_system_ddr_no_name/i_munoc_instance_3/i_munoc_instance_1/i_munoc_instance_0/i_gen_buffer[0].i_munoc_instance_1/i_rindexer/value_reg[5]/C
                               i_platform/i_system_ddr/u_xilinx_ddr3_ctrl_axi32/u_xilinx_ddr3_ctrl_axi32_mig/u_memc_ui_top_axi/u_axi_mc/USE_UPSIZER.upsizer_d2/USE_WRITE.write_data_inst/WORD_LANE[5].USE_ALWAYS_PACKER.BYTE_LANE[1].USE_FPGA_DATA.USE_REGISTER.BIT_LANE[1].FDRE_wdata_inst/D
                                                              1.128         
i_platform/i_rtl/i_system_router/i_munoc_instance_0/i_input_port_with_routinhg_info[0].i_munoc_instance_2/munoc_signal_5_reg[0]/C
                               i_platform/i_rtl/i_snim_i_system_sram_no_name/i_munoc_instance_3/i_munoc_instance_1/i_munoc_instance_0/i_gen_buffer[0].i_munoc_instance_1/data_reg[2][136]/CE
                                                              1.132         
i_platform/i_rtl/i_snim_i_system_ddr_no_name/i_munoc_instance_3/i_munoc_instance_1/i_munoc_instance_0/i_gen_buffer[0].i_munoc_instance_1/i_rindexer/value_reg[5]/C
                               i_platform/i_system_ddr/u_xilinx_ddr3_ctrl_axi32/u_xilinx_ddr3_ctrl_axi32_mig/u_memc_ui_top_axi/u_axi_mc/USE_UPSIZER.upsizer_d2/USE_WRITE.write_data_inst/WORD_LANE[1].USE_ALWAYS_PACKER.BYTE_LANE[1].USE_FPGA_DATA.USE_REGISTER.BIT_LANE[0].FDRE_wdata_inst/D
                                                              1.133         
i_platform/i_rtl/i_snim_i_system_ddr_no_name/i_munoc_instance_3/i_munoc_instance_1/i_munoc_instance_0/i_gen_buffer[0].i_munoc_instance_1/i_rindexer/value_reg[5]/C
                               i_platform/i_system_ddr/u_xilinx_ddr3_ctrl_axi32/u_xilinx_ddr3_ctrl_axi32_mig/u_memc_ui_top_axi/u_axi_mc/USE_UPSIZER.upsizer_d2/USE_WRITE.write_data_inst/WORD_LANE[5].USE_ALWAYS_PACKER.BYTE_LANE[1].USE_FPGA_DATA.USE_REGISTER.BIT_LANE[3].FDRE_wdata_inst/D
                                                              1.137         
i_platform/i_rtl/i_system_router/i_munoc_instance_0/i_input_port_with_routinhg_info[0].i_munoc_instance_2/munoc_signal_5_reg[0]/C
                               i_platform/i_rtl/i_snim_i_system_sram_no_name/i_munoc_instance_3/i_munoc_instance_1/i_munoc_instance_0/i_gen_buffer[0].i_munoc_instance_1/data_reg[3][136]/CE
                                                              1.138         
i_platform/i_rtl/i_snim_i_system_ddr_no_name/i_munoc_instance_3/i_munoc_instance_1/i_munoc_instance_0/i_gen_buffer[0].i_munoc_instance_1/i_rindexer/value_reg[5]/C
                               i_platform/i_system_ddr/u_xilinx_ddr3_ctrl_axi32/u_xilinx_ddr3_ctrl_axi32_mig/u_memc_ui_top_axi/u_axi_mc/USE_UPSIZER.upsizer_d2/USE_WRITE.write_data_inst/WORD_LANE[6].USE_ALWAYS_PACKER.BYTE_LANE[1].USE_FPGA_DATA.USE_REGISTER.BIT_LANE[5].FDRE_wdata_inst/D
                                                              1.139         
i_platform/i_rtl/i_snim_i_system_ddr_no_name/i_munoc_instance_3/i_munoc_instance_1/i_munoc_instance_0/i_gen_buffer[0].i_munoc_instance_1/i_rindexer/value_reg[5]/C
                               i_platform/i_system_ddr/u_xilinx_ddr3_ctrl_axi32/u_xilinx_ddr3_ctrl_axi32_mig/u_memc_ui_top_axi/u_axi_mc/USE_UPSIZER.upsizer_d2/USE_WRITE.write_data_inst/WORD_LANE[7].USE_ALWAYS_PACKER.BYTE_LANE[1].USE_FPGA_DATA.USE_REGISTER.BIT_LANE[4].FDRE_wdata_inst/D
                                                              1.139         
i_platform/i_rtl/i_snim_i_system_ddr_no_name/i_munoc_instance_3/i_munoc_instance_1/i_munoc_instance_0/i_gen_buffer[0].i_munoc_instance_1/i_rindexer/value_reg[5]/C
                               i_platform/i_system_ddr/u_xilinx_ddr3_ctrl_axi32/u_xilinx_ddr3_ctrl_axi32_mig/u_memc_ui_top_axi/u_axi_mc/USE_UPSIZER.upsizer_d2/USE_WRITE.write_data_inst/WORD_LANE[7].USE_ALWAYS_PACKER.BYTE_LANE[1].USE_FPGA_DATA.USE_REGISTER.BIT_LANE[7].FDRE_wdata_inst/D
                                                              1.141         
i_platform/i_rtl/i_snim_i_system_ddr_no_name/i_munoc_instance_3/i_munoc_instance_1/i_munoc_instance_0/i_gen_buffer[0].i_munoc_instance_1/i_rindexer/value_reg[5]/C
                               i_platform/i_system_ddr/u_xilinx_ddr3_ctrl_axi32/u_xilinx_ddr3_ctrl_axi32_mig/u_memc_ui_top_axi/u_axi_mc/USE_UPSIZER.upsizer_d2/USE_WRITE.write_data_inst/WORD_LANE[3].USE_ALWAYS_PACKER.BYTE_LANE[0].USE_FPGA_DATA.USE_REGISTER.BIT_LANE[6].FDRE_wdata_inst/D
                                                              1.156         
i_platform/i_rtl/i_snim_i_system_ddr_no_name/i_munoc_instance_3/i_munoc_instance_1/i_munoc_instance_0/i_gen_buffer[0].i_munoc_instance_1/i_rindexer/value_reg[5]/C
                               i_platform/i_system_ddr/u_xilinx_ddr3_ctrl_axi32/u_xilinx_ddr3_ctrl_axi32_mig/u_memc_ui_top_axi/u_axi_mc/USE_UPSIZER.upsizer_d2/USE_WRITE.write_data_inst/WORD_LANE[6].USE_ALWAYS_PACKER.BYTE_LANE[1].USE_FPGA_DATA.USE_REGISTER.BIT_LANE[0].FDRE_wdata_inst/D
                                                              1.156         
i_platform/i_rtl/i_snim_i_system_ddr_no_name/i_munoc_instance_3/i_munoc_instance_1/i_munoc_instance_0/i_gen_buffer[0].i_munoc_instance_1/i_rindexer/value_reg[5]/C
                               i_platform/i_system_ddr/u_xilinx_ddr3_ctrl_axi32/u_xilinx_ddr3_ctrl_axi32_mig/u_memc_ui_top_axi/u_axi_mc/USE_UPSIZER.upsizer_d2/USE_WRITE.write_data_inst/WORD_LANE[6].USE_ALWAYS_PACKER.BYTE_LANE[1].USE_FPGA_DATA.USE_REGISTER.BIT_LANE[2].FDRE_wdata_inst/D
                                                              1.158         
i_platform/i_rtl/i_snim_i_system_ddr_no_name/i_munoc_instance_3/i_munoc_instance_1/i_munoc_instance_0/i_gen_buffer[0].i_munoc_instance_1/i_rindexer/value_reg[5]/C
                               i_platform/i_system_ddr/u_xilinx_ddr3_ctrl_axi32/u_xilinx_ddr3_ctrl_axi32_mig/u_memc_ui_top_axi/u_axi_mc/USE_UPSIZER.upsizer_d2/USE_WRITE.write_data_inst/WORD_LANE[1].USE_ALWAYS_PACKER.BYTE_LANE[1].USE_FPGA_DATA.USE_REGISTER.BIT_LANE[2].FDRE_wdata_inst/D
                                                              1.160         
i_platform/i_rtl/i_snim_i_system_ddr_no_name/i_munoc_instance_3/i_munoc_instance_1/i_munoc_instance_0/i_gen_buffer[0].i_munoc_instance_1/i_rindexer/value_reg[5]/C
                               i_platform/i_system_ddr/u_xilinx_ddr3_ctrl_axi32/u_xilinx_ddr3_ctrl_axi32_mig/u_memc_ui_top_axi/u_axi_mc/USE_UPSIZER.upsizer_d2/USE_WRITE.write_data_inst/WORD_LANE[4].USE_ALWAYS_PACKER.BYTE_LANE[1].USE_FPGA_DATA.USE_REGISTER.BIT_LANE[3].FDRE_wdata_inst/D
                                                              1.162         
i_platform/i_rtl/i_snim_i_system_ddr_no_name/i_munoc_instance_3/i_munoc_instance_1/i_munoc_instance_0/i_gen_buffer[0].i_munoc_instance_1/i_rindexer/value_reg[5]/C
                               i_platform/i_system_ddr/u_xilinx_ddr3_ctrl_axi32/u_xilinx_ddr3_ctrl_axi32_mig/u_memc_ui_top_axi/u_axi_mc/USE_UPSIZER.upsizer_d2/USE_WRITE.write_data_inst/WORD_LANE[3].USE_ALWAYS_PACKER.BYTE_LANE[2].USE_FPGA_DATA.USE_REGISTER.BIT_LANE[1].FDRE_wdata_inst/D
                                                              1.162         
i_platform/i_rtl/i_snim_i_system_ddr_no_name/i_munoc_instance_3/i_munoc_instance_1/i_munoc_instance_0/i_gen_buffer[0].i_munoc_instance_1/i_rindexer/value_reg[5]/C
                               i_platform/i_system_ddr/u_xilinx_ddr3_ctrl_axi32/u_xilinx_ddr3_ctrl_axi32_mig/u_memc_ui_top_axi/u_axi_mc/USE_UPSIZER.upsizer_d2/USE_WRITE.write_data_inst/WORD_LANE[1].USE_ALWAYS_PACKER.BYTE_LANE[1].USE_FPGA_DATA.USE_REGISTER.BIT_LANE[3].FDRE_wdata_inst/D
                                                              1.163         
i_platform/i_rtl/i_snim_i_system_ddr_no_name/i_munoc_instance_3/i_munoc_instance_1/i_munoc_instance_0/i_gen_buffer[0].i_munoc_instance_1/i_rindexer/value_reg[5]/C
                               i_platform/i_system_ddr/u_xilinx_ddr3_ctrl_axi32/u_xilinx_ddr3_ctrl_axi32_mig/u_memc_ui_top_axi/u_axi_mc/USE_UPSIZER.upsizer_d2/USE_WRITE.write_data_inst/WORD_LANE[1].USE_ALWAYS_PACKER.BYTE_LANE[1].USE_FPGA_DATA.USE_REGISTER.BIT_LANE[1].FDRE_wdata_inst/D
                                                              1.163         
i_platform/i_rtl/i_snim_i_system_ddr_no_name/i_munoc_instance_3/i_munoc_instance_1/i_munoc_instance_0/i_gen_buffer[0].i_munoc_instance_1/i_rindexer/value_reg[5]/C
                               i_platform/i_system_ddr/u_xilinx_ddr3_ctrl_axi32/u_xilinx_ddr3_ctrl_axi32_mig/u_memc_ui_top_axi/u_axi_mc/USE_UPSIZER.upsizer_d2/USE_WRITE.write_data_inst/WORD_LANE[4].USE_ALWAYS_PACKER.BYTE_LANE[1].USE_FPGA_DATA.USE_REGISTER.BIT_LANE[2].FDRE_wdata_inst/D
                                                              1.164         
i_platform/i_rtl/i_snim_i_system_ddr_no_name/i_munoc_instance_3/i_munoc_instance_1/i_munoc_instance_0/i_gen_buffer[0].i_munoc_instance_1/i_rindexer/value_reg[5]/C
                               i_platform/i_system_ddr/u_xilinx_ddr3_ctrl_axi32/u_xilinx_ddr3_ctrl_axi32_mig/u_memc_ui_top_axi/u_axi_mc/USE_UPSIZER.upsizer_d2/USE_WRITE.write_data_inst/WORD_LANE[4].USE_ALWAYS_PACKER.BYTE_LANE[1].USE_FPGA_DATA.USE_REGISTER.BIT_LANE[1].FDRE_wdata_inst/D
                                                              1.166         
i_platform/i_rtl/i_snim_i_system_ddr_no_name/i_munoc_instance_3/i_munoc_instance_1/i_munoc_instance_0/i_gen_buffer[0].i_munoc_instance_1/i_rindexer/value_reg[5]/C
                               i_platform/i_system_ddr/u_xilinx_ddr3_ctrl_axi32/u_xilinx_ddr3_ctrl_axi32_mig/u_memc_ui_top_axi/u_axi_mc/USE_UPSIZER.upsizer_d2/USE_WRITE.write_data_inst/WORD_LANE[5].USE_ALWAYS_PACKER.BYTE_LANE[0].USE_FPGA_DATA.USE_REGISTER.BIT_LANE[4].FDRE_wdata_inst/D
                                                              1.167         
i_platform/i_rtl/i_snim_i_system_ddr_no_name/i_munoc_instance_3/i_munoc_instance_1/i_munoc_instance_0/i_gen_buffer[0].i_munoc_instance_1/i_rindexer/value_reg[5]/C
                               i_platform/i_system_ddr/u_xilinx_ddr3_ctrl_axi32/u_xilinx_ddr3_ctrl_axi32_mig/u_memc_ui_top_axi/u_axi_mc/USE_UPSIZER.upsizer_d2/USE_WRITE.write_data_inst/WORD_LANE[2].USE_ALWAYS_PACKER.BYTE_LANE[2].USE_FPGA_DATA.USE_REGISTER.BIT_LANE[1].FDRE_wdata_inst/D
                                                              1.167         
i_platform/i_rtl/i_system_router/i_munoc_instance_0/i_input_port_with_routinhg_info[0].i_munoc_instance_2/munoc_signal_5_reg[0]/C
                               i_platform/i_rtl/i_snim_i_system_sram_no_name/i_munoc_instance_3/i_munoc_instance_1/i_munoc_instance_0/i_gen_buffer[0].i_munoc_instance_1/data_reg[3][132]/CE
                                                              1.173         
i_platform/i_rtl/i_snim_i_system_ddr_no_name/i_munoc_instance_3/i_munoc_instance_1/i_munoc_instance_0/i_gen_buffer[0].i_munoc_instance_1/i_rindexer/value_reg[5]/C
                               i_platform/i_system_ddr/u_xilinx_ddr3_ctrl_axi32/u_xilinx_ddr3_ctrl_axi32_mig/u_memc_ui_top_axi/u_axi_mc/USE_UPSIZER.upsizer_d2/USE_WRITE.write_data_inst/WORD_LANE[6].USE_ALWAYS_PACKER.BYTE_LANE[1].USE_FPGA_DATA.USE_REGISTER.BIT_LANE[6].FDRE_wdata_inst/D
                                                              1.175         
i_platform/i_rtl/i_snim_i_system_ddr_no_name/i_munoc_instance_3/i_munoc_instance_1/i_munoc_instance_0/i_gen_buffer[0].i_munoc_instance_1/i_rindexer/value_reg[5]/C
                               i_platform/i_system_ddr/u_xilinx_ddr3_ctrl_axi32/u_xilinx_ddr3_ctrl_axi32_mig/u_memc_ui_top_axi/u_axi_mc/USE_UPSIZER.upsizer_d2/USE_WRITE.write_data_inst/WORD_LANE[5].USE_ALWAYS_PACKER.BYTE_LANE[3].USE_FPGA_DATA.USE_REGISTER.BIT_LANE[1].FDRE_wdata_inst/D
                                                              1.175         
i_platform/i_rtl/i_snim_i_system_ddr_no_name/i_munoc_instance_3/i_munoc_instance_1/i_munoc_instance_0/i_gen_buffer[0].i_munoc_instance_1/i_rindexer/value_reg[5]/C
                               i_platform/i_system_ddr/u_xilinx_ddr3_ctrl_axi32/u_xilinx_ddr3_ctrl_axi32_mig/u_memc_ui_top_axi/u_axi_mc/USE_UPSIZER.upsizer_d2/USE_WRITE.write_data_inst/WORD_LANE[6].USE_ALWAYS_PACKER.BYTE_LANE[0].USE_FPGA_DATA.USE_REGISTER.BIT_LANE[1].FDRE_wdata_inst/D
                                                              1.175         
i_platform/i_rtl/i_snim_i_system_ddr_no_name/i_munoc_instance_3/i_munoc_instance_1/i_munoc_instance_0/i_gen_buffer[0].i_munoc_instance_1/i_rindexer/value_reg[5]/C
                               i_platform/i_system_ddr/u_xilinx_ddr3_ctrl_axi32/u_xilinx_ddr3_ctrl_axi32_mig/u_memc_ui_top_axi/u_axi_mc/USE_UPSIZER.upsizer_d2/USE_WRITE.write_data_inst/WORD_LANE[4].USE_ALWAYS_PACKER.BYTE_LANE[1].USE_FPGA_DATA.USE_REGISTER.BIT_LANE[0].FDRE_wdata_inst/D
                                                              1.177         
i_platform/i_rtl/i_snim_i_system_ddr_no_name/i_munoc_instance_3/i_munoc_instance_1/i_munoc_instance_0/i_gen_buffer[0].i_munoc_instance_1/i_rindexer/value_reg[5]/C
                               i_platform/i_system_ddr/u_xilinx_ddr3_ctrl_axi32/u_xilinx_ddr3_ctrl_axi32_mig/u_memc_ui_top_axi/u_axi_mc/USE_UPSIZER.upsizer_d2/USE_WRITE.write_data_inst/WORD_LANE[5].USE_ALWAYS_PACKER.BYTE_LANE[0].USE_FPGA_DATA.USE_REGISTER.BIT_LANE[2].FDRE_wdata_inst/D
                                                              1.178         
i_platform/i_rtl/i_snim_i_system_sram_no_name/i_munoc_instance_3/i_munoc_instance_2/i_munoc_instance_0/munoc_signal_01_reg[3]/C
                               i_platform/i_system_sram/generate_cell[0].i_cell/i_write_bit[1].memory_reg_18/DIADI[0]
                                                              1.178         
i_platform/i_rtl/i_system_router/i_munoc_instance_0/i_input_port_with_routinhg_info[0].i_munoc_instance_2/munoc_signal_5_reg[0]/C
                               i_platform/i_rtl/i_snim_i_system_sram_no_name/i_munoc_instance_3/i_munoc_instance_1/i_munoc_instance_0/i_gen_buffer[0].i_munoc_instance_1/data_reg[3][130]/CE
                                                              1.178         
i_platform/i_rtl/i_system_router/i_munoc_instance_0/i_input_port_with_routinhg_info[0].i_munoc_instance_2/munoc_signal_5_reg[0]/C
                               i_platform/i_rtl/i_snim_i_system_sram_no_name/i_munoc_instance_3/i_munoc_instance_1/i_munoc_instance_0/i_gen_buffer[0].i_munoc_instance_1/data_reg[3][135]/CE
                                                              1.181         
i_platform/i_rtl/i_snim_i_system_ddr_no_name/i_munoc_instance_3/i_munoc_instance_1/i_munoc_instance_0/i_gen_buffer[0].i_munoc_instance_1/i_rindexer/value_reg[5]/C
                               i_platform/i_system_ddr/u_xilinx_ddr3_ctrl_axi32/u_xilinx_ddr3_ctrl_axi32_mig/u_memc_ui_top_axi/u_axi_mc/USE_UPSIZER.upsizer_d2/USE_WRITE.write_data_inst/WORD_LANE[5].USE_ALWAYS_PACKER.BYTE_LANE[0].USE_FPGA_DATA.USE_REGISTER.BIT_LANE[6].FDRE_wdata_inst/D
                                                              1.184         
i_platform/i_rtl/i_snim_i_system_ddr_no_name/i_munoc_instance_3/i_munoc_instance_1/i_munoc_instance_0/i_gen_buffer[0].i_munoc_instance_1/i_rindexer/value_reg[5]/C
                               i_platform/i_system_ddr/u_xilinx_ddr3_ctrl_axi32/u_xilinx_ddr3_ctrl_axi32_mig/u_memc_ui_top_axi/u_axi_mc/USE_UPSIZER.upsizer_d2/USE_WRITE.write_data_inst/WORD_LANE[5].USE_ALWAYS_PACKER.BYTE_LANE[0].USE_FPGA_DATA.USE_REGISTER.BIT_LANE[5].FDRE_wdata_inst/D
                                                              1.185         
i_platform/i_rtl/i_snim_i_system_ddr_no_name/i_munoc_instance_3/i_munoc_instance_1/i_munoc_instance_0/i_gen_buffer[0].i_munoc_instance_1/i_rindexer/value_reg[5]/C
                               i_platform/i_system_ddr/u_xilinx_ddr3_ctrl_axi32/u_xilinx_ddr3_ctrl_axi32_mig/u_memc_ui_top_axi/u_axi_mc/USE_UPSIZER.upsizer_d2/USE_WRITE.write_data_inst/WORD_LANE[3].USE_ALWAYS_PACKER.BYTE_LANE[3].USE_FPGA_DATA.USE_REGISTER.BIT_LANE[0].FDRE_wdata_inst/D
                                                              1.193         
i_platform/i_rtl/i_snim_i_system_ddr_no_name/i_munoc_instance_3/i_munoc_instance_1/i_munoc_instance_0/i_gen_buffer[0].i_munoc_instance_1/i_rindexer/value_reg[5]/C
                               i_platform/i_system_ddr/u_xilinx_ddr3_ctrl_axi32/u_xilinx_ddr3_ctrl_axi32_mig/u_memc_ui_top_axi/u_axi_mc/USE_UPSIZER.upsizer_d2/USE_WRITE.write_data_inst/WORD_LANE[4].USE_ALWAYS_PACKER.BYTE_LANE[0].USE_FPGA_DATA.USE_REGISTER.BIT_LANE[5].FDRE_wdata_inst/D
                                                              1.198         
i_platform/i_rtl/i_snim_i_system_ddr_no_name/i_munoc_instance_3/i_munoc_instance_1/i_munoc_instance_0/i_gen_buffer[0].i_munoc_instance_1/i_rindexer/value_reg[5]/C
                               i_platform/i_system_ddr/u_xilinx_ddr3_ctrl_axi32/u_xilinx_ddr3_ctrl_axi32_mig/u_memc_ui_top_axi/u_axi_mc/USE_UPSIZER.upsizer_d2/USE_WRITE.write_data_inst/WORD_LANE[5].USE_ALWAYS_PACKER.BYTE_LANE[0].USE_FPGA_DATA.USE_REGISTER.BIT_LANE[1].FDRE_wdata_inst/D
                                                              1.205         
i_platform/i_rtl/i_snim_i_system_ddr_no_name/i_munoc_instance_3/i_munoc_instance_1/i_munoc_instance_0/i_gen_buffer[0].i_munoc_instance_1/i_rindexer/value_reg[5]/C
                               i_platform/i_system_ddr/u_xilinx_ddr3_ctrl_axi32/u_xilinx_ddr3_ctrl_axi32_mig/u_memc_ui_top_axi/u_axi_mc/USE_UPSIZER.upsizer_d2/USE_WRITE.write_data_inst/WORD_LANE[5].USE_ALWAYS_PACKER.BYTE_LANE[3].USE_FPGA_DATA.USE_REGISTER.BIT_LANE[7].FDRE_wdata_inst/D
                                                              1.205         
i_platform/i_rtl/i_snim_i_system_ddr_no_name/i_munoc_instance_3/i_munoc_instance_1/i_munoc_instance_0/i_gen_buffer[0].i_munoc_instance_1/i_rindexer/value_reg[5]/C
                               i_platform/i_system_ddr/u_xilinx_ddr3_ctrl_axi32/u_xilinx_ddr3_ctrl_axi32_mig/u_memc_ui_top_axi/u_axi_mc/USE_UPSIZER.upsizer_d2/USE_WRITE.write_data_inst/WORD_LANE[5].USE_ALWAYS_PACKER.BYTE_LANE[0].USE_FPGA_DATA.USE_REGISTER.BIT_LANE[0].FDRE_wdata_inst/D
                                                              1.206         
i_platform/i_rtl/i_snim_i_system_ddr_no_name/i_munoc_instance_3/i_munoc_instance_1/i_munoc_instance_0/i_gen_buffer[0].i_munoc_instance_1/i_rindexer/value_reg[5]/C
                               i_platform/i_system_ddr/u_xilinx_ddr3_ctrl_axi32/u_xilinx_ddr3_ctrl_axi32_mig/u_memc_ui_top_axi/u_axi_mc/USE_UPSIZER.upsizer_d2/USE_WRITE.write_data_inst/WORD_LANE[7].USE_ALWAYS_PACKER.BYTE_LANE[1].USE_FPGA_DATA.USE_REGISTER.BIT_LANE[3].FDRE_wdata_inst/D
                                                              1.207         
i_platform/i_rtl/i_snim_i_system_ddr_no_name/i_munoc_instance_3/i_munoc_instance_1/i_munoc_instance_0/i_gen_buffer[0].i_munoc_instance_1/i_rindexer/value_reg[5]/C
                               i_platform/i_system_ddr/u_xilinx_ddr3_ctrl_axi32/u_xilinx_ddr3_ctrl_axi32_mig/u_memc_ui_top_axi/u_axi_mc/USE_UPSIZER.upsizer_d2/USE_WRITE.write_data_inst/WORD_LANE[5].USE_ALWAYS_PACKER.BYTE_LANE[0].USE_FPGA_DATA.BIT_LANE[2].FDRE_wdata_inst/D
                                                              1.212         
i_platform/i_rtl/i_snim_i_system_ddr_no_name/i_munoc_instance_3/i_munoc_instance_1/i_munoc_instance_0/i_gen_buffer[0].i_munoc_instance_1/i_rindexer/value_reg[5]/C
                               i_platform/i_system_ddr/u_xilinx_ddr3_ctrl_axi32/u_xilinx_ddr3_ctrl_axi32_mig/u_memc_ui_top_axi/u_axi_mc/USE_UPSIZER.upsizer_d2/USE_WRITE.write_data_inst/WORD_LANE[5].USE_ALWAYS_PACKER.BYTE_LANE[0].USE_FPGA_DATA.USE_REGISTER.BIT_LANE[3].FDRE_wdata_inst/D
                                                              1.212         
i_platform/i_rtl/i_snim_i_system_ddr_no_name/i_munoc_instance_3/i_munoc_instance_1/i_munoc_instance_0/i_gen_buffer[0].i_munoc_instance_1/i_rindexer/value_reg[5]/C
                               i_platform/i_system_ddr/u_xilinx_ddr3_ctrl_axi32/u_xilinx_ddr3_ctrl_axi32_mig/u_memc_ui_top_axi/u_axi_mc/USE_UPSIZER.upsizer_d2/USE_WRITE.write_data_inst/WORD_LANE[5].USE_ALWAYS_PACKER.BYTE_LANE[2].USE_FPGA_DATA.USE_REGISTER.BIT_LANE[4].FDRE_wdata_inst/D
                                                              1.214         
i_platform/i_rtl/i_snim_i_system_ddr_no_name/i_munoc_instance_3/i_munoc_instance_1/i_munoc_instance_0/i_gen_buffer[0].i_munoc_instance_1/i_rindexer/value_reg[5]/C
                               i_platform/i_system_ddr/u_xilinx_ddr3_ctrl_axi32/u_xilinx_ddr3_ctrl_axi32_mig/u_memc_ui_top_axi/u_axi_mc/USE_UPSIZER.upsizer_d2/USE_WRITE.write_data_inst/WORD_LANE[3].USE_ALWAYS_PACKER.BYTE_LANE[3].USE_FPGA_DATA.USE_REGISTER.BIT_LANE[7].FDRE_wdata_inst/D
                                                              1.215         
i_platform/i_rtl/i_snim_i_system_ddr_no_name/i_munoc_instance_3/i_munoc_instance_1/i_munoc_instance_0/i_gen_buffer[0].i_munoc_instance_1/i_rindexer/value_reg[5]/C
                               i_platform/i_system_ddr/u_xilinx_ddr3_ctrl_axi32/u_xilinx_ddr3_ctrl_axi32_mig/u_memc_ui_top_axi/u_axi_mc/USE_UPSIZER.upsizer_d2/USE_WRITE.write_data_inst/WORD_LANE[1].USE_ALWAYS_PACKER.BYTE_LANE[2].USE_FPGA_DATA.USE_REGISTER.BIT_LANE[5].FDRE_wdata_inst/D
                                                              1.217         
i_platform/i_rtl/i_snim_i_system_ddr_no_name/i_munoc_instance_3/i_munoc_instance_1/i_munoc_instance_0/i_gen_buffer[0].i_munoc_instance_1/i_rindexer/value_reg[5]/C
                               i_platform/i_system_ddr/u_xilinx_ddr3_ctrl_axi32/u_xilinx_ddr3_ctrl_axi32_mig/u_memc_ui_top_axi/u_axi_mc/USE_UPSIZER.upsizer_d2/USE_WRITE.write_data_inst/WORD_LANE[1].USE_ALWAYS_PACKER.BYTE_LANE[0].USE_FPGA_DATA.USE_REGISTER.BIT_LANE[0].FDRE_wdata_inst/D
                                                              1.221         
i_platform/i_rtl/i_snim_i_system_ddr_no_name/i_munoc_instance_3/i_munoc_instance_1/i_munoc_instance_0/i_gen_buffer[0].i_munoc_instance_1/i_rindexer/value_reg[5]/C
                               i_platform/i_system_ddr/u_xilinx_ddr3_ctrl_axi32/u_xilinx_ddr3_ctrl_axi32_mig/u_memc_ui_top_axi/u_axi_mc/USE_UPSIZER.upsizer_d2/USE_WRITE.write_data_inst/WORD_LANE[1].USE_ALWAYS_PACKER.BYTE_LANE[0].USE_FPGA_DATA.USE_REGISTER.BIT_LANE[2].FDRE_wdata_inst/D
                                                              1.221         
i_platform/i_rtl/i_snim_i_system_ddr_no_name/i_munoc_instance_3/i_munoc_instance_1/i_munoc_instance_0/i_gen_buffer[0].i_munoc_instance_1/i_rindexer/value_reg[5]/C
                               i_platform/i_system_ddr/u_xilinx_ddr3_ctrl_axi32/u_xilinx_ddr3_ctrl_axi32_mig/u_memc_ui_top_axi/u_axi_mc/USE_UPSIZER.upsizer_d2/USE_WRITE.write_data_inst/WORD_LANE[3].USE_ALWAYS_PACKER.BYTE_LANE[0].USE_FPGA_DATA.USE_REGISTER.BIT_LANE[4].FDRE_wdata_inst/D
                                                              1.224         
i_platform/i_rtl/i_snim_i_system_ddr_no_name/i_munoc_instance_3/i_munoc_instance_1/i_munoc_instance_0/i_gen_buffer[0].i_munoc_instance_1/i_rindexer/value_reg[5]/C
                               i_platform/i_system_ddr/u_xilinx_ddr3_ctrl_axi32/u_xilinx_ddr3_ctrl_axi32_mig/u_memc_ui_top_axi/u_axi_mc/USE_UPSIZER.upsizer_d2/USE_WRITE.write_data_inst/WORD_LANE[6].USE_ALWAYS_PACKER.BYTE_LANE[0].USE_FPGA_DATA.USE_REGISTER.BIT_LANE[7].FDRE_wdata_inst/D
                                                              1.224         
i_platform/i_rtl/i_snim_i_system_ddr_no_name/i_munoc_instance_3/i_munoc_instance_1/i_munoc_instance_0/i_gen_buffer[0].i_munoc_instance_1/i_rindexer/value_reg[5]/C
                               i_platform/i_system_ddr/u_xilinx_ddr3_ctrl_axi32/u_xilinx_ddr3_ctrl_axi32_mig/u_memc_ui_top_axi/u_axi_mc/USE_UPSIZER.upsizer_d2/USE_WRITE.write_data_inst/WORD_LANE[1].USE_ALWAYS_PACKER.BYTE_LANE[3].USE_FPGA_DATA.USE_REGISTER.BIT_LANE[2].FDRE_wdata_inst/D
                                                              1.225         
i_platform/i_rtl/i_snim_i_system_ddr_no_name/i_munoc_instance_3/i_munoc_instance_1/i_munoc_instance_0/i_gen_buffer[0].i_munoc_instance_1/i_rindexer/value_reg[5]/C
                               i_platform/i_system_ddr/u_xilinx_ddr3_ctrl_axi32/u_xilinx_ddr3_ctrl_axi32_mig/u_memc_ui_top_axi/u_axi_mc/USE_UPSIZER.upsizer_d2/USE_WRITE.write_data_inst/WORD_LANE[3].USE_ALWAYS_PACKER.BYTE_LANE[3].USE_FPGA_DATA.USE_REGISTER.BIT_LANE[3].FDRE_wdata_inst/D
                                                              1.226         
i_platform/i_rtl/i_snim_i_system_ddr_no_name/i_munoc_instance_3/i_munoc_instance_1/i_munoc_instance_0/i_gen_buffer[0].i_munoc_instance_1/i_rindexer/value_reg[5]/C
                               i_platform/i_system_ddr/u_xilinx_ddr3_ctrl_axi32/u_xilinx_ddr3_ctrl_axi32_mig/u_memc_ui_top_axi/u_axi_mc/USE_UPSIZER.upsizer_d2/USE_WRITE.write_data_inst/WORD_LANE[6].USE_ALWAYS_PACKER.BYTE_LANE[0].USE_FPGA_DATA.USE_REGISTER.BIT_LANE[6].FDRE_wdata_inst/D
                                                              1.227         
i_platform/i_rtl/i_snim_i_system_ddr_no_name/i_munoc_instance_3/i_munoc_instance_1/i_munoc_instance_0/i_gen_buffer[0].i_munoc_instance_1/i_rindexer/value_reg[5]/C
                               i_platform/i_system_ddr/u_xilinx_ddr3_ctrl_axi32/u_xilinx_ddr3_ctrl_axi32_mig/u_memc_ui_top_axi/u_axi_mc/USE_UPSIZER.upsizer_d2/USE_WRITE.write_data_inst/WORD_LANE[2].USE_ALWAYS_PACKER.BYTE_LANE[2].USE_FPGA_DATA.USE_REGISTER.BIT_LANE[3].FDRE_wdata_inst/D
                                                              1.227         
i_platform/i_rtl/i_snim_i_system_ddr_no_name/i_munoc_instance_3/i_munoc_instance_1/i_munoc_instance_0/i_gen_buffer[0].i_munoc_instance_1/i_rindexer/value_reg[5]/C
                               i_platform/i_system_ddr/u_xilinx_ddr3_ctrl_axi32/u_xilinx_ddr3_ctrl_axi32_mig/u_memc_ui_top_axi/u_axi_mc/USE_UPSIZER.upsizer_d2/USE_WRITE.write_data_inst/WORD_LANE[3].USE_ALWAYS_PACKER.BYTE_LANE[2].USE_FPGA_DATA.USE_REGISTER.BIT_LANE[2].FDRE_wdata_inst/D
                                                              1.230         
i_platform/i_rtl/i_snim_i_system_ddr_no_name/i_munoc_instance_3/i_munoc_instance_1/i_munoc_instance_0/i_gen_buffer[0].i_munoc_instance_1/i_rindexer/value_reg[5]/C
                               i_platform/i_system_ddr/u_xilinx_ddr3_ctrl_axi32/u_xilinx_ddr3_ctrl_axi32_mig/u_memc_ui_top_axi/u_axi_mc/USE_UPSIZER.upsizer_d2/USE_WRITE.write_data_inst/WORD_LANE[1].USE_ALWAYS_PACKER.BYTE_LANE[0].USE_FPGA_DATA.USE_REGISTER.BIT_LANE[7].FDRE_wdata_inst/D
                                                              1.231         
i_platform/i_rtl/i_snim_i_system_ddr_no_name/i_munoc_instance_3/i_munoc_instance_1/i_munoc_instance_0/i_gen_buffer[0].i_munoc_instance_1/i_rindexer/value_reg[5]/C
                               i_platform/i_system_ddr/u_xilinx_ddr3_ctrl_axi32/u_xilinx_ddr3_ctrl_axi32_mig/u_memc_ui_top_axi/u_axi_mc/USE_UPSIZER.upsizer_d2/USE_WRITE.write_data_inst/WORD_LANE[3].USE_ALWAYS_PACKER.BYTE_LANE[2].USE_FPGA_DATA.USE_REGISTER.BIT_LANE[4].FDRE_wdata_inst/D
                                                              1.231         
i_platform/i_rtl/i_snim_i_system_ddr_no_name/i_munoc_instance_3/i_munoc_instance_1/i_munoc_instance_0/i_gen_buffer[0].i_munoc_instance_1/i_rindexer/value_reg[5]/C
                               i_platform/i_system_ddr/u_xilinx_ddr3_ctrl_axi32/u_xilinx_ddr3_ctrl_axi32_mig/u_memc_ui_top_axi/u_axi_mc/USE_UPSIZER.upsizer_d2/USE_WRITE.write_data_inst/WORD_LANE[1].USE_ALWAYS_PACKER.BYTE_LANE[2].USE_FPGA_DATA.USE_REGISTER.BIT_LANE[2].FDRE_wdata_inst/D
                                                              1.231         
i_platform/i_rtl/i_snim_i_system_ddr_no_name/i_munoc_instance_3/i_munoc_instance_1/i_munoc_instance_0/i_gen_buffer[0].i_munoc_instance_1/i_rindexer/value_reg[5]/C
                               i_platform/i_system_ddr/u_xilinx_ddr3_ctrl_axi32/u_xilinx_ddr3_ctrl_axi32_mig/u_memc_ui_top_axi/u_axi_mc/USE_UPSIZER.upsizer_d2/USE_WRITE.write_data_inst/WORD_LANE[3].USE_ALWAYS_PACKER.BYTE_LANE[1].USE_FPGA_DATA.USE_REGISTER.BIT_LANE[0].FDRE_wdata_inst/D
                                                              1.234         
i_platform/i_rtl/i_snim_i_system_ddr_no_name/i_munoc_instance_3/i_munoc_instance_1/i_munoc_instance_0/i_gen_buffer[0].i_munoc_instance_1/i_rindexer/value_reg[5]/C
                               i_platform/i_system_ddr/u_xilinx_ddr3_ctrl_axi32/u_xilinx_ddr3_ctrl_axi32_mig/u_memc_ui_top_axi/u_axi_mc/USE_UPSIZER.upsizer_d2/USE_WRITE.write_data_inst/WORD_LANE[3].USE_ALWAYS_PACKER.BYTE_LANE[2].USE_FPGA_DATA.USE_REGISTER.BIT_LANE[5].FDRE_wdata_inst/D
                                                              1.234         
i_platform/i_rtl/i_snim_i_system_ddr_no_name/i_munoc_instance_3/i_munoc_instance_1/i_munoc_instance_0/i_gen_buffer[0].i_munoc_instance_1/i_rindexer/value_reg[5]/C
                               i_platform/i_system_ddr/u_xilinx_ddr3_ctrl_axi32/u_xilinx_ddr3_ctrl_axi32_mig/u_memc_ui_top_axi/u_axi_mc/USE_UPSIZER.upsizer_d2/USE_WRITE.write_data_inst/WORD_LANE[6].USE_ALWAYS_PACKER.BYTE_LANE[0].USE_FPGA_DATA.USE_REGISTER.BIT_LANE[0].FDRE_wdata_inst/D
                                                              1.239         
i_platform/i_rtl/i_snim_i_system_ddr_no_name/i_munoc_instance_3/i_munoc_instance_1/i_munoc_instance_0/i_gen_buffer[0].i_munoc_instance_1/i_rindexer/value_reg[5]/C
                               i_platform/i_system_ddr/u_xilinx_ddr3_ctrl_axi32/u_xilinx_ddr3_ctrl_axi32_mig/u_memc_ui_top_axi/u_axi_mc/USE_UPSIZER.upsizer_d2/USE_WRITE.write_data_inst/WORD_LANE[3].USE_ALWAYS_PACKER.BYTE_LANE[0].USE_FPGA_DATA.USE_REGISTER.BIT_LANE[0].FDRE_wdata_inst/D
                                                              1.245         
i_platform/i_rtl/i_system_router/i_munoc_instance_0/i_input_port_with_routinhg_info[0].i_munoc_instance_2/munoc_signal_5_reg[0]/C
                               i_platform/i_rtl/i_snim_i_system_sram_no_name/i_munoc_instance_3/i_munoc_instance_1/i_munoc_instance_0/i_gen_buffer[0].i_munoc_instance_1/data_reg[2][133]/CE
                                                              1.247         
i_platform/i_rtl/i_snim_i_system_ddr_no_name/i_munoc_instance_3/i_munoc_instance_1/i_munoc_instance_0/i_gen_buffer[0].i_munoc_instance_1/i_rindexer/value_reg[5]/C
                               i_platform/i_system_ddr/u_xilinx_ddr3_ctrl_axi32/u_xilinx_ddr3_ctrl_axi32_mig/u_memc_ui_top_axi/u_axi_mc/USE_UPSIZER.upsizer_d2/USE_WRITE.write_data_inst/WORD_LANE[7].USE_ALWAYS_PACKER.BYTE_LANE[1].USE_FPGA_DATA.USE_REGISTER.BIT_LANE[5].FDRE_wdata_inst/D
                                                              1.247         
i_platform/i_rtl/i_snim_i_system_ddr_no_name/i_munoc_instance_3/i_munoc_instance_1/i_munoc_instance_0/i_gen_buffer[0].i_munoc_instance_1/i_rindexer/value_reg[5]/C
                               i_platform/i_system_ddr/u_xilinx_ddr3_ctrl_axi32/u_xilinx_ddr3_ctrl_axi32_mig/u_memc_ui_top_axi/u_axi_mc/USE_UPSIZER.upsizer_d2/USE_WRITE.write_data_inst/WORD_LANE[3].USE_ALWAYS_PACKER.BYTE_LANE[0].USE_FPGA_DATA.USE_REGISTER.BIT_LANE[1].FDRE_wdata_inst/D
                                                              1.248         
i_platform/i_rtl/i_snim_i_system_ddr_no_name/i_munoc_instance_3/i_munoc_instance_1/i_munoc_instance_0/i_gen_buffer[0].i_munoc_instance_1/i_rindexer/value_reg[5]/C
                               i_platform/i_system_ddr/u_xilinx_ddr3_ctrl_axi32/u_xilinx_ddr3_ctrl_axi32_mig/u_memc_ui_top_axi/u_axi_mc/USE_UPSIZER.upsizer_d2/USE_WRITE.write_data_inst/WORD_LANE[7].USE_ALWAYS_PACKER.BYTE_LANE[1].USE_FPGA_DATA.USE_REGISTER.BIT_LANE[6].FDRE_wdata_inst/D
                                                              1.248         
i_platform/i_rtl/i_snim_i_system_ddr_no_name/i_munoc_instance_3/i_munoc_instance_1/i_munoc_instance_0/i_gen_buffer[0].i_munoc_instance_1/i_rindexer/value_reg[5]/C
                               i_platform/i_system_ddr/u_xilinx_ddr3_ctrl_axi32/u_xilinx_ddr3_ctrl_axi32_mig/u_memc_ui_top_axi/u_axi_mc/USE_UPSIZER.upsizer_d2/USE_WRITE.write_data_inst/WORD_LANE[3].USE_ALWAYS_PACKER.BYTE_LANE[0].USE_FPGA_DATA.USE_REGISTER.BIT_LANE[3].FDRE_wdata_inst/D
                                                              1.249         
i_platform/i_rtl/i_snim_i_system_ddr_no_name/i_munoc_instance_3/i_munoc_instance_1/i_munoc_instance_0/i_gen_buffer[0].i_munoc_instance_1/i_rindexer/value_reg[5]/C
                               i_platform/i_system_ddr/u_xilinx_ddr3_ctrl_axi32/u_xilinx_ddr3_ctrl_axi32_mig/u_memc_ui_top_axi/u_axi_mc/USE_UPSIZER.upsizer_d2/USE_WRITE.write_data_inst/WORD_LANE[1].USE_ALWAYS_PACKER.BYTE_LANE[0].USE_FPGA_DATA.USE_REGISTER.BIT_LANE[5].FDRE_wdata_inst/D
                                                              1.249         
i_platform/i_rtl/i_snim_i_system_ddr_no_name/i_munoc_instance_3/i_munoc_instance_1/i_munoc_instance_0/i_gen_buffer[0].i_munoc_instance_1/i_rindexer/value_reg[5]/C
                               i_platform/i_system_ddr/u_xilinx_ddr3_ctrl_axi32/u_xilinx_ddr3_ctrl_axi32_mig/u_memc_ui_top_axi/u_axi_mc/USE_UPSIZER.upsizer_d2/USE_WRITE.write_data_inst/WORD_LANE[5].USE_ALWAYS_PACKER.BYTE_LANE[3].USE_FPGA_DATA.USE_REGISTER.BIT_LANE[6].FDRE_wdata_inst/D
                                                              1.250         
i_platform/i_rtl/i_snim_i_system_ddr_no_name/i_munoc_instance_3/i_munoc_instance_1/i_munoc_instance_0/i_gen_buffer[0].i_munoc_instance_1/i_rindexer/value_reg[5]/C
                               i_platform/i_system_ddr/u_xilinx_ddr3_ctrl_axi32/u_xilinx_ddr3_ctrl_axi32_mig/u_memc_ui_top_axi/u_axi_mc/USE_UPSIZER.upsizer_d2/USE_WRITE.write_data_inst/WORD_LANE[7].USE_ALWAYS_PACKER.BYTE_LANE[1].USE_FPGA_DATA.USE_REGISTER.BIT_LANE[0].FDRE_wdata_inst/D
                                                              1.251         
i_platform/i_rtl/i_snim_i_system_ddr_no_name/i_munoc_instance_3/i_munoc_instance_1/i_munoc_instance_0/i_gen_buffer[0].i_munoc_instance_1/i_rindexer/value_reg[5]/C
                               i_platform/i_system_ddr/u_xilinx_ddr3_ctrl_axi32/u_xilinx_ddr3_ctrl_axi32_mig/u_memc_ui_top_axi/u_axi_mc/USE_UPSIZER.upsizer_d2/USE_WRITE.write_data_inst/WORD_LANE[7].USE_ALWAYS_PACKER.BYTE_LANE[1].USE_FPGA_DATA.USE_REGISTER.BIT_LANE[1].FDRE_wdata_inst/D
                                                              1.251         
i_platform/i_rtl/i_snim_i_system_ddr_no_name/i_munoc_instance_3/i_munoc_instance_1/i_munoc_instance_0/i_gen_buffer[0].i_munoc_instance_1/i_rindexer/value_reg[5]/C
                               i_platform/i_system_ddr/u_xilinx_ddr3_ctrl_axi32/u_xilinx_ddr3_ctrl_axi32_mig/u_memc_ui_top_axi/u_axi_mc/USE_UPSIZER.upsizer_d2/USE_WRITE.write_data_inst/WORD_LANE[0].USE_ALWAYS_PACKER.BYTE_LANE[1].USE_FPGA_DATA.USE_REGISTER.BIT_LANE[7].FDRE_wdata_inst/D
                                                              1.251         
i_platform/i_rtl/i_snim_i_system_ddr_no_name/i_munoc_instance_3/i_munoc_instance_1/i_munoc_instance_0/i_gen_buffer[0].i_munoc_instance_1/i_rindexer/value_reg[5]/C
                               i_platform/i_system_ddr/u_xilinx_ddr3_ctrl_axi32/u_xilinx_ddr3_ctrl_axi32_mig/u_memc_ui_top_axi/u_axi_mc/USE_UPSIZER.upsizer_d2/USE_WRITE.write_data_inst/WORD_LANE[0].USE_ALWAYS_PACKER.BYTE_LANE[0].USE_FPGA_DATA.BIT_LANE[4].FDRE_wdata_inst/D
                                                              1.252         
i_platform/i_rtl/i_snim_i_system_ddr_no_name/i_munoc_instance_3/i_munoc_instance_1/i_munoc_instance_0/i_gen_buffer[0].i_munoc_instance_1/i_rindexer/value_reg[5]/C
                               i_platform/i_system_ddr/u_xilinx_ddr3_ctrl_axi32/u_xilinx_ddr3_ctrl_axi32_mig/u_memc_ui_top_axi/u_axi_mc/USE_UPSIZER.upsizer_d2/USE_WRITE.write_data_inst/WORD_LANE[0].USE_ALWAYS_PACKER.BYTE_LANE[1].USE_FPGA_DATA.USE_REGISTER.BIT_LANE[6].FDRE_wdata_inst/D
                                                              1.253         
i_platform/i_rtl/i_snim_i_system_ddr_no_name/i_munoc_instance_3/i_munoc_instance_1/i_munoc_instance_0/i_gen_buffer[0].i_munoc_instance_1/i_rindexer/value_reg[5]/C
                               i_platform/i_system_ddr/u_xilinx_ddr3_ctrl_axi32/u_xilinx_ddr3_ctrl_axi32_mig/u_memc_ui_top_axi/u_axi_mc/USE_UPSIZER.upsizer_d2/USE_WRITE.write_data_inst/WORD_LANE[5].USE_ALWAYS_PACKER.BYTE_LANE[0].USE_FPGA_DATA.USE_REGISTER.BIT_LANE[7].FDRE_wdata_inst/D
                                                              1.254         
i_platform/i_rtl/i_snim_i_system_ddr_no_name/i_munoc_instance_3/i_munoc_instance_1/i_munoc_instance_0/i_gen_buffer[0].i_munoc_instance_1/i_rindexer/value_reg[5]/C
                               i_platform/i_system_ddr/u_xilinx_ddr3_ctrl_axi32/u_xilinx_ddr3_ctrl_axi32_mig/u_memc_ui_top_axi/u_axi_mc/USE_UPSIZER.upsizer_d2/USE_WRITE.write_data_inst/WORD_LANE[5].USE_ALWAYS_PACKER.BYTE_LANE[3].USE_FPGA_DATA.USE_REGISTER.BIT_LANE[3].FDRE_wdata_inst/D
                                                              1.254         
i_platform/i_rtl/i_snim_i_system_ddr_no_name/i_munoc_instance_3/i_munoc_instance_1/i_munoc_instance_0/i_gen_buffer[0].i_munoc_instance_1/i_rindexer/value_reg[5]/C
                               i_platform/i_system_ddr/u_xilinx_ddr3_ctrl_axi32/u_xilinx_ddr3_ctrl_axi32_mig/u_memc_ui_top_axi/u_axi_mc/USE_UPSIZER.upsizer_d2/USE_WRITE.write_data_inst/WORD_LANE[5].USE_ALWAYS_PACKER.BYTE_LANE[3].USE_FPGA_DATA.USE_REGISTER.BIT_LANE[0].FDRE_wdata_inst/D
                                                              1.254         
i_platform/i_rtl/i_snim_i_system_ddr_no_name/i_munoc_instance_3/i_munoc_instance_1/i_munoc_instance_0/i_gen_buffer[0].i_munoc_instance_1/i_rindexer/value_reg[5]/C
                               i_platform/i_system_ddr/u_xilinx_ddr3_ctrl_axi32/u_xilinx_ddr3_ctrl_axi32_mig/u_memc_ui_top_axi/u_axi_mc/USE_UPSIZER.upsizer_d2/USE_WRITE.write_data_inst/WORD_LANE[5].USE_ALWAYS_PACKER.BYTE_LANE[3].USE_FPGA_DATA.USE_REGISTER.BIT_LANE[5].FDRE_wdata_inst/D
                                                              1.255         
i_platform/i_rtl/i_snim_i_system_ddr_no_name/i_munoc_instance_3/i_munoc_instance_1/i_munoc_instance_0/i_gen_buffer[0].i_munoc_instance_1/i_rindexer/value_reg[5]/C
                               i_platform/i_system_ddr/u_xilinx_ddr3_ctrl_axi32/u_xilinx_ddr3_ctrl_axi32_mig/u_memc_ui_top_axi/u_axi_mc/USE_UPSIZER.upsizer_d2/USE_WRITE.write_data_inst/WORD_LANE[0].USE_ALWAYS_PACKER.BYTE_LANE[0].USE_FPGA_DATA.FDRE_wstrb_inst/D
                                                              1.256         
i_platform/i_rtl/i_snim_i_system_ddr_no_name/i_munoc_instance_3/i_munoc_instance_1/i_munoc_instance_0/i_gen_buffer[0].i_munoc_instance_1/i_rindexer/value_reg[5]/C
                               i_platform/i_system_ddr/u_xilinx_ddr3_ctrl_axi32/u_xilinx_ddr3_ctrl_axi32_mig/u_memc_ui_top_axi/u_axi_mc/USE_UPSIZER.upsizer_d2/USE_WRITE.write_data_inst/WORD_LANE[5].USE_ALWAYS_PACKER.BYTE_LANE[0].USE_FPGA_DATA.BIT_LANE[1].FDRE_wdata_inst/D
                                                              1.258         
i_platform/i_rtl/i_snim_i_system_ddr_no_name/i_munoc_instance_3/i_munoc_instance_1/i_munoc_instance_0/i_gen_buffer[0].i_munoc_instance_1/i_rindexer/value_reg[5]/C
                               i_platform/i_system_ddr/u_xilinx_ddr3_ctrl_axi32/u_xilinx_ddr3_ctrl_axi32_mig/u_memc_ui_top_axi/u_axi_mc/USE_UPSIZER.upsizer_d2/USE_WRITE.write_data_inst/WORD_LANE[6].USE_ALWAYS_PACKER.BYTE_LANE[1].USE_FPGA_DATA.USE_REGISTER.BIT_LANE[1].FDRE_wdata_inst/D
                                                              1.260         
i_platform/i_rtl/i_snim_i_system_ddr_no_name/i_munoc_instance_3/i_munoc_instance_1/i_munoc_instance_0/i_gen_buffer[0].i_munoc_instance_1/i_rindexer/value_reg[5]/C
                               i_platform/i_system_ddr/u_xilinx_ddr3_ctrl_axi32/u_xilinx_ddr3_ctrl_axi32_mig/u_memc_ui_top_axi/u_axi_mc/USE_UPSIZER.upsizer_d2/USE_WRITE.write_data_inst/WORD_LANE[6].USE_ALWAYS_PACKER.BYTE_LANE[0].USE_FPGA_DATA.USE_REGISTER.BIT_LANE[2].FDRE_wdata_inst/D
                                                              1.260         
i_platform/i_rtl/i_snim_i_system_ddr_no_name/i_munoc_instance_3/i_munoc_instance_1/i_munoc_instance_0/i_gen_buffer[0].i_munoc_instance_1/i_rindexer/value_reg[5]/C
                               i_platform/i_system_ddr/u_xilinx_ddr3_ctrl_axi32/u_xilinx_ddr3_ctrl_axi32_mig/u_memc_ui_top_axi/u_axi_mc/USE_UPSIZER.upsizer_d2/USE_WRITE.write_data_inst/WORD_LANE[7].USE_ALWAYS_PACKER.BYTE_LANE[0].USE_FPGA_DATA.USE_REGISTER.BIT_LANE[6].FDRE_wdata_inst/D
                                                              1.263         
i_platform/i_rtl/i_snim_i_system_ddr_no_name/i_munoc_instance_3/i_munoc_instance_1/i_munoc_instance_0/i_gen_buffer[0].i_munoc_instance_1/i_rindexer/value_reg[5]/C
                               i_platform/i_system_ddr/u_xilinx_ddr3_ctrl_axi32/u_xilinx_ddr3_ctrl_axi32_mig/u_memc_ui_top_axi/u_axi_mc/USE_UPSIZER.upsizer_d2/USE_WRITE.write_data_inst/WORD_LANE[7].USE_ALWAYS_PACKER.BYTE_LANE[0].USE_FPGA_DATA.USE_REGISTER.BIT_LANE[4].FDRE_wdata_inst/D
                                                              1.264         
i_platform/i_rtl/i_snim_i_system_ddr_no_name/i_munoc_instance_3/i_munoc_instance_1/i_munoc_instance_0/i_gen_buffer[0].i_munoc_instance_1/i_rindexer/value_reg[5]/C
                               i_platform/i_system_ddr/u_xilinx_ddr3_ctrl_axi32/u_xilinx_ddr3_ctrl_axi32_mig/u_memc_ui_top_axi/u_axi_mc/USE_UPSIZER.upsizer_d2/USE_WRITE.write_data_inst/WORD_LANE[3].USE_ALWAYS_PACKER.BYTE_LANE[0].USE_FPGA_DATA.BIT_LANE[4].FDRE_wdata_inst/D
                                                              1.264         
i_platform/i_rtl/i_snim_i_system_ddr_no_name/i_munoc_instance_3/i_munoc_instance_1/i_munoc_instance_0/i_gen_buffer[0].i_munoc_instance_1/i_rindexer/value_reg[5]/C
                               i_platform/i_system_ddr/u_xilinx_ddr3_ctrl_axi32/u_xilinx_ddr3_ctrl_axi32_mig/u_memc_ui_top_axi/u_axi_mc/USE_UPSIZER.upsizer_d2/USE_WRITE.write_data_inst/WORD_LANE[3].USE_ALWAYS_PACKER.BYTE_LANE[0].USE_FPGA_DATA.USE_REGISTER.BIT_LANE[7].FDRE_wdata_inst/D
                                                              1.265         
i_platform/i_rtl/i_snim_i_system_ddr_no_name/i_munoc_instance_3/i_munoc_instance_1/i_munoc_instance_0/i_gen_buffer[0].i_munoc_instance_1/i_rindexer/value_reg[5]/C
                               i_platform/i_system_ddr/u_xilinx_ddr3_ctrl_axi32/u_xilinx_ddr3_ctrl_axi32_mig/u_memc_ui_top_axi/u_axi_mc/USE_UPSIZER.upsizer_d2/USE_WRITE.write_data_inst/WORD_LANE[1].USE_ALWAYS_PACKER.BYTE_LANE[2].USE_FPGA_DATA.USE_REGISTER.BIT_LANE[4].FDRE_wdata_inst/D
                                                              1.267         
i_platform/i_rtl/i_snim_i_system_ddr_no_name/i_munoc_instance_3/i_munoc_instance_1/i_munoc_instance_0/i_gen_buffer[0].i_munoc_instance_1/i_rindexer/value_reg[5]/C
                               i_platform/i_system_ddr/u_xilinx_ddr3_ctrl_axi32/u_xilinx_ddr3_ctrl_axi32_mig/u_memc_ui_top_axi/u_axi_mc/USE_UPSIZER.upsizer_d2/USE_WRITE.write_data_inst/WORD_LANE[5].USE_ALWAYS_PACKER.BYTE_LANE[0].USE_FPGA_DATA.BIT_LANE[0].FDRE_wdata_inst/D
                                                              1.267         
i_platform/i_rtl/i_snim_i_system_ddr_no_name/i_munoc_instance_3/i_munoc_instance_1/i_munoc_instance_0/i_gen_buffer[0].i_munoc_instance_1/i_rindexer/value_reg[5]/C
                               i_platform/i_system_ddr/u_xilinx_ddr3_ctrl_axi32/u_xilinx_ddr3_ctrl_axi32_mig/u_memc_ui_top_axi/u_axi_mc/USE_UPSIZER.upsizer_d2/USE_WRITE.write_data_inst/WORD_LANE[6].USE_ALWAYS_PACKER.BYTE_LANE[0].USE_FPGA_DATA.BIT_LANE[2].FDRE_wdata_inst/D
                                                              1.267         
i_platform/i_system_ddr/u_xilinx_ddr3_ctrl_axi32/u_xilinx_ddr3_ctrl_axi32_mig/u_memc_ui_top_axi/mem_intfc0/ddr_phy_top0/u_ddr_mc_phy_wrapper/u_ddr_mc_phy/ddr_phy_4lanes_1.u_ddr_phy_4lanes/phy_control_i/MEMREFCLK
                               i_platform/i_system_ddr/u_xilinx_ddr3_ctrl_axi32/u_xilinx_ddr3_ctrl_axi32_mig/u_memc_ui_top_axi/mem_intfc0/ddr_phy_top0/u_ddr_mc_phy_wrapper/u_ddr_mc_phy/ddr_phy_4lanes_0.u_ddr_phy_4lanes/phy_control_i/PHYCTLMSTREMPTY
                                                              1.417         
i_platform/i_system_ddr/u_xilinx_ddr3_ctrl_axi32/u_xilinx_ddr3_ctrl_axi32_mig/u_memc_ui_top_axi/mem_intfc0/ddr_phy_top0/u_ddr_mc_phy_wrapper/u_ddr_mc_phy/ddr_phy_4lanes_0.u_ddr_phy_4lanes/ddr_byte_lane_B.ddr_byte_lane_B/phaser_out/OCLKDELAYED
                               i_platform/i_system_ddr/u_xilinx_ddr3_ctrl_axi32/u_xilinx_ddr3_ctrl_axi32_mig/u_memc_ui_top_axi/mem_intfc0/ddr_phy_top0/u_ddr_mc_phy_wrapper/u_ddr_mc_phy/ddr_phy_4lanes_0.u_ddr_phy_4lanes/ddr_byte_lane_B.ddr_byte_lane_B/ddr_byte_group_io/dqs_gen.oddr_dqsts/D1
                                                              1.423         
i_platform/i_system_ddr/u_xilinx_ddr3_ctrl_axi32/u_xilinx_ddr3_ctrl_axi32_mig/u_memc_ui_top_axi/mem_intfc0/ddr_phy_top0/u_ddr_mc_phy_wrapper/u_ddr_mc_phy/ddr_phy_4lanes_0.u_ddr_phy_4lanes/ddr_byte_lane_C.ddr_byte_lane_C/phaser_out/OCLKDELAYED
                               i_platform/i_system_ddr/u_xilinx_ddr3_ctrl_axi32/u_xilinx_ddr3_ctrl_axi32_mig/u_memc_ui_top_axi/mem_intfc0/ddr_phy_top0/u_ddr_mc_phy_wrapper/u_ddr_mc_phy/ddr_phy_4lanes_0.u_ddr_phy_4lanes/ddr_byte_lane_C.ddr_byte_lane_C/ddr_byte_group_io/dqs_gen.oddr_dqsts/D1
                                                              1.431         
i_platform/i_system_ddr/u_xilinx_ddr3_ctrl_axi32/u_xilinx_ddr3_ctrl_axi32_mig/u_memc_ui_top_axi/mem_intfc0/ddr_phy_top0/u_ddr_mc_phy_wrapper/u_ddr_mc_phy/ddr_phy_4lanes_0.u_ddr_phy_4lanes/ddr_byte_lane_A.ddr_byte_lane_A/phaser_out/OCLKDELAYED
                               i_platform/i_system_ddr/u_xilinx_ddr3_ctrl_axi32/u_xilinx_ddr3_ctrl_axi32_mig/u_memc_ui_top_axi/mem_intfc0/ddr_phy_top0/u_ddr_mc_phy_wrapper/u_ddr_mc_phy/ddr_phy_4lanes_0.u_ddr_phy_4lanes/ddr_byte_lane_A.ddr_byte_lane_A/ddr_byte_group_io/dqs_gen.oddr_dqsts/D1
                                                              1.436         
i_platform/i_system_ddr/u_xilinx_ddr3_ctrl_axi32/u_xilinx_ddr3_ctrl_axi32_mig/u_memc_ui_top_axi/mem_intfc0/ddr_phy_top0/u_ddr_mc_phy_wrapper/u_ddr_mc_phy/ddr_phy_4lanes_0.u_ddr_phy_4lanes/ddr_byte_lane_D.ddr_byte_lane_D/phaser_out/OCLKDELAYED
                               i_platform/i_system_ddr/u_xilinx_ddr3_ctrl_axi32/u_xilinx_ddr3_ctrl_axi32_mig/u_memc_ui_top_axi/mem_intfc0/ddr_phy_top0/u_ddr_mc_phy_wrapper/u_ddr_mc_phy/ddr_phy_4lanes_0.u_ddr_phy_4lanes/ddr_byte_lane_D.ddr_byte_lane_D/ddr_byte_group_io/dqs_gen.oddr_dqsts/D1
                                                              1.443         
i_platform/i_system_ddr/u_xilinx_ddr3_ctrl_axi32/u_xilinx_ddr3_ctrl_axi32_mig/u_memc_ui_top_axi/mem_intfc0/ddr_phy_top0/u_ddr_mc_phy_wrapper/u_ddr_mc_phy/ddr_phy_4lanes_0.u_ddr_phy_4lanes/ddr_byte_lane_B.ddr_byte_lane_B/phaser_out/OCLKDELAYED
                               i_platform/i_system_ddr/u_xilinx_ddr3_ctrl_axi32/u_xilinx_ddr3_ctrl_axi32_mig/u_memc_ui_top_axi/mem_intfc0/ddr_phy_top0/u_ddr_mc_phy_wrapper/u_ddr_mc_phy/ddr_phy_4lanes_0.u_ddr_phy_4lanes/ddr_byte_lane_B.ddr_byte_lane_B/ddr_byte_group_io/dqs_gen.oddr_dqs/D1
                                                              1.466         
i_platform/i_system_ddr/u_xilinx_ddr3_ctrl_axi32/u_xilinx_ddr3_ctrl_axi32_mig/u_memc_ui_top_axi/mem_intfc0/ddr_phy_top0/u_ddr_mc_phy_wrapper/u_ddr_mc_phy/ddr_phy_4lanes_0.u_ddr_phy_4lanes/ddr_byte_lane_C.ddr_byte_lane_C/phaser_out/OCLKDELAYED
                               i_platform/i_system_ddr/u_xilinx_ddr3_ctrl_axi32/u_xilinx_ddr3_ctrl_axi32_mig/u_memc_ui_top_axi/mem_intfc0/ddr_phy_top0/u_ddr_mc_phy_wrapper/u_ddr_mc_phy/ddr_phy_4lanes_0.u_ddr_phy_4lanes/ddr_byte_lane_C.ddr_byte_lane_C/ddr_byte_group_io/dqs_gen.oddr_dqs/D1
                                                              1.474         
i_platform/i_system_ddr/u_xilinx_ddr3_ctrl_axi32/u_xilinx_ddr3_ctrl_axi32_mig/u_memc_ui_top_axi/mem_intfc0/ddr_phy_top0/u_ddr_mc_phy_wrapper/u_ddr_mc_phy/ddr_phy_4lanes_0.u_ddr_phy_4lanes/ddr_byte_lane_A.ddr_byte_lane_A/phaser_out/OCLKDELAYED
                               i_platform/i_system_ddr/u_xilinx_ddr3_ctrl_axi32/u_xilinx_ddr3_ctrl_axi32_mig/u_memc_ui_top_axi/mem_intfc0/ddr_phy_top0/u_ddr_mc_phy_wrapper/u_ddr_mc_phy/ddr_phy_4lanes_0.u_ddr_phy_4lanes/ddr_byte_lane_A.ddr_byte_lane_A/ddr_byte_group_io/dqs_gen.oddr_dqs/D1
                                                              1.479         
i_platform/i_system_ddr/u_xilinx_ddr3_ctrl_axi32/u_xilinx_ddr3_ctrl_axi32_mig/u_memc_ui_top_axi/mem_intfc0/ddr_phy_top0/u_ddr_mc_phy_wrapper/u_ddr_mc_phy/ddr_phy_4lanes_1.u_ddr_phy_4lanes/phy_control_i/MEMREFCLK
                               i_platform/i_system_ddr/u_xilinx_ddr3_ctrl_axi32/u_xilinx_ddr3_ctrl_axi32_mig/u_memc_ui_top_axi/mem_intfc0/ddr_phy_top0/u_ddr_mc_phy_wrapper/u_ddr_mc_phy/ddr_phy_4lanes_1.u_ddr_phy_4lanes/phy_control_i/PHYCTLMSTREMPTY
                                                              1.485         
i_platform/i_system_ddr/u_xilinx_ddr3_ctrl_axi32/u_xilinx_ddr3_ctrl_axi32_mig/u_memc_ui_top_axi/mem_intfc0/ddr_phy_top0/u_ddr_mc_phy_wrapper/u_ddr_mc_phy/ddr_phy_4lanes_0.u_ddr_phy_4lanes/ddr_byte_lane_D.ddr_byte_lane_D/phaser_out/OCLKDELAYED
                               i_platform/i_system_ddr/u_xilinx_ddr3_ctrl_axi32/u_xilinx_ddr3_ctrl_axi32_mig/u_memc_ui_top_axi/mem_intfc0/ddr_phy_top0/u_ddr_mc_phy_wrapper/u_ddr_mc_phy/ddr_phy_4lanes_0.u_ddr_phy_4lanes/ddr_byte_lane_D.ddr_byte_lane_D/ddr_byte_group_io/dqs_gen.oddr_dqs/D1
                                                              1.486         
i_platform/i_system_ddr/u_xilinx_ddr3_ctrl_axi32/u_xilinx_ddr3_ctrl_axi32_mig/u_memc_ui_top_axi/mem_intfc0/ddr_phy_top0/u_ddr_mc_phy_wrapper/u_ddr_mc_phy/ddr_phy_4lanes_0.u_ddr_phy_4lanes/ddr_byte_lane_B.ddr_byte_lane_B/phaser_out/OCLKDELAYED
                               i_platform/i_system_ddr/u_xilinx_ddr3_ctrl_axi32/u_xilinx_ddr3_ctrl_axi32_mig/u_memc_ui_top_axi/mem_intfc0/ddr_phy_top0/u_ddr_mc_phy_wrapper/u_ddr_mc_phy/ddr_phy_4lanes_0.u_ddr_phy_4lanes/ddr_byte_lane_B.ddr_byte_lane_B/ddr_byte_group_io/dqs_gen.oddr_dqs/D2
                                                              1.496         
i_platform/i_system_ddr/u_xilinx_ddr3_ctrl_axi32/u_xilinx_ddr3_ctrl_axi32_mig/u_memc_ui_top_axi/mem_intfc0/ddr_phy_top0/u_ddr_mc_phy_wrapper/u_ddr_mc_phy/ddr_phy_4lanes_0.u_ddr_phy_4lanes/ddr_byte_lane_C.ddr_byte_lane_C/phaser_out/OCLKDELAYED
                               i_platform/i_system_ddr/u_xilinx_ddr3_ctrl_axi32/u_xilinx_ddr3_ctrl_axi32_mig/u_memc_ui_top_axi/mem_intfc0/ddr_phy_top0/u_ddr_mc_phy_wrapper/u_ddr_mc_phy/ddr_phy_4lanes_0.u_ddr_phy_4lanes/ddr_byte_lane_C.ddr_byte_lane_C/ddr_byte_group_io/dqs_gen.oddr_dqs/D2
                                                              1.504         
i_platform/i_system_ddr/u_xilinx_ddr3_ctrl_axi32/u_xilinx_ddr3_ctrl_axi32_mig/u_memc_ui_top_axi/mem_intfc0/ddr_phy_top0/u_ddr_mc_phy_wrapper/u_ddr_mc_phy/ddr_phy_4lanes_0.u_ddr_phy_4lanes/ddr_byte_lane_A.ddr_byte_lane_A/phaser_out/OCLKDELAYED
                               i_platform/i_system_ddr/u_xilinx_ddr3_ctrl_axi32/u_xilinx_ddr3_ctrl_axi32_mig/u_memc_ui_top_axi/mem_intfc0/ddr_phy_top0/u_ddr_mc_phy_wrapper/u_ddr_mc_phy/ddr_phy_4lanes_0.u_ddr_phy_4lanes/ddr_byte_lane_A.ddr_byte_lane_A/ddr_byte_group_io/dqs_gen.oddr_dqs/D2
                                                              1.509         
i_platform/i_system_ddr/u_xilinx_ddr3_ctrl_axi32/u_xilinx_ddr3_ctrl_axi32_mig/u_memc_ui_top_axi/mem_intfc0/ddr_phy_top0/u_ddr_mc_phy_wrapper/u_ddr_mc_phy/ddr_phy_4lanes_0.u_ddr_phy_4lanes/ddr_byte_lane_D.ddr_byte_lane_D/phaser_out/OCLKDELAYED
                               i_platform/i_system_ddr/u_xilinx_ddr3_ctrl_axi32/u_xilinx_ddr3_ctrl_axi32_mig/u_memc_ui_top_axi/mem_intfc0/ddr_phy_top0/u_ddr_mc_phy_wrapper/u_ddr_mc_phy/ddr_phy_4lanes_0.u_ddr_phy_4lanes/ddr_byte_lane_D.ddr_byte_lane_D/ddr_byte_group_io/dqs_gen.oddr_dqs/D2
                                                              1.516         
i_platform/i_system_ddr/u_xilinx_ddr3_ctrl_axi32/u_xilinx_ddr3_ctrl_axi32_mig/u_memc_ui_top_axi/mem_intfc0/ddr_phy_top0/u_ddr_mc_phy_wrapper/u_ddr_mc_phy/ddr_phy_4lanes_0.u_ddr_phy_4lanes/ddr_byte_lane_B.ddr_byte_lane_B/phaser_out/OCLKDELAYED
                               i_platform/i_system_ddr/u_xilinx_ddr3_ctrl_axi32/u_xilinx_ddr3_ctrl_axi32_mig/u_memc_ui_top_axi/mem_intfc0/ddr_phy_top0/u_ddr_mc_phy_wrapper/u_ddr_mc_phy/ddr_phy_4lanes_0.u_ddr_phy_4lanes/ddr_byte_lane_B.ddr_byte_lane_B/ddr_byte_group_io/dqs_gen.oddr_dqsts/D2
                                                              1.549         
i_platform/i_system_ddr/u_xilinx_ddr3_ctrl_axi32/u_xilinx_ddr3_ctrl_axi32_mig/u_memc_ui_top_axi/mem_intfc0/ddr_phy_top0/u_ddr_mc_phy_wrapper/u_ddr_mc_phy/ddr_phy_4lanes_0.u_ddr_phy_4lanes/ddr_byte_lane_C.ddr_byte_lane_C/phaser_out/OCLKDELAYED
                               i_platform/i_system_ddr/u_xilinx_ddr3_ctrl_axi32/u_xilinx_ddr3_ctrl_axi32_mig/u_memc_ui_top_axi/mem_intfc0/ddr_phy_top0/u_ddr_mc_phy_wrapper/u_ddr_mc_phy/ddr_phy_4lanes_0.u_ddr_phy_4lanes/ddr_byte_lane_C.ddr_byte_lane_C/ddr_byte_group_io/dqs_gen.oddr_dqsts/D2
                                                              1.557         
i_platform/i_system_ddr/u_xilinx_ddr3_ctrl_axi32/u_xilinx_ddr3_ctrl_axi32_mig/u_memc_ui_top_axi/mem_intfc0/ddr_phy_top0/u_ddr_mc_phy_wrapper/u_ddr_mc_phy/ddr_phy_4lanes_0.u_ddr_phy_4lanes/ddr_byte_lane_A.ddr_byte_lane_A/phaser_out/OCLKDELAYED
                               i_platform/i_system_ddr/u_xilinx_ddr3_ctrl_axi32/u_xilinx_ddr3_ctrl_axi32_mig/u_memc_ui_top_axi/mem_intfc0/ddr_phy_top0/u_ddr_mc_phy_wrapper/u_ddr_mc_phy/ddr_phy_4lanes_0.u_ddr_phy_4lanes/ddr_byte_lane_A.ddr_byte_lane_A/ddr_byte_group_io/dqs_gen.oddr_dqsts/D2
                                                              1.562         
i_platform/i_system_ddr/u_xilinx_ddr3_ctrl_axi32/u_xilinx_ddr3_ctrl_axi32_mig/u_memc_ui_top_axi/mem_intfc0/ddr_phy_top0/u_ddr_mc_phy_wrapper/u_ddr_mc_phy/ddr_phy_4lanes_0.u_ddr_phy_4lanes/ddr_byte_lane_D.ddr_byte_lane_D/phaser_out/OCLKDELAYED
                               i_platform/i_system_ddr/u_xilinx_ddr3_ctrl_axi32/u_xilinx_ddr3_ctrl_axi32_mig/u_memc_ui_top_axi/mem_intfc0/ddr_phy_top0/u_ddr_mc_phy_wrapper/u_ddr_mc_phy/ddr_phy_4lanes_0.u_ddr_phy_4lanes/ddr_byte_lane_D.ddr_byte_lane_D/ddr_byte_group_io/dqs_gen.oddr_dqsts/D2
                                                              1.569         
i_platform/i_rtl/platform_controller/i_reset_controller/mask_reg[1]/C
                               i_platform/i_rtl/i_snim_common_peri_group_no_name/i_munoc_instance_1/i_munoc_instance_3/i_gen_rdata_buffer[0].i_munoc_instance_0/mem_reg[0][12]/CLR
                                                              2.580         
i_platform/i_rtl/platform_controller/i_reset_controller/mask_reg[1]/C
                               i_platform/i_rtl/i_snim_common_peri_group_no_name/i_munoc_instance_1/i_munoc_instance_3/i_gen_rdata_buffer[0].i_munoc_instance_0/mem_reg[0][20]/CLR
                                                              2.580         
i_platform/i_rtl/platform_controller/i_reset_controller/mask_reg[1]/C
                               i_platform/i_rtl/i_snim_common_peri_group_no_name/i_munoc_instance_1/i_munoc_instance_3/i_gen_rdata_buffer[0].i_munoc_instance_0/mem_reg[0][23]/CLR
                                                              2.580         
i_platform/i_rtl/platform_controller/i_reset_controller/mask_reg[1]/C
                               i_platform/i_rtl/i_snim_common_peri_group_no_name/i_munoc_instance_1/i_munoc_instance_3/i_gen_rdata_buffer[0].i_munoc_instance_0/mem_reg[0][31]/CLR
                                                              2.580         
i_platform/i_rtl/platform_controller/i_reset_controller/mask_reg[1]/C
                               i_platform/i_rtl/i_snim_common_peri_group_no_name/i_munoc_instance_1/i_munoc_instance_3/i_gen_rdata_buffer[0].i_munoc_instance_0/mem_reg[1][23]/CLR
                                                              2.633         
i_platform/i_rtl/platform_controller/i_reset_controller/mask_reg[1]/C
                               i_platform/i_rtl/i_snim_common_peri_group_no_name/i_munoc_instance_1/i_munoc_instance_3/i_gen_rdata_buffer[0].i_munoc_instance_0/mem_reg[1][31]/CLR
                                                              2.633         
i_platform/i_rtl/platform_controller/i_reset_controller/mask_reg[1]/C
                               i_platform/i_rtl/i_snim_common_peri_group_no_name/i_munoc_instance_1/i_munoc_instance_3/i_gen_rdata_buffer[0].i_munoc_instance_0/mem_reg[1][12]/CLR
                                                              2.666         
i_platform/i_rtl/platform_controller/i_reset_controller/mask_reg[1]/C
                               i_platform/i_rtl/i_snim_common_peri_group_no_name/i_munoc_instance_1/i_munoc_instance_3/i_gen_rdata_buffer[0].i_munoc_instance_0/mem_reg[1][15]/CLR
                                                              2.666         
i_platform/i_rtl/platform_controller/i_reset_controller/mask_reg[1]/C
                               i_platform/i_rtl/i_snim_common_peri_group_no_name/i_munoc_instance_1/i_munoc_instance_3/i_gen_rdata_buffer[0].i_munoc_instance_0/mem_reg[1][19]/CLR
                                                              2.666         
i_platform/i_rtl/platform_controller/i_reset_controller/mask_reg[1]/C
                               i_platform/i_rtl/i_snim_common_peri_group_no_name/i_munoc_instance_1/i_munoc_instance_3/i_gen_rdata_buffer[0].i_munoc_instance_0/mem_reg[1][20]/CLR
                                                              2.666         
i_platform/i_rtl/platform_controller/i_reset_controller/mask_reg[1]/C
                               i_platform/i_rtl/i_snim_common_peri_group_no_name/i_munoc_instance_1/i_munoc_instance_3/i_gen_rdata_buffer[2].i_munoc_instance_0/mem_reg[0][12]/CLR
                                                              2.766         
i_platform/i_rtl/platform_controller/i_reset_controller/mask_reg[1]/C
                               i_platform/i_rtl/i_snim_common_peri_group_no_name/i_munoc_instance_1/i_munoc_instance_3/i_gen_rdata_buffer[2].i_munoc_instance_0/mem_reg[0][15]/CLR
                                                              2.766         
i_platform/i_rtl/platform_controller/i_reset_controller/mask_reg[1]/C
                               i_platform/i_rtl/i_snim_common_peri_group_no_name/i_munoc_instance_1/i_munoc_instance_3/i_gen_rdata_buffer[2].i_munoc_instance_0/mem_reg[0][19]/CLR
                                                              2.766         
i_platform/i_rtl/platform_controller/i_reset_controller/mask_reg[1]/C
                               i_platform/i_rtl/i_snim_common_peri_group_no_name/i_munoc_instance_1/i_munoc_instance_3/i_gen_rdata_buffer[2].i_munoc_instance_0/mem_reg[0][31]/CLR
                                                              2.766         
i_platform/i_rtl/platform_controller/i_reset_controller/mask_reg[1]/C
                               i_platform/i_rtl/i_snim_common_peri_group_no_name/i_munoc_instance_1/i_munoc_instance_3/i_gen_rdata_buffer[3].i_munoc_instance_0/mem_reg[0][9]/CLR
                                                              2.838         
i_platform/i_rtl/platform_controller/i_reset_controller/mask_reg[1]/C
                               i_platform/i_rtl/i_snim_common_peri_group_no_name/i_munoc_instance_1/i_munoc_instance_3/i_gen_rdata_buffer[0].i_munoc_instance_0/mem_reg[0][17]/CLR
                                                              2.865         
i_platform/i_rtl/platform_controller/i_reset_controller/mask_reg[1]/C
                               i_platform/i_rtl/i_snim_common_peri_group_no_name/i_munoc_instance_1/i_munoc_instance_3/i_gen_rdata_buffer[0].i_munoc_instance_0/mem_reg[0][4]/CLR
                                                              2.865         
i_platform/i_rtl/platform_controller/i_reset_controller/mask_reg[1]/C
                               i_platform/i_rtl/i_snim_common_peri_group_no_name/i_munoc_instance_1/i_munoc_instance_3/i_gen_rdata_buffer[0].i_munoc_instance_0/mem_reg[0][8]/CLR
                                                              2.865         
i_platform/i_rtl/platform_controller/i_reset_controller/mask_reg[1]/C
                               i_platform/i_rtl/i_snim_common_peri_group_no_name/i_munoc_instance_1/i_munoc_instance_3/i_gen_rdata_buffer[3].i_munoc_instance_0/mem_reg[0][19]/CLR
                                                              2.871         
i_platform/i_rtl/platform_controller/i_reset_controller/mask_reg[1]/C
                               i_platform/i_rtl/i_snim_common_peri_group_no_name/i_munoc_instance_1/i_munoc_instance_3/i_gen_rdata_buffer[3].i_munoc_instance_0/mem_reg[0][20]/CLR
                                                              2.871         
i_platform/i_rtl/platform_controller/i_reset_controller/mask_reg[1]/C
                               i_platform/i_rtl/i_snim_common_peri_group_no_name/i_munoc_instance_1/i_munoc_instance_3/i_gen_rdata_buffer[3].i_munoc_instance_0/mem_reg[0][22]/CLR
                                                              2.871         
i_platform/i_rtl/platform_controller/i_reset_controller/mask_reg[1]/C
                               i_platform/i_rtl/i_snim_common_peri_group_no_name/i_munoc_instance_1/i_munoc_instance_3/i_gen_rdata_buffer[3].i_munoc_instance_0/mem_reg[0][31]/CLR
                                                              2.871         
i_platform/i_rtl/platform_controller/i_reset_controller/mask_reg[1]/C
                               i_platform/i_rtl/i_snim_common_peri_group_no_name/i_munoc_instance_1/i_munoc_instance_3/i_gen_rdata_buffer[3].i_munoc_instance_0/mem_reg[0][11]/CLR
                                                              2.891         
i_platform/i_rtl/platform_controller/i_reset_controller/mask_reg[1]/C
                               i_platform/i_rtl/i_snim_common_peri_group_no_name/i_munoc_instance_1/i_munoc_instance_3/i_gen_rdata_buffer[3].i_munoc_instance_0/mem_reg[0][15]/CLR
                                                              2.891         
i_platform/i_rtl/platform_controller/i_reset_controller/mask_reg[1]/C
                               i_platform/i_rtl/i_snim_common_peri_group_no_name/i_munoc_instance_1/i_munoc_instance_3/i_gen_rdata_buffer[3].i_munoc_instance_0/mem_reg[0][3]/CLR
                                                              2.891         
i_platform/i_rtl/platform_controller/i_reset_controller/mask_reg[1]/C
                               i_platform/i_rtl/i_snim_common_peri_group_no_name/i_munoc_instance_1/i_munoc_instance_3/i_gen_rdata_buffer[3].i_munoc_instance_0/mem_reg[0][7]/CLR
                                                              2.891         
i_platform/i_rtl/platform_controller/i_reset_controller/mask_reg[1]/C
                               i_platform/i_rtl/i_snim_common_peri_group_no_name/i_munoc_instance_1/i_munoc_instance_3/i_gen_rdata_buffer[2].i_munoc_instance_0/mem_reg[1][12]/CLR
                                                              2.901         
i_platform/i_rtl/platform_controller/i_reset_controller/mask_reg[1]/C
                               i_platform/i_rtl/i_snim_common_peri_group_no_name/i_munoc_instance_1/i_munoc_instance_3/i_gen_rdata_buffer[2].i_munoc_instance_0/mem_reg[1][19]/CLR
                                                              2.901         
i_platform/i_rtl/platform_controller/i_reset_controller/mask_reg[1]/C
                               i_platform/i_rtl/i_snim_common_peri_group_no_name/i_munoc_instance_1/i_munoc_instance_3/i_gen_rdata_buffer[2].i_munoc_instance_0/mem_reg[1][31]/CLR
                                                              2.901         
i_platform/i_rtl/platform_controller/i_reset_controller/mask_reg[1]/C
                               i_platform/i_rtl/i_snim_common_peri_group_no_name/i_munoc_instance_1/i_munoc_instance_3/i_gen_rdata_buffer[3].i_munoc_instance_0/mem_reg[1][12]/CLR
                                                              2.917         
i_platform/i_rtl/platform_controller/i_reset_controller/mask_reg[1]/C
                               i_platform/i_rtl/i_snim_common_peri_group_no_name/i_munoc_instance_1/i_munoc_instance_3/i_gen_rdata_buffer[3].i_munoc_instance_0/mem_reg[1][17]/CLR
                                                              2.917         
i_platform/i_rtl/platform_controller/i_reset_controller/mask_reg[1]/C
                               i_platform/i_rtl/i_snim_common_peri_group_no_name/i_munoc_instance_1/i_munoc_instance_3/i_gen_rdata_buffer[3].i_munoc_instance_0/mem_reg[1][8]/CLR
                                                              2.917         
i_platform/i_rtl/platform_controller/i_reset_controller/mask_reg[1]/C
                               i_platform/i_rtl/i_snim_common_peri_group_no_name/i_munoc_instance_1/i_munoc_instance_3/i_gen_rdata_buffer[0].i_munoc_instance_0/mem_reg[1][17]/CLR
                                                              2.954         
i_platform/i_rtl/platform_controller/i_reset_controller/mask_reg[1]/C
                               i_platform/i_rtl/i_snim_common_peri_group_no_name/i_munoc_instance_1/i_munoc_instance_3/i_gen_rdata_buffer[0].i_munoc_instance_0/mem_reg[1][4]/CLR
                                                              2.954         
i_platform/i_rtl/platform_controller/i_reset_controller/mask_reg[1]/C
                               i_platform/i_rtl/i_snim_common_peri_group_no_name/i_munoc_instance_1/i_munoc_instance_3/i_gen_rdata_buffer[0].i_munoc_instance_0/mem_reg[1][8]/CLR
                                                              2.954         
i_platform/i_rtl/platform_controller/i_reset_controller/mask_reg[1]/C
                               i_platform/i_rtl/i_snim_common_peri_group_no_name/i_munoc_instance_1/i_munoc_instance_3/i_gen_rdata_buffer[1].i_munoc_instance_0/mem_reg[0][3]/CLR
                                                              3.016         
i_platform/i_rtl/platform_controller/i_reset_controller/mask_reg[1]/C
                               i_platform/i_rtl/i_snim_common_peri_group_no_name/i_munoc_instance_1/i_munoc_instance_3/i_gen_rdata_buffer[1].i_munoc_instance_0/mem_reg[0][4]/CLR
                                                              3.016         
i_platform/i_rtl/platform_controller/i_reset_controller/mask_reg[1]/C
                               i_platform/i_rtl/i_snim_common_peri_group_no_name/i_munoc_instance_1/i_munoc_instance_3/i_gen_rdata_buffer[1].i_munoc_instance_0/mem_reg[0][7]/CLR
                                                              3.016         
i_platform/i_rtl/platform_controller/i_reset_controller/mask_reg[1]/C
                               i_platform/i_rtl/i_snim_common_peri_group_no_name/i_munoc_instance_1/i_munoc_instance_3/i_gen_rdata_buffer[1].i_munoc_instance_0/mem_reg[0][8]/CLR
                                                              3.016         
i_platform/i_rtl/platform_controller/i_reset_controller/mask_reg[1]/C
                               i_platform/i_rtl/i_snim_common_peri_group_no_name/i_munoc_instance_1/i_munoc_instance_3/i_gen_rdata_buffer[1].i_munoc_instance_0/mem_reg[0][11]/CLR
                                                              3.049         
i_platform/i_rtl/platform_controller/i_reset_controller/mask_reg[1]/C
                               i_platform/i_rtl/i_snim_common_peri_group_no_name/i_munoc_instance_1/i_munoc_instance_3/i_gen_rdata_buffer[1].i_munoc_instance_0/mem_reg[0][15]/CLR
                                                              3.049         
i_platform/i_rtl/platform_controller/i_reset_controller/mask_reg[1]/C
                               i_platform/i_rtl/i_snim_common_peri_group_no_name/i_munoc_instance_1/i_munoc_instance_3/i_gen_rdata_buffer[1].i_munoc_instance_0/mem_reg[0][20]/CLR
                                                              3.049         
i_platform/i_rtl/platform_controller/i_reset_controller/mask_reg[1]/C
                               i_platform/i_rtl/i_snim_common_peri_group_no_name/i_munoc_instance_1/i_munoc_instance_3/i_gen_rdata_buffer[1].i_munoc_instance_0/mem_reg[0][23]/CLR
                                                              3.049         
i_platform/i_rtl/platform_controller/i_reset_controller/mask_reg[1]/C
                               i_platform/i_rtl/i_snim_common_peri_group_no_name/i_munoc_instance_1/i_munoc_instance_3/i_gen_rdata_buffer[2].i_munoc_instance_0/mem_reg[1][23]/CLR
                                                              3.052         
i_platform/i_rtl/platform_controller/i_reset_controller/mask_reg[1]/C
                               i_platform/i_rtl/i_snim_common_peri_group_no_name/i_munoc_instance_1/i_munoc_instance_3/i_gen_rdata_buffer[2].i_munoc_instance_0/mem_reg[1][3]/CLR
                                                              3.052         
i_platform/i_rtl/platform_controller/i_reset_controller/mask_reg[1]/C
                               i_platform/i_rtl/i_snim_common_peri_group_no_name/i_munoc_instance_1/i_munoc_instance_3/i_gen_rdata_buffer[2].i_munoc_instance_0/mem_reg[1][4]/CLR
                                                              3.052         
i_platform/i_rtl/platform_controller/i_reset_controller/mask_reg[1]/C
                               i_platform/i_rtl/i_snim_common_peri_group_no_name/i_munoc_instance_1/i_munoc_instance_3/i_gen_rdata_buffer[2].i_munoc_instance_0/mem_reg[1][7]/CLR
                                                              3.052         
i_platform/i_rtl/platform_controller/i_reset_controller/mask_reg[1]/C
                               i_platform/i_rtl/i_snim_common_peri_group_no_name/i_munoc_instance_1/i_munoc_instance_3/i_gen_rdata_buffer[3].i_munoc_instance_0/mem_reg[1][11]/CLR
                                                              3.054         
i_platform/i_rtl/platform_controller/i_reset_controller/mask_reg[1]/C
                               i_platform/i_rtl/i_snim_common_peri_group_no_name/i_munoc_instance_1/i_munoc_instance_3/i_gen_rdata_buffer[3].i_munoc_instance_0/mem_reg[1][15]/CLR
                                                              3.054         
i_platform/i_rtl/platform_controller/i_reset_controller/mask_reg[1]/C
                               i_platform/i_rtl/i_snim_common_peri_group_no_name/i_munoc_instance_1/i_munoc_instance_3/i_gen_rdata_buffer[3].i_munoc_instance_0/mem_reg[1][22]/CLR
                                                              3.054         
i_platform/i_rtl/platform_controller/i_reset_controller/mask_reg[1]/C
                               i_platform/i_rtl/i_snim_common_peri_group_no_name/i_munoc_instance_1/i_munoc_instance_3/i_gen_rdata_buffer[3].i_munoc_instance_0/mem_reg[1][3]/CLR
                                                              3.054         
i_platform/i_rtl/platform_controller/i_reset_controller/mask_reg[1]/C
                               i_platform/i_rtl/i_snim_common_peri_group_no_name/i_munoc_instance_1/i_munoc_instance_3/i_gen_rdata_buffer[3].i_munoc_instance_0/mem_reg[1][7]/CLR
                                                              3.054         
i_platform/i_rtl/platform_controller/i_reset_controller/mask_reg[1]/C
                               i_platform/i_rtl/i_snim_common_peri_group_no_name/i_munoc_instance_1/i_munoc_instance_3/i_gen_rdata_buffer[3].i_munoc_instance_0/mem_reg[1][9]/CLR
                                                              3.054         
i_platform/i_rtl/platform_controller/i_reset_controller/reset_vector_extended_reg[4]/C
                               i_platform/i_rtl/i_dca_neugemm00/i_dca_instance_0/i_dca_instance_00/i_generate_multiplier[15].i_dca_instance_1/i_dca_instance_0/stage1_partial_product0_reg[10]/CLR
                                                              3.123         
i_platform/i_rtl/platform_controller/i_reset_controller/reset_vector_extended_reg[4]/C
                               i_platform/i_rtl/i_dca_neugemm00/i_dca_instance_0/i_dca_instance_00/i_generate_multiplier[15].i_dca_instance_1/i_dca_instance_0/stage1_partial_product0_reg[11]/CLR
                                                              3.123         
i_platform/i_rtl/platform_controller/i_reset_controller/reset_vector_extended_reg[4]/C
                               i_platform/i_rtl/i_dca_neugemm00/i_dca_instance_0/i_dca_instance_00/i_generate_multiplier[15].i_dca_instance_1/i_dca_instance_0/stage1_partial_product0_reg[12]/CLR
                                                              3.123         
i_platform/i_rtl/platform_controller/i_reset_controller/reset_vector_extended_reg[4]/C
                               i_platform/i_rtl/i_dca_neugemm00/i_dca_instance_0/i_dca_instance_00/i_generate_multiplier[15].i_dca_instance_1/i_dca_instance_0/stage1_partial_product0_reg[13]/CLR
                                                              3.123         
i_platform/i_rtl/platform_controller/i_reset_controller/reset_vector_extended_reg[4]/C
                               i_platform/i_rtl/i_dca_neugemm00_control_mmiox1_interface/i_mmiox1_bridge/i_inst_fifo/i_generate_fifo[1].i_fifo/mem_reg[5][2]/CLR
                                                              3.127         
i_platform/i_rtl/platform_controller/i_reset_controller/reset_vector_extended_reg[4]/C
                               i_platform/i_rtl/i_dca_neugemm00/i_dca_instance_0/i_dca_instance_05/i_dca_instance_0/i_dca_instance_0/i_reg_center_row[3].i_reg_center_col[6].data_reg[3][6][23]/CLR
                                                              3.128         
i_platform/i_rtl/platform_controller/i_reset_controller/reset_vector_extended_reg[4]/C
                               i_platform/i_rtl/i_dca_neugemm00/i_dca_instance_0/i_dca_instance_00/i_generate_multiplier[14].i_dca_instance_1/i_dca_instance_0/stage1_partial_product3_reg[5]/CLR
                                                              3.130         
i_platform/i_rtl/platform_controller/i_reset_controller/reset_vector_extended_reg[4]/C
                               i_platform/i_rtl/i_dca_neugemm00/i_dca_instance_0/i_dca_instance_00/i_generate_multiplier[14].i_dca_instance_1/i_dca_instance_0/stage1_partial_product3_reg[6]/CLR
                                                              3.130         
i_platform/i_rtl/platform_controller/i_reset_controller/reset_vector_extended_reg[4]/C
                               i_platform/i_rtl/i_dca_neugemm00/i_dca_instance_0/i_dca_instance_00/i_generate_multiplier[14].i_dca_instance_1/i_dca_instance_0/stage1_partial_product3_reg[7]/CLR
                                                              3.130         
i_platform/i_rtl/platform_controller/i_reset_controller/reset_vector_extended_reg[4]/C
                               i_platform/i_rtl/i_dca_neugemm00/i_dca_instance_0/i_dca_instance_07/i_dca_instance_1/dca_signal_04_reg[12]/CLR
                                                              3.136         
i_platform/i_rtl/platform_controller/i_reset_controller/reset_vector_extended_reg[4]/C
                               i_platform/i_rtl/i_dca_neugemm00/i_dca_instance_0/i_dca_instance_07/i_dca_instance_1/dca_signal_04_reg[13]/CLR
                                                              3.136         
i_platform/i_rtl/platform_controller/i_reset_controller/reset_vector_extended_reg[4]/C
                               i_platform/i_rtl/i_dca_neugemm00/i_dca_instance_0/i_dca_instance_07/i_dca_instance_1/dca_signal_04_reg[14]/CLR
                                                              3.136         
i_platform/i_rtl/platform_controller/i_reset_controller/reset_vector_extended_reg[4]/C
                               i_platform/i_rtl/i_dca_neugemm00/i_dca_instance_0/i_dca_instance_07/i_dca_instance_1/dca_signal_04_reg[17]/CLR
                                                              3.136         
i_platform/i_rtl/platform_controller/i_reset_controller/reset_vector_extended_reg[4]/C
                               i_platform/i_rtl/i_dca_neugemm00/i_dca_instance_0/i_dca_instance_00/i_generate_multiplier[46].i_dca_instance_1/i_dca_instance_0/stage1_partial_product2_reg[14]/CLR
                                                              3.138         
i_platform/i_rtl/platform_controller/i_reset_controller/reset_vector_extended_reg[4]/C
                               i_platform/i_rtl/i_dca_neugemm00/i_dca_instance_0/i_dca_instance_00/i_generate_multiplier[46].i_dca_instance_1/i_dca_instance_0/stage1_partial_product2_reg[15]/CLR
                                                              3.138         
i_platform/i_rtl/platform_controller/i_reset_controller/reset_vector_extended_reg[4]/C
                               i_platform/i_rtl/i_dca_neugemm00/i_dca_instance_0/i_dca_instance_00/i_generate_multiplier[39].i_dca_instance_1/i_dca_instance_0/stage1_partial_product0_reg[18]/CLR
                                                              3.140         
i_platform/i_rtl/platform_controller/i_reset_controller/reset_vector_extended_reg[4]/C
                               i_platform/i_rtl/i_dca_neugemm00/i_dca_instance_0/i_dca_instance_00/i_generate_multiplier[39].i_dca_instance_1/i_dca_instance_0/stage1_partial_product0_reg[19]/CLR
                                                              3.140         
i_platform/i_rtl/platform_controller/i_reset_controller/reset_vector_extended_reg[4]/C
                               i_platform/i_rtl/i_dca_neugemm00/i_dca_instance_0/i_dca_instance_00/i_generate_multiplier[39].i_dca_instance_1/i_dca_instance_0/stage1_partial_product0_reg[20]/CLR
                                                              3.140         
i_platform/i_rtl/platform_controller/i_reset_controller/reset_vector_extended_reg[4]/C
                               i_platform/i_rtl/i_dca_neugemm00/i_dca_instance_0/i_dca_instance_00/i_generate_multiplier[39].i_dca_instance_1/i_dca_instance_0/stage1_partial_product0_reg[21]/CLR
                                                              3.140         
i_platform/i_rtl/platform_controller/i_reset_controller/reset_vector_extended_reg[4]/C
                               i_platform/i_rtl/i_dca_neugemm00_control_mmiox1_interface/i_mmiox1_bridge/i_inst_fifo/i_generate_fifo[8].i_fifo/mem_reg[3][0]/CLR
                                                              3.185         
i_platform/i_rtl/platform_controller/i_reset_controller/reset_vector_extended_reg[4]/C
                               i_platform/i_rtl/i_dca_neugemm00/i_dca_instance_0/i_dca_instance_00/i_generate_multiplier[46].i_dca_instance_1/i_dca_instance_0/stage1_partial_product2_reg[1]/CLR
                                                              3.196         
i_platform/i_rtl/platform_controller/i_reset_controller/reset_vector_extended_reg[4]/C
                               i_platform/i_rtl/i_dca_neugemm00_control_mmiox1_interface/i_mmiox1_bridge/i_inst_fifo/i_generate_fifo[10].i_fifo/mem_reg[7][27]/CLR
                                                              3.211         
i_platform/i_rtl/platform_controller/i_reset_controller/reset_vector_extended_reg[4]/C
                               i_platform/i_rtl/i_dca_neugemm00_control_mmiox1_interface/i_mmiox1_bridge/i_inst_fifo/i_generate_fifo[10].i_fifo/mem_reg[7][31]/CLR
                                                              3.211         
i_platform/i_rtl/platform_controller/i_reset_controller/reset_vector_extended_reg[4]/C
                               i_platform/i_rtl/i_dca_neugemm00_ma_mlsu/i_dca_instance_0/i_dca_instance_0/i_dca_instance_05/data_reg[4][7]/CLR
                                                              3.211         
i_platform/i_rtl/platform_controller/i_reset_controller/mask_reg[1]/C
                               i_platform/i_rtl/i_snim_common_peri_group_no_name/i_munoc_instance_1/i_munoc_instance_3/i_gen_rdata_buffer[2].i_munoc_instance_0/mem_reg[1][11]/CLR
                                                              3.215         
i_platform/i_rtl/platform_controller/i_reset_controller/mask_reg[1]/C
                               i_platform/i_rtl/i_snim_common_peri_group_no_name/i_munoc_instance_1/i_munoc_instance_3/i_gen_rdata_buffer[2].i_munoc_instance_0/mem_reg[1][8]/CLR
                                                              3.215         
i_platform/i_rtl/platform_controller/i_reset_controller/mask_reg[1]/C
                               i_platform/i_rtl/i_snim_common_peri_group_no_name/i_munoc_instance_1/i_munoc_instance_3/i_gen_rdata_buffer[2].i_munoc_instance_0/mem_reg[1][9]/CLR
                                                              3.215         
i_platform/i_rtl/platform_controller/i_reset_controller/reset_vector_extended_reg[4]/C
                               i_platform/i_rtl/i_dca_neugemm00/i_dca_instance_0/i_dca_instance_00/i_generate_multiplier[55].i_dca_instance_1/i_dca_instance_0/stage1_partial_product3_reg[1]/CLR
                                                              3.228         
i_platform/i_rtl/platform_controller/i_reset_controller/reset_vector_extended_reg[4]/C
                               i_platform/i_rtl/i_dca_neugemm00/i_dca_instance_0/i_dca_instance_00/i_generate_multiplier[55].i_dca_instance_1/i_dca_instance_0/stage1_partial_product3_reg[2]/CLR
                                                              3.228         
i_platform/i_rtl/platform_controller/i_reset_controller/reset_vector_extended_reg[4]/C
                               i_platform/i_rtl/i_dca_neugemm00/i_dca_instance_0/i_dca_instance_00/i_generate_multiplier[55].i_dca_instance_1/i_dca_instance_0/stage1_partial_product3_reg[3]/CLR
                                                              3.228         
i_platform/i_rtl/platform_controller/i_reset_controller/reset_vector_extended_reg[4]/C
                               i_platform/i_rtl/i_dca_neugemm00/i_dca_instance_0/i_dca_instance_00/i_generate_multiplier[55].i_dca_instance_1/i_dca_instance_0/stage1_partial_product3_reg[4]/CLR
                                                              3.228         
i_platform/i_rtl/platform_controller/i_reset_controller/reset_vector_extended_reg[4]/C
                               i_platform/i_rtl/i_dca_neugemm00/i_dca_instance_0/i_dca_instance_00/i_generate_multiplier[54].i_dca_instance_1/i_dca_instance_0/stage1_partial_product2_reg[14]/CLR
                                                              3.228         
i_platform/i_rtl/platform_controller/i_reset_controller/reset_vector_extended_reg[4]/C
                               i_platform/i_rtl/i_dca_neugemm00/i_dca_instance_0/i_dca_instance_00/i_generate_multiplier[54].i_dca_instance_1/i_dca_instance_0/stage1_partial_product2_reg[15]/CLR
                                                              3.228         
i_platform/i_rtl/platform_controller/i_reset_controller/reset_vector_extended_reg[4]/C
                               i_platform/i_rtl/i_dca_neugemm00_control_mmiox1_interface/i_mmiox1_bridge/i_inst_fifo/i_generate_fifo[6].i_fifo/mem_reg[5][16]/CLR
                                                              3.230         
i_platform/i_rtl/platform_controller/i_reset_controller/reset_vector_extended_reg[4]/C
                               i_platform/i_rtl/i_dca_neugemm00_control_mmiox1_interface/i_mmiox1_bridge/i_inst_fifo/i_generate_fifo[6].i_fifo/mem_reg[5][7]/CLR
                                                              3.230         
i_platform/i_rtl/platform_controller/i_reset_controller/reset_vector_extended_reg[4]/C
                               i_platform/i_rtl/i_dca_neugemm00_control_mmiox1_interface/i_mmiox1_bridge/i_inst_fifo/i_generate_fifo[0].i_fifo/mem_reg[2][12]/CLR
                                                              3.230         
i_platform/i_rtl/platform_controller/i_reset_controller/reset_vector_extended_reg[4]/C
                               i_platform/i_rtl/i_dca_neugemm00_control_mmiox1_interface/i_mmiox1_bridge/i_inst_fifo/i_generate_fifo[0].i_fifo/mem_reg[2][29]/CLR
                                                              3.230         
i_platform/i_rtl/platform_controller/i_reset_controller/reset_vector_extended_reg[4]/C
                               i_platform/i_rtl/i_dca_neugemm00_control_mmiox1_interface/i_mmiox1_bridge/i_inst_fifo/i_generate_fifo[12].i_fifo/mem_reg[2][13]/CLR
                                                              3.230         
i_platform/i_rtl/platform_controller/i_reset_controller/reset_vector_extended_reg[4]/C
                               i_platform/i_rtl/i_dca_neugemm00_control_mmiox1_interface/i_mmiox1_bridge/i_inst_fifo/i_generate_fifo[12].i_fifo/mem_reg[2][15]/CLR
                                                              3.230         
i_platform/i_rtl/platform_controller/i_reset_controller/reset_vector_extended_reg[4]/C
                               i_platform/i_rtl/i_dca_neugemm00_control_mmiox1_interface/i_mmiox1_bridge/i_inst_fifo/i_generate_fifo[12].i_fifo/mem_reg[2][18]/CLR
                                                              3.230         
i_platform/i_rtl/platform_controller/i_reset_controller/reset_vector_extended_reg[4]/C
                               i_platform/i_rtl/i_dca_neugemm00_control_mmiox1_interface/i_mmiox1_bridge/i_inst_fifo/i_generate_fifo[12].i_fifo/mem_reg[2][9]/CLR
                                                              3.230         
i_platform/i_rtl/platform_controller/i_reset_controller/reset_vector_extended_reg[4]/C
                               i_platform/i_rtl/i_dca_neugemm00_control_mmiox1_interface/i_mmiox1_bridge/i_inst_fifo/i_generate_fifo[12].i_fifo/mem_reg[7][13]/CLR
                                                              3.230         
i_platform/i_rtl/platform_controller/i_reset_controller/reset_vector_extended_reg[4]/C
                               i_platform/i_rtl/i_dca_neugemm00_control_mmiox1_interface/i_mmiox1_bridge/i_inst_fifo/i_generate_fifo[12].i_fifo/mem_reg[7][16]/CLR
                                                              3.230         
i_platform/i_rtl/platform_controller/i_reset_controller/reset_vector_extended_reg[4]/C
                               i_platform/i_rtl/i_dca_neugemm00_control_mmiox1_interface/i_mmiox1_bridge/i_inst_fifo/i_generate_fifo[12].i_fifo/mem_reg[7][24]/CLR
                                                              3.230         
i_platform/i_rtl/platform_controller/i_reset_controller/reset_vector_extended_reg[4]/C
                               i_platform/i_rtl/i_dca_neugemm00_control_mmiox1_interface/i_mmiox1_bridge/i_inst_fifo/i_generate_fifo[12].i_fifo/mem_reg[7][5]/CLR
                                                              3.230         
i_platform/i_rtl/platform_controller/i_reset_controller/reset_vector_extended_reg[4]/C
                               i_platform/i_rtl/i_dca_neugemm00_control_mmiox1_interface/i_mmiox1_bridge/i_inst_fifo/i_generate_fifo[13].i_fifo/mem_reg[2][15]/CLR
                                                              3.230         
i_platform/i_rtl/platform_controller/i_reset_controller/reset_vector_extended_reg[4]/C
                               i_platform/i_rtl/i_dca_neugemm00_control_mmiox1_interface/i_mmiox1_bridge/i_inst_fifo/i_generate_fifo[13].i_fifo/mem_reg[2][18]/CLR
                                                              3.230         
i_platform/i_system_ddr/u_xilinx_ddr3_ctrl_axi32/u_xilinx_ddr3_ctrl_axi32_mig/u_memc_ui_top_axi/mem_intfc0/ddr_phy_top0/u_ddr_mc_phy_wrapper/u_ddr_mc_phy/ddr_phy_4lanes_0.u_ddr_phy_4lanes/ddr_byte_lane_D.ddr_byte_lane_D/out_fifo/RDCLK
                               i_platform/i_system_ddr/u_xilinx_ddr3_ctrl_axi32/u_xilinx_ddr3_ctrl_axi32_mig/u_memc_ui_top_axi/mem_intfc0/ddr_phy_top0/u_ddr_mc_phy_wrapper/u_ddr_mc_phy/ddr_phy_4lanes_0.u_ddr_phy_4lanes/ddr_byte_lane_D.ddr_byte_lane_D/ddr_byte_group_io/output_[9].oserdes_dq_.ddr.oserdes_dq_i/D3
                                                              3.813         
i_platform/i_system_ddr/u_xilinx_ddr3_ctrl_axi32/u_xilinx_ddr3_ctrl_axi32_mig/u_memc_ui_top_axi/mem_intfc0/ddr_phy_top0/u_ddr_mc_phy_wrapper/u_ddr_mc_phy/ddr_phy_4lanes_0.u_ddr_phy_4lanes/ddr_byte_lane_D.ddr_byte_lane_D/out_fifo/RDCLK
                               i_platform/i_system_ddr/u_xilinx_ddr3_ctrl_axi32/u_xilinx_ddr3_ctrl_axi32_mig/u_memc_ui_top_axi/mem_intfc0/ddr_phy_top0/u_ddr_mc_phy_wrapper/u_ddr_mc_phy/ddr_phy_4lanes_0.u_ddr_phy_4lanes/ddr_byte_lane_D.ddr_byte_lane_D/ddr_byte_group_io/output_[2].oserdes_dq_.ddr.oserdes_dq_i/D3
                                                              3.849         
i_platform/i_system_ddr/u_xilinx_ddr3_ctrl_axi32/u_xilinx_ddr3_ctrl_axi32_mig/u_memc_ui_top_axi/mem_intfc0/ddr_phy_top0/u_ddr_mc_phy_wrapper/u_ddr_mc_phy/ddr_phy_4lanes_0.u_ddr_phy_4lanes/ddr_byte_lane_D.ddr_byte_lane_D/out_fifo/RDCLK
                               i_platform/i_system_ddr/u_xilinx_ddr3_ctrl_axi32/u_xilinx_ddr3_ctrl_axi32_mig/u_memc_ui_top_axi/mem_intfc0/ddr_phy_top0/u_ddr_mc_phy_wrapper/u_ddr_mc_phy/ddr_phy_4lanes_0.u_ddr_phy_4lanes/ddr_byte_lane_D.ddr_byte_lane_D/ddr_byte_group_io/output_[2].oserdes_dq_.ddr.oserdes_dq_i/D1
                                                              3.858         
i_platform/i_system_ddr/u_xilinx_ddr3_ctrl_axi32/u_xilinx_ddr3_ctrl_axi32_mig/u_memc_ui_top_axi/mem_intfc0/ddr_phy_top0/u_ddr_mc_phy_wrapper/u_ddr_mc_phy/ddr_phy_4lanes_0.u_ddr_phy_4lanes/ddr_byte_lane_D.ddr_byte_lane_D/out_fifo/RDCLK
                               i_platform/i_system_ddr/u_xilinx_ddr3_ctrl_axi32/u_xilinx_ddr3_ctrl_axi32_mig/u_memc_ui_top_axi/mem_intfc0/ddr_phy_top0/u_ddr_mc_phy_wrapper/u_ddr_mc_phy/ddr_phy_4lanes_0.u_ddr_phy_4lanes/ddr_byte_lane_D.ddr_byte_lane_D/ddr_byte_group_io/output_[2].oserdes_dq_.ddr.oserdes_dq_i/D4
                                                              3.897         
i_platform/i_system_ddr/u_xilinx_ddr3_ctrl_axi32/u_xilinx_ddr3_ctrl_axi32_mig/u_memc_ui_top_axi/mem_intfc0/ddr_phy_top0/u_ddr_mc_phy_wrapper/u_ddr_mc_phy/ddr_phy_4lanes_0.u_ddr_phy_4lanes/ddr_byte_lane_D.ddr_byte_lane_D/out_fifo/RDCLK
                               i_platform/i_system_ddr/u_xilinx_ddr3_ctrl_axi32/u_xilinx_ddr3_ctrl_axi32_mig/u_memc_ui_top_axi/mem_intfc0/ddr_phy_top0/u_ddr_mc_phy_wrapper/u_ddr_mc_phy/ddr_phy_4lanes_0.u_ddr_phy_4lanes/ddr_byte_lane_D.ddr_byte_lane_D/ddr_byte_group_io/output_[9].oserdes_dq_.ddr.oserdes_dq_i/D4
                                                              3.897         
i_platform/i_system_ddr/u_xilinx_ddr3_ctrl_axi32/u_xilinx_ddr3_ctrl_axi32_mig/u_memc_ui_top_axi/mem_intfc0/ddr_phy_top0/u_ddr_mc_phy_wrapper/u_ddr_mc_phy/ddr_phy_4lanes_0.u_ddr_phy_4lanes/ddr_byte_lane_D.ddr_byte_lane_D/out_fifo/RDCLK
                               i_platform/i_system_ddr/u_xilinx_ddr3_ctrl_axi32/u_xilinx_ddr3_ctrl_axi32_mig/u_memc_ui_top_axi/mem_intfc0/ddr_phy_top0/u_ddr_mc_phy_wrapper/u_ddr_mc_phy/ddr_phy_4lanes_0.u_ddr_phy_4lanes/ddr_byte_lane_D.ddr_byte_lane_D/ddr_byte_group_io/output_[2].oserdes_dq_.ddr.oserdes_dq_i/D2
                                                              3.899         
i_platform/i_system_ddr/u_xilinx_ddr3_ctrl_axi32/u_xilinx_ddr3_ctrl_axi32_mig/u_memc_ui_top_axi/mem_intfc0/ddr_phy_top0/u_ddr_mc_phy_wrapper/u_ddr_mc_phy/ddr_phy_4lanes_0.u_ddr_phy_4lanes/ddr_byte_lane_D.ddr_byte_lane_D/out_fifo/RDCLK
                               i_platform/i_system_ddr/u_xilinx_ddr3_ctrl_axi32/u_xilinx_ddr3_ctrl_axi32_mig/u_memc_ui_top_axi/mem_intfc0/ddr_phy_top0/u_ddr_mc_phy_wrapper/u_ddr_mc_phy/ddr_phy_4lanes_0.u_ddr_phy_4lanes/ddr_byte_lane_D.ddr_byte_lane_D/ddr_byte_group_io/output_[9].oserdes_dq_.ddr.oserdes_dq_i/D2
                                                              3.899         
i_platform/i_system_ddr/u_xilinx_ddr3_ctrl_axi32/u_xilinx_ddr3_ctrl_axi32_mig/u_memc_ui_top_axi/mem_intfc0/ddr_phy_top0/u_ddr_mc_phy_wrapper/u_ddr_mc_phy/ddr_phy_4lanes_0.u_ddr_phy_4lanes/ddr_byte_lane_B.ddr_byte_lane_B/out_fifo/RDCLK
                               i_platform/i_system_ddr/u_xilinx_ddr3_ctrl_axi32/u_xilinx_ddr3_ctrl_axi32_mig/u_memc_ui_top_axi/mem_intfc0/ddr_phy_top0/u_ddr_mc_phy_wrapper/u_ddr_mc_phy/ddr_phy_4lanes_0.u_ddr_phy_4lanes/ddr_byte_lane_B.ddr_byte_lane_B/ddr_byte_group_io/output_[6].oserdes_dq_.ddr.oserdes_dq_i/D1
                                                              4.000         
i_platform/i_system_ddr/u_xilinx_ddr3_ctrl_axi32/u_xilinx_ddr3_ctrl_axi32_mig/u_memc_ui_top_axi/mem_intfc0/ddr_phy_top0/u_ddr_mc_phy_wrapper/u_ddr_mc_phy/ddr_phy_4lanes_0.u_ddr_phy_4lanes/ddr_byte_lane_B.ddr_byte_lane_B/out_fifo/RDCLK
                               i_platform/i_system_ddr/u_xilinx_ddr3_ctrl_axi32/u_xilinx_ddr3_ctrl_axi32_mig/u_memc_ui_top_axi/mem_intfc0/ddr_phy_top0/u_ddr_mc_phy_wrapper/u_ddr_mc_phy/ddr_phy_4lanes_0.u_ddr_phy_4lanes/ddr_byte_lane_B.ddr_byte_lane_B/ddr_byte_group_io/output_[4].oserdes_dq_.ddr.oserdes_dq_i/D1
                                                              4.001         
i_platform/i_system_ddr/u_xilinx_ddr3_ctrl_axi32/u_xilinx_ddr3_ctrl_axi32_mig/u_memc_ui_top_axi/mem_intfc0/ddr_phy_top0/u_ddr_mc_phy_wrapper/u_ddr_mc_phy/ddr_phy_4lanes_0.u_ddr_phy_4lanes/ddr_byte_lane_B.ddr_byte_lane_B/out_fifo/RDCLK
                               i_platform/i_system_ddr/u_xilinx_ddr3_ctrl_axi32/u_xilinx_ddr3_ctrl_axi32_mig/u_memc_ui_top_axi/mem_intfc0/ddr_phy_top0/u_ddr_mc_phy_wrapper/u_ddr_mc_phy/ddr_phy_4lanes_0.u_ddr_phy_4lanes/ddr_byte_lane_B.ddr_byte_lane_B/ddr_byte_group_io/output_[5].oserdes_dq_.ddr.oserdes_dq_i/D1
                                                              4.001         
i_platform/i_system_ddr/u_xilinx_ddr3_ctrl_axi32/u_xilinx_ddr3_ctrl_axi32_mig/u_memc_ui_top_axi/mem_intfc0/ddr_phy_top0/u_ddr_mc_phy_wrapper/u_ddr_mc_phy/ddr_phy_4lanes_0.u_ddr_phy_4lanes/ddr_byte_lane_B.ddr_byte_lane_B/out_fifo/RDCLK
                               i_platform/i_system_ddr/u_xilinx_ddr3_ctrl_axi32/u_xilinx_ddr3_ctrl_axi32_mig/u_memc_ui_top_axi/mem_intfc0/ddr_phy_top0/u_ddr_mc_phy_wrapper/u_ddr_mc_phy/ddr_phy_4lanes_0.u_ddr_phy_4lanes/ddr_byte_lane_B.ddr_byte_lane_B/ddr_byte_group_io/output_[1].oserdes_dq_.ddr.oserdes_dq_i/D1
                                                              4.002         
i_platform/i_system_ddr/u_xilinx_ddr3_ctrl_axi32/u_xilinx_ddr3_ctrl_axi32_mig/u_memc_ui_top_axi/mem_intfc0/ddr_phy_top0/u_ddr_mc_phy_wrapper/u_ddr_mc_phy/ddr_phy_4lanes_0.u_ddr_phy_4lanes/ddr_byte_lane_B.ddr_byte_lane_B/out_fifo/RDCLK
                               i_platform/i_system_ddr/u_xilinx_ddr3_ctrl_axi32/u_xilinx_ddr3_ctrl_axi32_mig/u_memc_ui_top_axi/mem_intfc0/ddr_phy_top0/u_ddr_mc_phy_wrapper/u_ddr_mc_phy/ddr_phy_4lanes_0.u_ddr_phy_4lanes/ddr_byte_lane_B.ddr_byte_lane_B/ddr_byte_group_io/output_[2].oserdes_dq_.ddr.oserdes_dq_i/D1
                                                              4.002         
i_platform/i_system_ddr/u_xilinx_ddr3_ctrl_axi32/u_xilinx_ddr3_ctrl_axi32_mig/u_memc_ui_top_axi/mem_intfc0/ddr_phy_top0/u_ddr_mc_phy_wrapper/u_ddr_mc_phy/ddr_phy_4lanes_0.u_ddr_phy_4lanes/ddr_byte_lane_B.ddr_byte_lane_B/out_fifo/RDCLK
                               i_platform/i_system_ddr/u_xilinx_ddr3_ctrl_axi32/u_xilinx_ddr3_ctrl_axi32_mig/u_memc_ui_top_axi/mem_intfc0/ddr_phy_top0/u_ddr_mc_phy_wrapper/u_ddr_mc_phy/ddr_phy_4lanes_0.u_ddr_phy_4lanes/ddr_byte_lane_B.ddr_byte_lane_B/ddr_byte_group_io/output_[3].oserdes_dq_.ddr.oserdes_dq_i/D1
                                                              4.002         
i_platform/i_system_ddr/u_xilinx_ddr3_ctrl_axi32/u_xilinx_ddr3_ctrl_axi32_mig/u_memc_ui_top_axi/mem_intfc0/ddr_phy_top0/u_ddr_mc_phy_wrapper/u_ddr_mc_phy/ddr_phy_4lanes_0.u_ddr_phy_4lanes/ddr_byte_lane_B.ddr_byte_lane_B/out_fifo/RDCLK
                               i_platform/i_system_ddr/u_xilinx_ddr3_ctrl_axi32/u_xilinx_ddr3_ctrl_axi32_mig/u_memc_ui_top_axi/mem_intfc0/ddr_phy_top0/u_ddr_mc_phy_wrapper/u_ddr_mc_phy/ddr_phy_4lanes_0.u_ddr_phy_4lanes/ddr_byte_lane_B.ddr_byte_lane_B/ddr_byte_group_io/output_[7].oserdes_dq_.ddr.oserdes_dq_i/D1
                                                              4.002         
i_platform/i_system_ddr/u_xilinx_ddr3_ctrl_axi32/u_xilinx_ddr3_ctrl_axi32_mig/u_memc_ui_top_axi/mem_intfc0/ddr_phy_top0/u_ddr_mc_phy_wrapper/u_ddr_mc_phy/ddr_phy_4lanes_0.u_ddr_phy_4lanes/ddr_byte_lane_B.ddr_byte_lane_B/out_fifo/RDCLK
                               i_platform/i_system_ddr/u_xilinx_ddr3_ctrl_axi32/u_xilinx_ddr3_ctrl_axi32_mig/u_memc_ui_top_axi/mem_intfc0/ddr_phy_top0/u_ddr_mc_phy_wrapper/u_ddr_mc_phy/ddr_phy_4lanes_0.u_ddr_phy_4lanes/ddr_byte_lane_B.ddr_byte_lane_B/ddr_byte_group_io/output_[8].oserdes_dq_.ddr.oserdes_dq_i/D1
                                                              4.002         
i_platform/i_system_ddr/u_xilinx_ddr3_ctrl_axi32/u_xilinx_ddr3_ctrl_axi32_mig/u_memc_ui_top_axi/mem_intfc0/ddr_phy_top0/u_ddr_mc_phy_wrapper/u_ddr_mc_phy/ddr_phy_4lanes_0.u_ddr_phy_4lanes/ddr_byte_lane_B.ddr_byte_lane_B/out_fifo/RDCLK
                               i_platform/i_system_ddr/u_xilinx_ddr3_ctrl_axi32/u_xilinx_ddr3_ctrl_axi32_mig/u_memc_ui_top_axi/mem_intfc0/ddr_phy_top0/u_ddr_mc_phy_wrapper/u_ddr_mc_phy/ddr_phy_4lanes_0.u_ddr_phy_4lanes/ddr_byte_lane_B.ddr_byte_lane_B/ddr_byte_group_io/output_[9].oserdes_dq_.ddr.oserdes_dq_i/D1
                                                              4.002         
i_platform/i_system_ddr/u_xilinx_ddr3_ctrl_axi32/u_xilinx_ddr3_ctrl_axi32_mig/u_memc_ui_top_axi/mem_intfc0/ddr_phy_top0/u_ddr_mc_phy_wrapper/u_ddr_mc_phy/ddr_phy_4lanes_0.u_ddr_phy_4lanes/ddr_byte_lane_B.ddr_byte_lane_B/out_fifo/RDCLK
                               i_platform/i_system_ddr/u_xilinx_ddr3_ctrl_axi32/u_xilinx_ddr3_ctrl_axi32_mig/u_memc_ui_top_axi/mem_intfc0/ddr_phy_top0/u_ddr_mc_phy_wrapper/u_ddr_mc_phy/ddr_phy_4lanes_0.u_ddr_phy_4lanes/ddr_byte_lane_B.ddr_byte_lane_B/ddr_byte_group_io/output_[6].oserdes_dq_.ddr.oserdes_dq_i/D2
                                                              4.003         
i_platform/i_system_ddr/u_xilinx_ddr3_ctrl_axi32/u_xilinx_ddr3_ctrl_axi32_mig/u_memc_ui_top_axi/mem_intfc0/ddr_phy_top0/u_ddr_mc_phy_wrapper/u_ddr_mc_phy/ddr_phy_4lanes_0.u_ddr_phy_4lanes/ddr_byte_lane_B.ddr_byte_lane_B/out_fifo/RDCLK
                               i_platform/i_system_ddr/u_xilinx_ddr3_ctrl_axi32/u_xilinx_ddr3_ctrl_axi32_mig/u_memc_ui_top_axi/mem_intfc0/ddr_phy_top0/u_ddr_mc_phy_wrapper/u_ddr_mc_phy/ddr_phy_4lanes_0.u_ddr_phy_4lanes/ddr_byte_lane_B.ddr_byte_lane_B/ddr_byte_group_io/output_[6].oserdes_dq_.ddr.oserdes_dq_i/D4
                                                              4.003         
i_platform/i_system_ddr/u_xilinx_ddr3_ctrl_axi32/u_xilinx_ddr3_ctrl_axi32_mig/u_memc_ui_top_axi/mem_intfc0/ddr_phy_top0/u_ddr_mc_phy_wrapper/u_ddr_mc_phy/ddr_phy_4lanes_0.u_ddr_phy_4lanes/ddr_byte_lane_B.ddr_byte_lane_B/out_fifo/RDCLK
                               i_platform/i_system_ddr/u_xilinx_ddr3_ctrl_axi32/u_xilinx_ddr3_ctrl_axi32_mig/u_memc_ui_top_axi/mem_intfc0/ddr_phy_top0/u_ddr_mc_phy_wrapper/u_ddr_mc_phy/ddr_phy_4lanes_0.u_ddr_phy_4lanes/ddr_byte_lane_B.ddr_byte_lane_B/ddr_byte_group_io/output_[4].oserdes_dq_.ddr.oserdes_dq_i/D2
                                                              4.004         
i_platform/i_system_ddr/u_xilinx_ddr3_ctrl_axi32/u_xilinx_ddr3_ctrl_axi32_mig/u_memc_ui_top_axi/mem_intfc0/ddr_phy_top0/u_ddr_mc_phy_wrapper/u_ddr_mc_phy/ddr_phy_4lanes_0.u_ddr_phy_4lanes/ddr_byte_lane_B.ddr_byte_lane_B/out_fifo/RDCLK
                               i_platform/i_system_ddr/u_xilinx_ddr3_ctrl_axi32/u_xilinx_ddr3_ctrl_axi32_mig/u_memc_ui_top_axi/mem_intfc0/ddr_phy_top0/u_ddr_mc_phy_wrapper/u_ddr_mc_phy/ddr_phy_4lanes_0.u_ddr_phy_4lanes/ddr_byte_lane_B.ddr_byte_lane_B/ddr_byte_group_io/output_[4].oserdes_dq_.ddr.oserdes_dq_i/D4
                                                              4.004         
i_platform/i_system_ddr/u_xilinx_ddr3_ctrl_axi32/u_xilinx_ddr3_ctrl_axi32_mig/u_memc_ui_top_axi/mem_intfc0/ddr_phy_top0/u_ddr_mc_phy_wrapper/u_ddr_mc_phy/ddr_phy_4lanes_0.u_ddr_phy_4lanes/ddr_byte_lane_B.ddr_byte_lane_B/out_fifo/RDCLK
                               i_platform/i_system_ddr/u_xilinx_ddr3_ctrl_axi32/u_xilinx_ddr3_ctrl_axi32_mig/u_memc_ui_top_axi/mem_intfc0/ddr_phy_top0/u_ddr_mc_phy_wrapper/u_ddr_mc_phy/ddr_phy_4lanes_0.u_ddr_phy_4lanes/ddr_byte_lane_B.ddr_byte_lane_B/ddr_byte_group_io/output_[5].oserdes_dq_.ddr.oserdes_dq_i/D2
                                                              4.004         
i_platform/i_system_ddr/u_xilinx_ddr3_ctrl_axi32/u_xilinx_ddr3_ctrl_axi32_mig/u_memc_ui_top_axi/mem_intfc0/ddr_phy_top0/u_ddr_mc_phy_wrapper/u_ddr_mc_phy/ddr_phy_4lanes_0.u_ddr_phy_4lanes/ddr_byte_lane_B.ddr_byte_lane_B/out_fifo/RDCLK
                               i_platform/i_system_ddr/u_xilinx_ddr3_ctrl_axi32/u_xilinx_ddr3_ctrl_axi32_mig/u_memc_ui_top_axi/mem_intfc0/ddr_phy_top0/u_ddr_mc_phy_wrapper/u_ddr_mc_phy/ddr_phy_4lanes_0.u_ddr_phy_4lanes/ddr_byte_lane_B.ddr_byte_lane_B/ddr_byte_group_io/output_[5].oserdes_dq_.ddr.oserdes_dq_i/D4
                                                              4.004         
i_platform/i_system_ddr/u_xilinx_ddr3_ctrl_axi32/u_xilinx_ddr3_ctrl_axi32_mig/u_memc_ui_top_axi/mem_intfc0/ddr_phy_top0/u_ddr_mc_phy_wrapper/u_ddr_mc_phy/ddr_phy_4lanes_0.u_ddr_phy_4lanes/ddr_byte_lane_B.ddr_byte_lane_B/out_fifo/RDCLK
                               i_platform/i_system_ddr/u_xilinx_ddr3_ctrl_axi32/u_xilinx_ddr3_ctrl_axi32_mig/u_memc_ui_top_axi/mem_intfc0/ddr_phy_top0/u_ddr_mc_phy_wrapper/u_ddr_mc_phy/ddr_phy_4lanes_0.u_ddr_phy_4lanes/ddr_byte_lane_B.ddr_byte_lane_B/ddr_byte_group_io/output_[6].oserdes_dq_.ddr.oserdes_dq_i/D3
                                                              4.004         
i_platform/i_system_ddr/u_xilinx_ddr3_ctrl_axi32/u_xilinx_ddr3_ctrl_axi32_mig/u_memc_ui_top_axi/mem_intfc0/ddr_phy_top0/u_ddr_mc_phy_wrapper/u_ddr_mc_phy/ddr_phy_4lanes_0.u_ddr_phy_4lanes/ddr_byte_lane_C.ddr_byte_lane_C/out_fifo/RDCLK
                               i_platform/i_system_ddr/u_xilinx_ddr3_ctrl_axi32/u_xilinx_ddr3_ctrl_axi32_mig/u_memc_ui_top_axi/mem_intfc0/ddr_phy_top0/u_ddr_mc_phy_wrapper/u_ddr_mc_phy/ddr_phy_4lanes_0.u_ddr_phy_4lanes/ddr_byte_lane_C.ddr_byte_lane_C/ddr_byte_group_io/output_[6].oserdes_dq_.ddr.oserdes_dq_i/D1
                                                              4.005         
i_platform/i_system_ddr/u_xilinx_ddr3_ctrl_axi32/u_xilinx_ddr3_ctrl_axi32_mig/u_memc_ui_top_axi/mem_intfc0/ddr_phy_top0/u_ddr_mc_phy_wrapper/u_ddr_mc_phy/ddr_phy_4lanes_0.u_ddr_phy_4lanes/ddr_byte_lane_B.ddr_byte_lane_B/out_fifo/RDCLK
                               i_platform/i_system_ddr/u_xilinx_ddr3_ctrl_axi32/u_xilinx_ddr3_ctrl_axi32_mig/u_memc_ui_top_axi/mem_intfc0/ddr_phy_top0/u_ddr_mc_phy_wrapper/u_ddr_mc_phy/ddr_phy_4lanes_0.u_ddr_phy_4lanes/ddr_byte_lane_B.ddr_byte_lane_B/ddr_byte_group_io/output_[1].oserdes_dq_.ddr.oserdes_dq_i/D2
                                                              4.005         
i_platform/i_system_ddr/u_xilinx_ddr3_ctrl_axi32/u_xilinx_ddr3_ctrl_axi32_mig/u_memc_ui_top_axi/mem_intfc0/ddr_phy_top0/u_ddr_mc_phy_wrapper/u_ddr_mc_phy/ddr_phy_4lanes_0.u_ddr_phy_4lanes/ddr_byte_lane_B.ddr_byte_lane_B/out_fifo/RDCLK
                               i_platform/i_system_ddr/u_xilinx_ddr3_ctrl_axi32/u_xilinx_ddr3_ctrl_axi32_mig/u_memc_ui_top_axi/mem_intfc0/ddr_phy_top0/u_ddr_mc_phy_wrapper/u_ddr_mc_phy/ddr_phy_4lanes_0.u_ddr_phy_4lanes/ddr_byte_lane_B.ddr_byte_lane_B/ddr_byte_group_io/output_[1].oserdes_dq_.ddr.oserdes_dq_i/D4
                                                              4.005         
i_platform/i_system_ddr/u_xilinx_ddr3_ctrl_axi32/u_xilinx_ddr3_ctrl_axi32_mig/u_memc_ui_top_axi/mem_intfc0/ddr_phy_top0/u_ddr_mc_phy_wrapper/u_ddr_mc_phy/ddr_phy_4lanes_0.u_ddr_phy_4lanes/ddr_byte_lane_B.ddr_byte_lane_B/out_fifo/RDCLK
                               i_platform/i_system_ddr/u_xilinx_ddr3_ctrl_axi32/u_xilinx_ddr3_ctrl_axi32_mig/u_memc_ui_top_axi/mem_intfc0/ddr_phy_top0/u_ddr_mc_phy_wrapper/u_ddr_mc_phy/ddr_phy_4lanes_0.u_ddr_phy_4lanes/ddr_byte_lane_B.ddr_byte_lane_B/ddr_byte_group_io/output_[2].oserdes_dq_.ddr.oserdes_dq_i/D2
                                                              4.005         
i_platform/i_system_ddr/u_xilinx_ddr3_ctrl_axi32/u_xilinx_ddr3_ctrl_axi32_mig/u_memc_ui_top_axi/mem_intfc0/ddr_phy_top0/u_ddr_mc_phy_wrapper/u_ddr_mc_phy/ddr_phy_4lanes_0.u_ddr_phy_4lanes/ddr_byte_lane_B.ddr_byte_lane_B/out_fifo/RDCLK
                               i_platform/i_system_ddr/u_xilinx_ddr3_ctrl_axi32/u_xilinx_ddr3_ctrl_axi32_mig/u_memc_ui_top_axi/mem_intfc0/ddr_phy_top0/u_ddr_mc_phy_wrapper/u_ddr_mc_phy/ddr_phy_4lanes_0.u_ddr_phy_4lanes/ddr_byte_lane_B.ddr_byte_lane_B/ddr_byte_group_io/output_[2].oserdes_dq_.ddr.oserdes_dq_i/D4
                                                              4.005         
i_platform/i_system_ddr/u_xilinx_ddr3_ctrl_axi32/u_xilinx_ddr3_ctrl_axi32_mig/u_memc_ui_top_axi/mem_intfc0/ddr_phy_top0/u_ddr_mc_phy_wrapper/u_ddr_mc_phy/ddr_phy_4lanes_0.u_ddr_phy_4lanes/ddr_byte_lane_B.ddr_byte_lane_B/out_fifo/RDCLK
                               i_platform/i_system_ddr/u_xilinx_ddr3_ctrl_axi32/u_xilinx_ddr3_ctrl_axi32_mig/u_memc_ui_top_axi/mem_intfc0/ddr_phy_top0/u_ddr_mc_phy_wrapper/u_ddr_mc_phy/ddr_phy_4lanes_0.u_ddr_phy_4lanes/ddr_byte_lane_B.ddr_byte_lane_B/ddr_byte_group_io/output_[3].oserdes_dq_.ddr.oserdes_dq_i/D2
                                                              4.005         
i_platform/i_system_ddr/u_xilinx_ddr3_ctrl_axi32/u_xilinx_ddr3_ctrl_axi32_mig/u_memc_ui_top_axi/mem_intfc0/ddr_phy_top0/u_ddr_mc_phy_wrapper/u_ddr_mc_phy/ddr_phy_4lanes_0.u_ddr_phy_4lanes/ddr_byte_lane_B.ddr_byte_lane_B/out_fifo/RDCLK
                               i_platform/i_system_ddr/u_xilinx_ddr3_ctrl_axi32/u_xilinx_ddr3_ctrl_axi32_mig/u_memc_ui_top_axi/mem_intfc0/ddr_phy_top0/u_ddr_mc_phy_wrapper/u_ddr_mc_phy/ddr_phy_4lanes_0.u_ddr_phy_4lanes/ddr_byte_lane_B.ddr_byte_lane_B/ddr_byte_group_io/output_[3].oserdes_dq_.ddr.oserdes_dq_i/D4
                                                              4.005         
i_platform/i_system_ddr/u_xilinx_ddr3_ctrl_axi32/u_xilinx_ddr3_ctrl_axi32_mig/u_memc_ui_top_axi/mem_intfc0/ddr_phy_top0/u_ddr_mc_phy_wrapper/u_ddr_mc_phy/ddr_phy_4lanes_0.u_ddr_phy_4lanes/ddr_byte_lane_B.ddr_byte_lane_B/out_fifo/RDCLK
                               i_platform/i_system_ddr/u_xilinx_ddr3_ctrl_axi32/u_xilinx_ddr3_ctrl_axi32_mig/u_memc_ui_top_axi/mem_intfc0/ddr_phy_top0/u_ddr_mc_phy_wrapper/u_ddr_mc_phy/ddr_phy_4lanes_0.u_ddr_phy_4lanes/ddr_byte_lane_B.ddr_byte_lane_B/ddr_byte_group_io/output_[4].oserdes_dq_.ddr.oserdes_dq_i/D3
                                                              4.005         
i_platform/i_system_ddr/u_xilinx_ddr3_ctrl_axi32/u_xilinx_ddr3_ctrl_axi32_mig/u_memc_ui_top_axi/mem_intfc0/ddr_phy_top0/u_ddr_mc_phy_wrapper/u_ddr_mc_phy/ddr_phy_4lanes_0.u_ddr_phy_4lanes/ddr_byte_lane_B.ddr_byte_lane_B/out_fifo/RDCLK
                               i_platform/i_system_ddr/u_xilinx_ddr3_ctrl_axi32/u_xilinx_ddr3_ctrl_axi32_mig/u_memc_ui_top_axi/mem_intfc0/ddr_phy_top0/u_ddr_mc_phy_wrapper/u_ddr_mc_phy/ddr_phy_4lanes_0.u_ddr_phy_4lanes/ddr_byte_lane_B.ddr_byte_lane_B/ddr_byte_group_io/output_[5].oserdes_dq_.ddr.oserdes_dq_i/D3
                                                              4.005         
i_platform/i_system_ddr/u_xilinx_ddr3_ctrl_axi32/u_xilinx_ddr3_ctrl_axi32_mig/u_memc_ui_top_axi/mem_intfc0/ddr_phy_top0/u_ddr_mc_phy_wrapper/u_ddr_mc_phy/ddr_phy_4lanes_0.u_ddr_phy_4lanes/ddr_byte_lane_B.ddr_byte_lane_B/out_fifo/RDCLK
                               i_platform/i_system_ddr/u_xilinx_ddr3_ctrl_axi32/u_xilinx_ddr3_ctrl_axi32_mig/u_memc_ui_top_axi/mem_intfc0/ddr_phy_top0/u_ddr_mc_phy_wrapper/u_ddr_mc_phy/ddr_phy_4lanes_0.u_ddr_phy_4lanes/ddr_byte_lane_B.ddr_byte_lane_B/ddr_byte_group_io/output_[7].oserdes_dq_.ddr.oserdes_dq_i/D2
                                                              4.005         
i_platform/i_system_ddr/u_xilinx_ddr3_ctrl_axi32/u_xilinx_ddr3_ctrl_axi32_mig/u_memc_ui_top_axi/mem_intfc0/ddr_phy_top0/u_ddr_mc_phy_wrapper/u_ddr_mc_phy/ddr_phy_4lanes_0.u_ddr_phy_4lanes/ddr_byte_lane_B.ddr_byte_lane_B/out_fifo/RDCLK
                               i_platform/i_system_ddr/u_xilinx_ddr3_ctrl_axi32/u_xilinx_ddr3_ctrl_axi32_mig/u_memc_ui_top_axi/mem_intfc0/ddr_phy_top0/u_ddr_mc_phy_wrapper/u_ddr_mc_phy/ddr_phy_4lanes_0.u_ddr_phy_4lanes/ddr_byte_lane_B.ddr_byte_lane_B/ddr_byte_group_io/output_[7].oserdes_dq_.ddr.oserdes_dq_i/D4
                                                              4.005         
i_platform/i_system_ddr/u_xilinx_ddr3_ctrl_axi32/u_xilinx_ddr3_ctrl_axi32_mig/u_memc_ui_top_axi/mem_intfc0/ddr_phy_top0/u_ddr_mc_phy_wrapper/u_ddr_mc_phy/ddr_phy_4lanes_0.u_ddr_phy_4lanes/ddr_byte_lane_B.ddr_byte_lane_B/out_fifo/RDCLK
                               i_platform/i_system_ddr/u_xilinx_ddr3_ctrl_axi32/u_xilinx_ddr3_ctrl_axi32_mig/u_memc_ui_top_axi/mem_intfc0/ddr_phy_top0/u_ddr_mc_phy_wrapper/u_ddr_mc_phy/ddr_phy_4lanes_0.u_ddr_phy_4lanes/ddr_byte_lane_B.ddr_byte_lane_B/ddr_byte_group_io/output_[8].oserdes_dq_.ddr.oserdes_dq_i/D2
                                                              4.005         
i_platform/i_system_ddr/u_xilinx_ddr3_ctrl_axi32/u_xilinx_ddr3_ctrl_axi32_mig/u_memc_ui_top_axi/mem_intfc0/ddr_phy_top0/u_ddr_mc_phy_wrapper/u_ddr_mc_phy/ddr_phy_4lanes_0.u_ddr_phy_4lanes/ddr_byte_lane_B.ddr_byte_lane_B/out_fifo/RDCLK
                               i_platform/i_system_ddr/u_xilinx_ddr3_ctrl_axi32/u_xilinx_ddr3_ctrl_axi32_mig/u_memc_ui_top_axi/mem_intfc0/ddr_phy_top0/u_ddr_mc_phy_wrapper/u_ddr_mc_phy/ddr_phy_4lanes_0.u_ddr_phy_4lanes/ddr_byte_lane_B.ddr_byte_lane_B/ddr_byte_group_io/output_[8].oserdes_dq_.ddr.oserdes_dq_i/D4
                                                              4.005         
i_platform/i_system_ddr/u_xilinx_ddr3_ctrl_axi32/u_xilinx_ddr3_ctrl_axi32_mig/u_memc_ui_top_axi/mem_intfc0/ddr_phy_top0/u_ddr_mc_phy_wrapper/u_ddr_mc_phy/ddr_phy_4lanes_0.u_ddr_phy_4lanes/ddr_byte_lane_B.ddr_byte_lane_B/out_fifo/RDCLK
                               i_platform/i_system_ddr/u_xilinx_ddr3_ctrl_axi32/u_xilinx_ddr3_ctrl_axi32_mig/u_memc_ui_top_axi/mem_intfc0/ddr_phy_top0/u_ddr_mc_phy_wrapper/u_ddr_mc_phy/ddr_phy_4lanes_0.u_ddr_phy_4lanes/ddr_byte_lane_B.ddr_byte_lane_B/ddr_byte_group_io/output_[9].oserdes_dq_.ddr.oserdes_dq_i/D2
                                                              4.005         
i_platform/i_system_ddr/u_xilinx_ddr3_ctrl_axi32/u_xilinx_ddr3_ctrl_axi32_mig/u_memc_ui_top_axi/mem_intfc0/ddr_phy_top0/u_ddr_mc_phy_wrapper/u_ddr_mc_phy/ddr_phy_4lanes_0.u_ddr_phy_4lanes/ddr_byte_lane_B.ddr_byte_lane_B/out_fifo/RDCLK
                               i_platform/i_system_ddr/u_xilinx_ddr3_ctrl_axi32/u_xilinx_ddr3_ctrl_axi32_mig/u_memc_ui_top_axi/mem_intfc0/ddr_phy_top0/u_ddr_mc_phy_wrapper/u_ddr_mc_phy/ddr_phy_4lanes_0.u_ddr_phy_4lanes/ddr_byte_lane_B.ddr_byte_lane_B/ddr_byte_group_io/output_[9].oserdes_dq_.ddr.oserdes_dq_i/D4
                                                              4.005         
i_platform/i_system_ddr/u_xilinx_ddr3_ctrl_axi32/u_xilinx_ddr3_ctrl_axi32_mig/u_memc_ui_top_axi/mem_intfc0/ddr_phy_top0/u_ddr_mc_phy_wrapper/u_ddr_mc_phy/ddr_phy_4lanes_0.u_ddr_phy_4lanes/ddr_byte_lane_C.ddr_byte_lane_C/out_fifo/RDCLK
                               i_platform/i_system_ddr/u_xilinx_ddr3_ctrl_axi32/u_xilinx_ddr3_ctrl_axi32_mig/u_memc_ui_top_axi/mem_intfc0/ddr_phy_top0/u_ddr_mc_phy_wrapper/u_ddr_mc_phy/ddr_phy_4lanes_0.u_ddr_phy_4lanes/ddr_byte_lane_C.ddr_byte_lane_C/ddr_byte_group_io/output_[4].oserdes_dq_.ddr.oserdes_dq_i/D1
                                                              4.006         
i_platform/i_system_ddr/u_xilinx_ddr3_ctrl_axi32/u_xilinx_ddr3_ctrl_axi32_mig/u_memc_ui_top_axi/mem_intfc0/ddr_phy_top0/u_ddr_mc_phy_wrapper/u_ddr_mc_phy/ddr_phy_4lanes_0.u_ddr_phy_4lanes/ddr_byte_lane_C.ddr_byte_lane_C/out_fifo/RDCLK
                               i_platform/i_system_ddr/u_xilinx_ddr3_ctrl_axi32/u_xilinx_ddr3_ctrl_axi32_mig/u_memc_ui_top_axi/mem_intfc0/ddr_phy_top0/u_ddr_mc_phy_wrapper/u_ddr_mc_phy/ddr_phy_4lanes_0.u_ddr_phy_4lanes/ddr_byte_lane_C.ddr_byte_lane_C/ddr_byte_group_io/output_[5].oserdes_dq_.ddr.oserdes_dq_i/D1
                                                              4.006         
i_platform/i_system_ddr/u_xilinx_ddr3_ctrl_axi32/u_xilinx_ddr3_ctrl_axi32_mig/u_memc_ui_top_axi/mem_intfc0/ddr_phy_top0/u_ddr_mc_phy_wrapper/u_ddr_mc_phy/ddr_phy_4lanes_0.u_ddr_phy_4lanes/ddr_byte_lane_B.ddr_byte_lane_B/out_fifo/RDCLK
                               i_platform/i_system_ddr/u_xilinx_ddr3_ctrl_axi32/u_xilinx_ddr3_ctrl_axi32_mig/u_memc_ui_top_axi/mem_intfc0/ddr_phy_top0/u_ddr_mc_phy_wrapper/u_ddr_mc_phy/ddr_phy_4lanes_0.u_ddr_phy_4lanes/ddr_byte_lane_B.ddr_byte_lane_B/ddr_byte_group_io/output_[1].oserdes_dq_.ddr.oserdes_dq_i/D3
                                                              4.006         
i_platform/i_system_ddr/u_xilinx_ddr3_ctrl_axi32/u_xilinx_ddr3_ctrl_axi32_mig/u_memc_ui_top_axi/mem_intfc0/ddr_phy_top0/u_ddr_mc_phy_wrapper/u_ddr_mc_phy/ddr_phy_4lanes_0.u_ddr_phy_4lanes/ddr_byte_lane_B.ddr_byte_lane_B/out_fifo/RDCLK
                               i_platform/i_system_ddr/u_xilinx_ddr3_ctrl_axi32/u_xilinx_ddr3_ctrl_axi32_mig/u_memc_ui_top_axi/mem_intfc0/ddr_phy_top0/u_ddr_mc_phy_wrapper/u_ddr_mc_phy/ddr_phy_4lanes_0.u_ddr_phy_4lanes/ddr_byte_lane_B.ddr_byte_lane_B/ddr_byte_group_io/output_[2].oserdes_dq_.ddr.oserdes_dq_i/D3
                                                              4.006         
i_platform/i_system_ddr/u_xilinx_ddr3_ctrl_axi32/u_xilinx_ddr3_ctrl_axi32_mig/u_memc_ui_top_axi/mem_intfc0/ddr_phy_top0/u_ddr_mc_phy_wrapper/u_ddr_mc_phy/ddr_phy_4lanes_0.u_ddr_phy_4lanes/ddr_byte_lane_B.ddr_byte_lane_B/out_fifo/RDCLK
                               i_platform/i_system_ddr/u_xilinx_ddr3_ctrl_axi32/u_xilinx_ddr3_ctrl_axi32_mig/u_memc_ui_top_axi/mem_intfc0/ddr_phy_top0/u_ddr_mc_phy_wrapper/u_ddr_mc_phy/ddr_phy_4lanes_0.u_ddr_phy_4lanes/ddr_byte_lane_B.ddr_byte_lane_B/ddr_byte_group_io/output_[3].oserdes_dq_.ddr.oserdes_dq_i/D3
                                                              4.006         
i_platform/i_system_ddr/u_xilinx_ddr3_ctrl_axi32/u_xilinx_ddr3_ctrl_axi32_mig/u_memc_ui_top_axi/mem_intfc0/ddr_phy_top0/u_ddr_mc_phy_wrapper/u_ddr_mc_phy/ddr_phy_4lanes_0.u_ddr_phy_4lanes/ddr_byte_lane_B.ddr_byte_lane_B/out_fifo/RDCLK
                               i_platform/i_system_ddr/u_xilinx_ddr3_ctrl_axi32/u_xilinx_ddr3_ctrl_axi32_mig/u_memc_ui_top_axi/mem_intfc0/ddr_phy_top0/u_ddr_mc_phy_wrapper/u_ddr_mc_phy/ddr_phy_4lanes_0.u_ddr_phy_4lanes/ddr_byte_lane_B.ddr_byte_lane_B/ddr_byte_group_io/output_[7].oserdes_dq_.ddr.oserdes_dq_i/D3
                                                              4.006         
i_platform/i_system_ddr/u_xilinx_ddr3_ctrl_axi32/u_xilinx_ddr3_ctrl_axi32_mig/u_memc_ui_top_axi/mem_intfc0/ddr_phy_top0/u_ddr_mc_phy_wrapper/u_ddr_mc_phy/ddr_phy_4lanes_0.u_ddr_phy_4lanes/ddr_byte_lane_B.ddr_byte_lane_B/out_fifo/RDCLK
                               i_platform/i_system_ddr/u_xilinx_ddr3_ctrl_axi32/u_xilinx_ddr3_ctrl_axi32_mig/u_memc_ui_top_axi/mem_intfc0/ddr_phy_top0/u_ddr_mc_phy_wrapper/u_ddr_mc_phy/ddr_phy_4lanes_0.u_ddr_phy_4lanes/ddr_byte_lane_B.ddr_byte_lane_B/ddr_byte_group_io/output_[8].oserdes_dq_.ddr.oserdes_dq_i/D3
                                                              4.006         
i_platform/i_system_ddr/u_xilinx_ddr3_ctrl_axi32/u_xilinx_ddr3_ctrl_axi32_mig/u_memc_ui_top_axi/mem_intfc0/ddr_phy_top0/u_ddr_mc_phy_wrapper/u_ddr_mc_phy/ddr_phy_4lanes_0.u_ddr_phy_4lanes/ddr_byte_lane_B.ddr_byte_lane_B/out_fifo/RDCLK
                               i_platform/i_system_ddr/u_xilinx_ddr3_ctrl_axi32/u_xilinx_ddr3_ctrl_axi32_mig/u_memc_ui_top_axi/mem_intfc0/ddr_phy_top0/u_ddr_mc_phy_wrapper/u_ddr_mc_phy/ddr_phy_4lanes_0.u_ddr_phy_4lanes/ddr_byte_lane_B.ddr_byte_lane_B/ddr_byte_group_io/output_[9].oserdes_dq_.ddr.oserdes_dq_i/D3
                                                              4.006         
i_platform/i_system_ddr/u_xilinx_ddr3_ctrl_axi32/u_xilinx_ddr3_ctrl_axi32_mig/u_memc_ui_top_axi/mem_intfc0/ddr_phy_top0/u_ddr_mc_phy_wrapper/u_ddr_mc_phy/ddr_phy_4lanes_0.u_ddr_phy_4lanes/ddr_byte_lane_C.ddr_byte_lane_C/out_fifo/RDCLK
                               i_platform/i_system_ddr/u_xilinx_ddr3_ctrl_axi32/u_xilinx_ddr3_ctrl_axi32_mig/u_memc_ui_top_axi/mem_intfc0/ddr_phy_top0/u_ddr_mc_phy_wrapper/u_ddr_mc_phy/ddr_phy_4lanes_0.u_ddr_phy_4lanes/ddr_byte_lane_C.ddr_byte_lane_C/ddr_byte_group_io/output_[1].oserdes_dq_.ddr.oserdes_dq_i/D1
                                                              4.007         
i_platform/i_system_ddr/u_xilinx_ddr3_ctrl_axi32/u_xilinx_ddr3_ctrl_axi32_mig/u_memc_ui_top_axi/mem_intfc0/ddr_phy_top0/u_ddr_mc_phy_wrapper/u_ddr_mc_phy/ddr_phy_4lanes_0.u_ddr_phy_4lanes/ddr_byte_lane_C.ddr_byte_lane_C/out_fifo/RDCLK
                               i_platform/i_system_ddr/u_xilinx_ddr3_ctrl_axi32/u_xilinx_ddr3_ctrl_axi32_mig/u_memc_ui_top_axi/mem_intfc0/ddr_phy_top0/u_ddr_mc_phy_wrapper/u_ddr_mc_phy/ddr_phy_4lanes_0.u_ddr_phy_4lanes/ddr_byte_lane_C.ddr_byte_lane_C/ddr_byte_group_io/output_[2].oserdes_dq_.ddr.oserdes_dq_i/D1
                                                              4.007         
i_platform/i_system_ddr/u_xilinx_ddr3_ctrl_axi32/u_xilinx_ddr3_ctrl_axi32_mig/u_memc_ui_top_axi/mem_intfc0/ddr_phy_top0/u_ddr_mc_phy_wrapper/u_ddr_mc_phy/ddr_phy_4lanes_0.u_ddr_phy_4lanes/ddr_byte_lane_C.ddr_byte_lane_C/out_fifo/RDCLK
                               i_platform/i_system_ddr/u_xilinx_ddr3_ctrl_axi32/u_xilinx_ddr3_ctrl_axi32_mig/u_memc_ui_top_axi/mem_intfc0/ddr_phy_top0/u_ddr_mc_phy_wrapper/u_ddr_mc_phy/ddr_phy_4lanes_0.u_ddr_phy_4lanes/ddr_byte_lane_C.ddr_byte_lane_C/ddr_byte_group_io/output_[3].oserdes_dq_.ddr.oserdes_dq_i/D1
                                                              4.007         
i_platform/i_system_ddr/u_xilinx_ddr3_ctrl_axi32/u_xilinx_ddr3_ctrl_axi32_mig/u_memc_ui_top_axi/mem_intfc0/ddr_phy_top0/u_ddr_mc_phy_wrapper/u_ddr_mc_phy/ddr_phy_4lanes_0.u_ddr_phy_4lanes/ddr_byte_lane_C.ddr_byte_lane_C/out_fifo/RDCLK
                               i_platform/i_system_ddr/u_xilinx_ddr3_ctrl_axi32/u_xilinx_ddr3_ctrl_axi32_mig/u_memc_ui_top_axi/mem_intfc0/ddr_phy_top0/u_ddr_mc_phy_wrapper/u_ddr_mc_phy/ddr_phy_4lanes_0.u_ddr_phy_4lanes/ddr_byte_lane_C.ddr_byte_lane_C/ddr_byte_group_io/output_[7].oserdes_dq_.ddr.oserdes_dq_i/D1
                                                              4.007         
i_platform/i_system_ddr/u_xilinx_ddr3_ctrl_axi32/u_xilinx_ddr3_ctrl_axi32_mig/u_memc_ui_top_axi/mem_intfc0/ddr_phy_top0/u_ddr_mc_phy_wrapper/u_ddr_mc_phy/ddr_phy_4lanes_0.u_ddr_phy_4lanes/ddr_byte_lane_C.ddr_byte_lane_C/out_fifo/RDCLK
                               i_platform/i_system_ddr/u_xilinx_ddr3_ctrl_axi32/u_xilinx_ddr3_ctrl_axi32_mig/u_memc_ui_top_axi/mem_intfc0/ddr_phy_top0/u_ddr_mc_phy_wrapper/u_ddr_mc_phy/ddr_phy_4lanes_0.u_ddr_phy_4lanes/ddr_byte_lane_C.ddr_byte_lane_C/ddr_byte_group_io/output_[8].oserdes_dq_.ddr.oserdes_dq_i/D1
                                                              4.007         
i_platform/i_system_ddr/u_xilinx_ddr3_ctrl_axi32/u_xilinx_ddr3_ctrl_axi32_mig/u_memc_ui_top_axi/mem_intfc0/ddr_phy_top0/u_ddr_mc_phy_wrapper/u_ddr_mc_phy/ddr_phy_4lanes_0.u_ddr_phy_4lanes/ddr_byte_lane_C.ddr_byte_lane_C/out_fifo/RDCLK
                               i_platform/i_system_ddr/u_xilinx_ddr3_ctrl_axi32/u_xilinx_ddr3_ctrl_axi32_mig/u_memc_ui_top_axi/mem_intfc0/ddr_phy_top0/u_ddr_mc_phy_wrapper/u_ddr_mc_phy/ddr_phy_4lanes_0.u_ddr_phy_4lanes/ddr_byte_lane_C.ddr_byte_lane_C/ddr_byte_group_io/output_[9].oserdes_dq_.ddr.oserdes_dq_i/D1
                                                              4.007         
i_platform/i_system_ddr/u_xilinx_ddr3_ctrl_axi32/u_xilinx_ddr3_ctrl_axi32_mig/u_memc_ui_top_axi/mem_intfc0/ddr_phy_top0/u_ddr_mc_phy_wrapper/u_ddr_mc_phy/ddr_phy_4lanes_0.u_ddr_phy_4lanes/ddr_byte_lane_C.ddr_byte_lane_C/out_fifo/RDCLK
                               i_platform/i_system_ddr/u_xilinx_ddr3_ctrl_axi32/u_xilinx_ddr3_ctrl_axi32_mig/u_memc_ui_top_axi/mem_intfc0/ddr_phy_top0/u_ddr_mc_phy_wrapper/u_ddr_mc_phy/ddr_phy_4lanes_0.u_ddr_phy_4lanes/ddr_byte_lane_C.ddr_byte_lane_C/ddr_byte_group_io/output_[6].oserdes_dq_.ddr.oserdes_dq_i/D2
                                                              4.008         
i_platform/i_system_ddr/u_xilinx_ddr3_ctrl_axi32/u_xilinx_ddr3_ctrl_axi32_mig/u_memc_ui_top_axi/mem_intfc0/ddr_phy_top0/u_ddr_mc_phy_wrapper/u_ddr_mc_phy/ddr_phy_4lanes_0.u_ddr_phy_4lanes/ddr_byte_lane_C.ddr_byte_lane_C/out_fifo/RDCLK
                               i_platform/i_system_ddr/u_xilinx_ddr3_ctrl_axi32/u_xilinx_ddr3_ctrl_axi32_mig/u_memc_ui_top_axi/mem_intfc0/ddr_phy_top0/u_ddr_mc_phy_wrapper/u_ddr_mc_phy/ddr_phy_4lanes_0.u_ddr_phy_4lanes/ddr_byte_lane_C.ddr_byte_lane_C/ddr_byte_group_io/output_[6].oserdes_dq_.ddr.oserdes_dq_i/D4
                                                              4.008         
i_platform/i_system_ddr/u_xilinx_ddr3_ctrl_axi32/u_xilinx_ddr3_ctrl_axi32_mig/u_memc_ui_top_axi/mem_intfc0/ddr_phy_top0/u_ddr_mc_phy_wrapper/u_ddr_mc_phy/ddr_phy_4lanes_0.u_ddr_phy_4lanes/ddr_byte_lane_C.ddr_byte_lane_C/out_fifo/RDCLK
                               i_platform/i_system_ddr/u_xilinx_ddr3_ctrl_axi32/u_xilinx_ddr3_ctrl_axi32_mig/u_memc_ui_top_axi/mem_intfc0/ddr_phy_top0/u_ddr_mc_phy_wrapper/u_ddr_mc_phy/ddr_phy_4lanes_0.u_ddr_phy_4lanes/ddr_byte_lane_C.ddr_byte_lane_C/ddr_byte_group_io/output_[4].oserdes_dq_.ddr.oserdes_dq_i/D2
                                                              4.009         
i_platform/i_system_ddr/u_xilinx_ddr3_ctrl_axi32/u_xilinx_ddr3_ctrl_axi32_mig/u_memc_ui_top_axi/mem_intfc0/ddr_phy_top0/u_ddr_mc_phy_wrapper/u_ddr_mc_phy/ddr_phy_4lanes_0.u_ddr_phy_4lanes/ddr_byte_lane_C.ddr_byte_lane_C/out_fifo/RDCLK
                               i_platform/i_system_ddr/u_xilinx_ddr3_ctrl_axi32/u_xilinx_ddr3_ctrl_axi32_mig/u_memc_ui_top_axi/mem_intfc0/ddr_phy_top0/u_ddr_mc_phy_wrapper/u_ddr_mc_phy/ddr_phy_4lanes_0.u_ddr_phy_4lanes/ddr_byte_lane_C.ddr_byte_lane_C/ddr_byte_group_io/output_[4].oserdes_dq_.ddr.oserdes_dq_i/D4
                                                              4.009         
i_platform/i_system_ddr/u_xilinx_ddr3_ctrl_axi32/u_xilinx_ddr3_ctrl_axi32_mig/u_memc_ui_top_axi/mem_intfc0/ddr_phy_top0/u_ddr_mc_phy_wrapper/u_ddr_mc_phy/ddr_phy_4lanes_0.u_ddr_phy_4lanes/ddr_byte_lane_C.ddr_byte_lane_C/out_fifo/RDCLK
                               i_platform/i_system_ddr/u_xilinx_ddr3_ctrl_axi32/u_xilinx_ddr3_ctrl_axi32_mig/u_memc_ui_top_axi/mem_intfc0/ddr_phy_top0/u_ddr_mc_phy_wrapper/u_ddr_mc_phy/ddr_phy_4lanes_0.u_ddr_phy_4lanes/ddr_byte_lane_C.ddr_byte_lane_C/ddr_byte_group_io/output_[5].oserdes_dq_.ddr.oserdes_dq_i/D2
                                                              4.009         
i_platform/i_system_ddr/u_xilinx_ddr3_ctrl_axi32/u_xilinx_ddr3_ctrl_axi32_mig/u_memc_ui_top_axi/mem_intfc0/ddr_phy_top0/u_ddr_mc_phy_wrapper/u_ddr_mc_phy/ddr_phy_4lanes_0.u_ddr_phy_4lanes/ddr_byte_lane_C.ddr_byte_lane_C/out_fifo/RDCLK
                               i_platform/i_system_ddr/u_xilinx_ddr3_ctrl_axi32/u_xilinx_ddr3_ctrl_axi32_mig/u_memc_ui_top_axi/mem_intfc0/ddr_phy_top0/u_ddr_mc_phy_wrapper/u_ddr_mc_phy/ddr_phy_4lanes_0.u_ddr_phy_4lanes/ddr_byte_lane_C.ddr_byte_lane_C/ddr_byte_group_io/output_[5].oserdes_dq_.ddr.oserdes_dq_i/D4
                                                              4.009         
i_platform/i_system_ddr/u_xilinx_ddr3_ctrl_axi32/u_xilinx_ddr3_ctrl_axi32_mig/u_memc_ui_top_axi/mem_intfc0/ddr_phy_top0/u_ddr_mc_phy_wrapper/u_ddr_mc_phy/ddr_phy_4lanes_0.u_ddr_phy_4lanes/ddr_byte_lane_C.ddr_byte_lane_C/out_fifo/RDCLK
                               i_platform/i_system_ddr/u_xilinx_ddr3_ctrl_axi32/u_xilinx_ddr3_ctrl_axi32_mig/u_memc_ui_top_axi/mem_intfc0/ddr_phy_top0/u_ddr_mc_phy_wrapper/u_ddr_mc_phy/ddr_phy_4lanes_0.u_ddr_phy_4lanes/ddr_byte_lane_C.ddr_byte_lane_C/ddr_byte_group_io/output_[6].oserdes_dq_.ddr.oserdes_dq_i/D3
                                                              4.009         
i_platform/i_system_ddr/u_xilinx_ddr3_ctrl_axi32/u_xilinx_ddr3_ctrl_axi32_mig/u_memc_ui_top_axi/mem_intfc0/ddr_phy_top0/u_ddr_mc_phy_wrapper/u_ddr_mc_phy/ddr_phy_4lanes_0.u_ddr_phy_4lanes/ddr_byte_lane_D.ddr_byte_lane_D/out_fifo/RDCLK
                               i_platform/i_system_ddr/u_xilinx_ddr3_ctrl_axi32/u_xilinx_ddr3_ctrl_axi32_mig/u_memc_ui_top_axi/mem_intfc0/ddr_phy_top0/u_ddr_mc_phy_wrapper/u_ddr_mc_phy/ddr_phy_4lanes_0.u_ddr_phy_4lanes/ddr_byte_lane_D.ddr_byte_lane_D/ddr_byte_group_io/output_[9].oserdes_dq_.ddr.oserdes_dq_i/D1
                                                              4.009         
i_platform/i_system_ddr/u_xilinx_ddr3_ctrl_axi32/u_xilinx_ddr3_ctrl_axi32_mig/u_memc_ui_top_axi/mem_intfc0/ddr_phy_top0/u_ddr_mc_phy_wrapper/u_ddr_mc_phy/ddr_phy_4lanes_0.u_ddr_phy_4lanes/ddr_byte_lane_C.ddr_byte_lane_C/out_fifo/RDCLK
                               i_platform/i_system_ddr/u_xilinx_ddr3_ctrl_axi32/u_xilinx_ddr3_ctrl_axi32_mig/u_memc_ui_top_axi/mem_intfc0/ddr_phy_top0/u_ddr_mc_phy_wrapper/u_ddr_mc_phy/ddr_phy_4lanes_0.u_ddr_phy_4lanes/ddr_byte_lane_C.ddr_byte_lane_C/ddr_byte_group_io/output_[1].oserdes_dq_.ddr.oserdes_dq_i/D2
                                                              4.010         
i_platform/i_system_ddr/u_xilinx_ddr3_ctrl_axi32/u_xilinx_ddr3_ctrl_axi32_mig/u_memc_ui_top_axi/mem_intfc0/ddr_phy_top0/u_ddr_mc_phy_wrapper/u_ddr_mc_phy/ddr_phy_4lanes_0.u_ddr_phy_4lanes/ddr_byte_lane_C.ddr_byte_lane_C/out_fifo/RDCLK
                               i_platform/i_system_ddr/u_xilinx_ddr3_ctrl_axi32/u_xilinx_ddr3_ctrl_axi32_mig/u_memc_ui_top_axi/mem_intfc0/ddr_phy_top0/u_ddr_mc_phy_wrapper/u_ddr_mc_phy/ddr_phy_4lanes_0.u_ddr_phy_4lanes/ddr_byte_lane_C.ddr_byte_lane_C/ddr_byte_group_io/output_[1].oserdes_dq_.ddr.oserdes_dq_i/D4
                                                              4.010         
i_platform/i_system_ddr/u_xilinx_ddr3_ctrl_axi32/u_xilinx_ddr3_ctrl_axi32_mig/u_memc_ui_top_axi/mem_intfc0/ddr_phy_top0/u_ddr_mc_phy_wrapper/u_ddr_mc_phy/ddr_phy_4lanes_0.u_ddr_phy_4lanes/ddr_byte_lane_C.ddr_byte_lane_C/out_fifo/RDCLK
                               i_platform/i_system_ddr/u_xilinx_ddr3_ctrl_axi32/u_xilinx_ddr3_ctrl_axi32_mig/u_memc_ui_top_axi/mem_intfc0/ddr_phy_top0/u_ddr_mc_phy_wrapper/u_ddr_mc_phy/ddr_phy_4lanes_0.u_ddr_phy_4lanes/ddr_byte_lane_C.ddr_byte_lane_C/ddr_byte_group_io/output_[2].oserdes_dq_.ddr.oserdes_dq_i/D2
                                                              4.010         
i_platform/i_system_ddr/u_xilinx_ddr3_ctrl_axi32/u_xilinx_ddr3_ctrl_axi32_mig/u_memc_ui_top_axi/mem_intfc0/ddr_phy_top0/u_ddr_mc_phy_wrapper/u_ddr_mc_phy/ddr_phy_4lanes_0.u_ddr_phy_4lanes/ddr_byte_lane_C.ddr_byte_lane_C/out_fifo/RDCLK
                               i_platform/i_system_ddr/u_xilinx_ddr3_ctrl_axi32/u_xilinx_ddr3_ctrl_axi32_mig/u_memc_ui_top_axi/mem_intfc0/ddr_phy_top0/u_ddr_mc_phy_wrapper/u_ddr_mc_phy/ddr_phy_4lanes_0.u_ddr_phy_4lanes/ddr_byte_lane_C.ddr_byte_lane_C/ddr_byte_group_io/output_[2].oserdes_dq_.ddr.oserdes_dq_i/D4
                                                              4.010         
i_platform/i_system_ddr/u_xilinx_ddr3_ctrl_axi32/u_xilinx_ddr3_ctrl_axi32_mig/u_memc_ui_top_axi/mem_intfc0/ddr_phy_top0/u_ddr_mc_phy_wrapper/u_ddr_mc_phy/ddr_phy_4lanes_0.u_ddr_phy_4lanes/ddr_byte_lane_C.ddr_byte_lane_C/out_fifo/RDCLK
                               i_platform/i_system_ddr/u_xilinx_ddr3_ctrl_axi32/u_xilinx_ddr3_ctrl_axi32_mig/u_memc_ui_top_axi/mem_intfc0/ddr_phy_top0/u_ddr_mc_phy_wrapper/u_ddr_mc_phy/ddr_phy_4lanes_0.u_ddr_phy_4lanes/ddr_byte_lane_C.ddr_byte_lane_C/ddr_byte_group_io/output_[3].oserdes_dq_.ddr.oserdes_dq_i/D2
                                                              4.010         
i_platform/i_system_ddr/u_xilinx_ddr3_ctrl_axi32/u_xilinx_ddr3_ctrl_axi32_mig/u_memc_ui_top_axi/mem_intfc0/ddr_phy_top0/u_ddr_mc_phy_wrapper/u_ddr_mc_phy/ddr_phy_4lanes_0.u_ddr_phy_4lanes/ddr_byte_lane_C.ddr_byte_lane_C/out_fifo/RDCLK
                               i_platform/i_system_ddr/u_xilinx_ddr3_ctrl_axi32/u_xilinx_ddr3_ctrl_axi32_mig/u_memc_ui_top_axi/mem_intfc0/ddr_phy_top0/u_ddr_mc_phy_wrapper/u_ddr_mc_phy/ddr_phy_4lanes_0.u_ddr_phy_4lanes/ddr_byte_lane_C.ddr_byte_lane_C/ddr_byte_group_io/output_[3].oserdes_dq_.ddr.oserdes_dq_i/D4
                                                              4.010         
i_platform/i_system_ddr/u_xilinx_ddr3_ctrl_axi32/u_xilinx_ddr3_ctrl_axi32_mig/u_memc_ui_top_axi/mem_intfc0/ddr_phy_top0/u_ddr_mc_phy_wrapper/u_ddr_mc_phy/ddr_phy_4lanes_0.u_ddr_phy_4lanes/ddr_byte_lane_C.ddr_byte_lane_C/out_fifo/RDCLK
                               i_platform/i_system_ddr/u_xilinx_ddr3_ctrl_axi32/u_xilinx_ddr3_ctrl_axi32_mig/u_memc_ui_top_axi/mem_intfc0/ddr_phy_top0/u_ddr_mc_phy_wrapper/u_ddr_mc_phy/ddr_phy_4lanes_0.u_ddr_phy_4lanes/ddr_byte_lane_C.ddr_byte_lane_C/ddr_byte_group_io/output_[4].oserdes_dq_.ddr.oserdes_dq_i/D3
                                                              4.010         
i_platform/i_system_ddr/u_xilinx_ddr3_ctrl_axi32/u_xilinx_ddr3_ctrl_axi32_mig/u_memc_ui_top_axi/mem_intfc0/ddr_phy_top0/u_ddr_mc_phy_wrapper/u_ddr_mc_phy/ddr_phy_4lanes_0.u_ddr_phy_4lanes/ddr_byte_lane_C.ddr_byte_lane_C/out_fifo/RDCLK
                               i_platform/i_system_ddr/u_xilinx_ddr3_ctrl_axi32/u_xilinx_ddr3_ctrl_axi32_mig/u_memc_ui_top_axi/mem_intfc0/ddr_phy_top0/u_ddr_mc_phy_wrapper/u_ddr_mc_phy/ddr_phy_4lanes_0.u_ddr_phy_4lanes/ddr_byte_lane_C.ddr_byte_lane_C/ddr_byte_group_io/output_[5].oserdes_dq_.ddr.oserdes_dq_i/D3
                                                              4.010         
i_platform/i_system_ddr/u_xilinx_ddr3_ctrl_axi32/u_xilinx_ddr3_ctrl_axi32_mig/u_memc_ui_top_axi/mem_intfc0/ddr_phy_top0/u_ddr_mc_phy_wrapper/u_ddr_mc_phy/ddr_phy_4lanes_0.u_ddr_phy_4lanes/ddr_byte_lane_C.ddr_byte_lane_C/out_fifo/RDCLK
                               i_platform/i_system_ddr/u_xilinx_ddr3_ctrl_axi32/u_xilinx_ddr3_ctrl_axi32_mig/u_memc_ui_top_axi/mem_intfc0/ddr_phy_top0/u_ddr_mc_phy_wrapper/u_ddr_mc_phy/ddr_phy_4lanes_0.u_ddr_phy_4lanes/ddr_byte_lane_C.ddr_byte_lane_C/ddr_byte_group_io/output_[7].oserdes_dq_.ddr.oserdes_dq_i/D2
                                                              4.010         
i_platform/i_system_ddr/u_xilinx_ddr3_ctrl_axi32/u_xilinx_ddr3_ctrl_axi32_mig/u_memc_ui_top_axi/mem_intfc0/ddr_phy_top0/u_ddr_mc_phy_wrapper/u_ddr_mc_phy/ddr_phy_4lanes_0.u_ddr_phy_4lanes/ddr_byte_lane_C.ddr_byte_lane_C/out_fifo/RDCLK
                               i_platform/i_system_ddr/u_xilinx_ddr3_ctrl_axi32/u_xilinx_ddr3_ctrl_axi32_mig/u_memc_ui_top_axi/mem_intfc0/ddr_phy_top0/u_ddr_mc_phy_wrapper/u_ddr_mc_phy/ddr_phy_4lanes_0.u_ddr_phy_4lanes/ddr_byte_lane_C.ddr_byte_lane_C/ddr_byte_group_io/output_[7].oserdes_dq_.ddr.oserdes_dq_i/D4
                                                              4.010         
i_platform/i_system_ddr/u_xilinx_ddr3_ctrl_axi32/u_xilinx_ddr3_ctrl_axi32_mig/u_memc_ui_top_axi/mem_intfc0/ddr_phy_top0/u_ddr_mc_phy_wrapper/u_ddr_mc_phy/ddr_phy_4lanes_0.u_ddr_phy_4lanes/ddr_byte_lane_C.ddr_byte_lane_C/out_fifo/RDCLK
                               i_platform/i_system_ddr/u_xilinx_ddr3_ctrl_axi32/u_xilinx_ddr3_ctrl_axi32_mig/u_memc_ui_top_axi/mem_intfc0/ddr_phy_top0/u_ddr_mc_phy_wrapper/u_ddr_mc_phy/ddr_phy_4lanes_0.u_ddr_phy_4lanes/ddr_byte_lane_C.ddr_byte_lane_C/ddr_byte_group_io/output_[8].oserdes_dq_.ddr.oserdes_dq_i/D2
                                                              4.010         
i_platform/i_system_ddr/u_xilinx_ddr3_ctrl_axi32/u_xilinx_ddr3_ctrl_axi32_mig/u_memc_ui_top_axi/mem_intfc0/ddr_phy_top0/u_ddr_mc_phy_wrapper/u_ddr_mc_phy/ddr_phy_4lanes_0.u_ddr_phy_4lanes/ddr_byte_lane_C.ddr_byte_lane_C/out_fifo/RDCLK
                               i_platform/i_system_ddr/u_xilinx_ddr3_ctrl_axi32/u_xilinx_ddr3_ctrl_axi32_mig/u_memc_ui_top_axi/mem_intfc0/ddr_phy_top0/u_ddr_mc_phy_wrapper/u_ddr_mc_phy/ddr_phy_4lanes_0.u_ddr_phy_4lanes/ddr_byte_lane_C.ddr_byte_lane_C/ddr_byte_group_io/output_[8].oserdes_dq_.ddr.oserdes_dq_i/D4
                                                              4.010         
i_platform/i_system_ddr/u_xilinx_ddr3_ctrl_axi32/u_xilinx_ddr3_ctrl_axi32_mig/u_memc_ui_top_axi/mem_intfc0/ddr_phy_top0/u_ddr_mc_phy_wrapper/u_ddr_mc_phy/ddr_phy_4lanes_0.u_ddr_phy_4lanes/ddr_byte_lane_C.ddr_byte_lane_C/out_fifo/RDCLK
                               i_platform/i_system_ddr/u_xilinx_ddr3_ctrl_axi32/u_xilinx_ddr3_ctrl_axi32_mig/u_memc_ui_top_axi/mem_intfc0/ddr_phy_top0/u_ddr_mc_phy_wrapper/u_ddr_mc_phy/ddr_phy_4lanes_0.u_ddr_phy_4lanes/ddr_byte_lane_C.ddr_byte_lane_C/ddr_byte_group_io/output_[9].oserdes_dq_.ddr.oserdes_dq_i/D2
                                                              4.010         
i_platform/i_system_ddr/u_xilinx_ddr3_ctrl_axi32/u_xilinx_ddr3_ctrl_axi32_mig/u_memc_ui_top_axi/mem_intfc0/ddr_phy_top0/u_ddr_mc_phy_wrapper/u_ddr_mc_phy/ddr_phy_4lanes_0.u_ddr_phy_4lanes/ddr_byte_lane_C.ddr_byte_lane_C/out_fifo/RDCLK
                               i_platform/i_system_ddr/u_xilinx_ddr3_ctrl_axi32/u_xilinx_ddr3_ctrl_axi32_mig/u_memc_ui_top_axi/mem_intfc0/ddr_phy_top0/u_ddr_mc_phy_wrapper/u_ddr_mc_phy/ddr_phy_4lanes_0.u_ddr_phy_4lanes/ddr_byte_lane_C.ddr_byte_lane_C/ddr_byte_group_io/output_[9].oserdes_dq_.ddr.oserdes_dq_i/D4
                                                              4.010         
i_platform/i_system_ddr/u_xilinx_ddr3_ctrl_axi32/u_xilinx_ddr3_ctrl_axi32_mig/u_memc_ui_top_axi/mem_intfc0/ddr_phy_top0/u_ddr_mc_phy_wrapper/u_ddr_mc_phy/ddr_phy_4lanes_0.u_ddr_phy_4lanes/ddr_byte_lane_A.ddr_byte_lane_A/out_fifo/RDCLK
                               i_platform/i_system_ddr/u_xilinx_ddr3_ctrl_axi32/u_xilinx_ddr3_ctrl_axi32_mig/u_memc_ui_top_axi/mem_intfc0/ddr_phy_top0/u_ddr_mc_phy_wrapper/u_ddr_mc_phy/ddr_phy_4lanes_0.u_ddr_phy_4lanes/ddr_byte_lane_A.ddr_byte_lane_A/ddr_byte_group_io/output_[6].oserdes_dq_.ddr.oserdes_dq_i/D1
                                                              4.010         
i_platform/i_system_ddr/u_xilinx_ddr3_ctrl_axi32/u_xilinx_ddr3_ctrl_axi32_mig/u_memc_ui_top_axi/mem_intfc0/ddr_phy_top0/u_ddr_mc_phy_wrapper/u_ddr_mc_phy/ddr_phy_4lanes_0.u_ddr_phy_4lanes/ddr_byte_lane_C.ddr_byte_lane_C/out_fifo/RDCLK
                               i_platform/i_system_ddr/u_xilinx_ddr3_ctrl_axi32/u_xilinx_ddr3_ctrl_axi32_mig/u_memc_ui_top_axi/mem_intfc0/ddr_phy_top0/u_ddr_mc_phy_wrapper/u_ddr_mc_phy/ddr_phy_4lanes_0.u_ddr_phy_4lanes/ddr_byte_lane_C.ddr_byte_lane_C/ddr_byte_group_io/output_[1].oserdes_dq_.ddr.oserdes_dq_i/D3
                                                              4.011         
i_platform/i_system_ddr/u_xilinx_ddr3_ctrl_axi32/u_xilinx_ddr3_ctrl_axi32_mig/u_memc_ui_top_axi/mem_intfc0/ddr_phy_top0/u_ddr_mc_phy_wrapper/u_ddr_mc_phy/ddr_phy_4lanes_0.u_ddr_phy_4lanes/ddr_byte_lane_C.ddr_byte_lane_C/out_fifo/RDCLK
                               i_platform/i_system_ddr/u_xilinx_ddr3_ctrl_axi32/u_xilinx_ddr3_ctrl_axi32_mig/u_memc_ui_top_axi/mem_intfc0/ddr_phy_top0/u_ddr_mc_phy_wrapper/u_ddr_mc_phy/ddr_phy_4lanes_0.u_ddr_phy_4lanes/ddr_byte_lane_C.ddr_byte_lane_C/ddr_byte_group_io/output_[2].oserdes_dq_.ddr.oserdes_dq_i/D3
                                                              4.011         
i_platform/i_system_ddr/u_xilinx_ddr3_ctrl_axi32/u_xilinx_ddr3_ctrl_axi32_mig/u_memc_ui_top_axi/mem_intfc0/ddr_phy_top0/u_ddr_mc_phy_wrapper/u_ddr_mc_phy/ddr_phy_4lanes_0.u_ddr_phy_4lanes/ddr_byte_lane_C.ddr_byte_lane_C/out_fifo/RDCLK
                               i_platform/i_system_ddr/u_xilinx_ddr3_ctrl_axi32/u_xilinx_ddr3_ctrl_axi32_mig/u_memc_ui_top_axi/mem_intfc0/ddr_phy_top0/u_ddr_mc_phy_wrapper/u_ddr_mc_phy/ddr_phy_4lanes_0.u_ddr_phy_4lanes/ddr_byte_lane_C.ddr_byte_lane_C/ddr_byte_group_io/output_[3].oserdes_dq_.ddr.oserdes_dq_i/D3
                                                              4.011         
i_platform/i_system_ddr/u_xilinx_ddr3_ctrl_axi32/u_xilinx_ddr3_ctrl_axi32_mig/u_memc_ui_top_axi/mem_intfc0/ddr_phy_top0/u_ddr_mc_phy_wrapper/u_ddr_mc_phy/ddr_phy_4lanes_0.u_ddr_phy_4lanes/ddr_byte_lane_C.ddr_byte_lane_C/out_fifo/RDCLK
                               i_platform/i_system_ddr/u_xilinx_ddr3_ctrl_axi32/u_xilinx_ddr3_ctrl_axi32_mig/u_memc_ui_top_axi/mem_intfc0/ddr_phy_top0/u_ddr_mc_phy_wrapper/u_ddr_mc_phy/ddr_phy_4lanes_0.u_ddr_phy_4lanes/ddr_byte_lane_C.ddr_byte_lane_C/ddr_byte_group_io/output_[7].oserdes_dq_.ddr.oserdes_dq_i/D3
                                                              4.011         
i_platform/i_system_ddr/u_xilinx_ddr3_ctrl_axi32/u_xilinx_ddr3_ctrl_axi32_mig/u_memc_ui_top_axi/mem_intfc0/ddr_phy_top0/u_ddr_mc_phy_wrapper/u_ddr_mc_phy/ddr_phy_4lanes_0.u_ddr_phy_4lanes/ddr_byte_lane_C.ddr_byte_lane_C/out_fifo/RDCLK
                               i_platform/i_system_ddr/u_xilinx_ddr3_ctrl_axi32/u_xilinx_ddr3_ctrl_axi32_mig/u_memc_ui_top_axi/mem_intfc0/ddr_phy_top0/u_ddr_mc_phy_wrapper/u_ddr_mc_phy/ddr_phy_4lanes_0.u_ddr_phy_4lanes/ddr_byte_lane_C.ddr_byte_lane_C/ddr_byte_group_io/output_[8].oserdes_dq_.ddr.oserdes_dq_i/D3
                                                              4.011         
i_platform/i_system_ddr/u_xilinx_ddr3_ctrl_axi32/u_xilinx_ddr3_ctrl_axi32_mig/u_memc_ui_top_axi/mem_intfc0/ddr_phy_top0/u_ddr_mc_phy_wrapper/u_ddr_mc_phy/ddr_phy_4lanes_0.u_ddr_phy_4lanes/ddr_byte_lane_C.ddr_byte_lane_C/out_fifo/RDCLK
                               i_platform/i_system_ddr/u_xilinx_ddr3_ctrl_axi32/u_xilinx_ddr3_ctrl_axi32_mig/u_memc_ui_top_axi/mem_intfc0/ddr_phy_top0/u_ddr_mc_phy_wrapper/u_ddr_mc_phy/ddr_phy_4lanes_0.u_ddr_phy_4lanes/ddr_byte_lane_C.ddr_byte_lane_C/ddr_byte_group_io/output_[9].oserdes_dq_.ddr.oserdes_dq_i/D3
                                                              4.011         
i_platform/i_system_ddr/u_xilinx_ddr3_ctrl_axi32/u_xilinx_ddr3_ctrl_axi32_mig/u_memc_ui_top_axi/mem_intfc0/ddr_phy_top0/u_ddr_mc_phy_wrapper/u_ddr_mc_phy/ddr_phy_4lanes_0.u_ddr_phy_4lanes/ddr_byte_lane_A.ddr_byte_lane_A/out_fifo/RDCLK
                               i_platform/i_system_ddr/u_xilinx_ddr3_ctrl_axi32/u_xilinx_ddr3_ctrl_axi32_mig/u_memc_ui_top_axi/mem_intfc0/ddr_phy_top0/u_ddr_mc_phy_wrapper/u_ddr_mc_phy/ddr_phy_4lanes_0.u_ddr_phy_4lanes/ddr_byte_lane_A.ddr_byte_lane_A/ddr_byte_group_io/output_[4].oserdes_dq_.ddr.oserdes_dq_i/D1
                                                              4.011         
i_platform/i_system_ddr/u_xilinx_ddr3_ctrl_axi32/u_xilinx_ddr3_ctrl_axi32_mig/u_memc_ui_top_axi/mem_intfc0/ddr_phy_top0/u_ddr_mc_phy_wrapper/u_ddr_mc_phy/ddr_phy_4lanes_0.u_ddr_phy_4lanes/ddr_byte_lane_A.ddr_byte_lane_A/out_fifo/RDCLK
                               i_platform/i_system_ddr/u_xilinx_ddr3_ctrl_axi32/u_xilinx_ddr3_ctrl_axi32_mig/u_memc_ui_top_axi/mem_intfc0/ddr_phy_top0/u_ddr_mc_phy_wrapper/u_ddr_mc_phy/ddr_phy_4lanes_0.u_ddr_phy_4lanes/ddr_byte_lane_A.ddr_byte_lane_A/ddr_byte_group_io/output_[5].oserdes_dq_.ddr.oserdes_dq_i/D1
                                                              4.011         
i_platform/i_system_ddr/u_xilinx_ddr3_ctrl_axi32/u_xilinx_ddr3_ctrl_axi32_mig/u_memc_ui_top_axi/mem_intfc0/ddr_phy_top0/u_ddr_mc_phy_wrapper/u_ddr_mc_phy/ddr_phy_4lanes_0.u_ddr_phy_4lanes/ddr_byte_lane_A.ddr_byte_lane_A/out_fifo/RDCLK
                               i_platform/i_system_ddr/u_xilinx_ddr3_ctrl_axi32/u_xilinx_ddr3_ctrl_axi32_mig/u_memc_ui_top_axi/mem_intfc0/ddr_phy_top0/u_ddr_mc_phy_wrapper/u_ddr_mc_phy/ddr_phy_4lanes_0.u_ddr_phy_4lanes/ddr_byte_lane_A.ddr_byte_lane_A/ddr_byte_group_io/output_[0].oserdes_dq_.ddr.oserdes_dq_i/D1
                                                              4.012         
i_platform/i_system_ddr/u_xilinx_ddr3_ctrl_axi32/u_xilinx_ddr3_ctrl_axi32_mig/u_memc_ui_top_axi/mem_intfc0/ddr_phy_top0/u_ddr_mc_phy_wrapper/u_ddr_mc_phy/ddr_phy_4lanes_0.u_ddr_phy_4lanes/ddr_byte_lane_A.ddr_byte_lane_A/out_fifo/RDCLK
                               i_platform/i_system_ddr/u_xilinx_ddr3_ctrl_axi32/u_xilinx_ddr3_ctrl_axi32_mig/u_memc_ui_top_axi/mem_intfc0/ddr_phy_top0/u_ddr_mc_phy_wrapper/u_ddr_mc_phy/ddr_phy_4lanes_0.u_ddr_phy_4lanes/ddr_byte_lane_A.ddr_byte_lane_A/ddr_byte_group_io/output_[1].oserdes_dq_.ddr.oserdes_dq_i/D1
                                                              4.012         
i_platform/i_system_ddr/u_xilinx_ddr3_ctrl_axi32/u_xilinx_ddr3_ctrl_axi32_mig/u_memc_ui_top_axi/mem_intfc0/ddr_phy_top0/u_ddr_mc_phy_wrapper/u_ddr_mc_phy/ddr_phy_4lanes_0.u_ddr_phy_4lanes/ddr_byte_lane_A.ddr_byte_lane_A/out_fifo/RDCLK
                               i_platform/i_system_ddr/u_xilinx_ddr3_ctrl_axi32/u_xilinx_ddr3_ctrl_axi32_mig/u_memc_ui_top_axi/mem_intfc0/ddr_phy_top0/u_ddr_mc_phy_wrapper/u_ddr_mc_phy/ddr_phy_4lanes_0.u_ddr_phy_4lanes/ddr_byte_lane_A.ddr_byte_lane_A/ddr_byte_group_io/output_[2].oserdes_dq_.ddr.oserdes_dq_i/D1
                                                              4.012         
i_platform/i_system_ddr/u_xilinx_ddr3_ctrl_axi32/u_xilinx_ddr3_ctrl_axi32_mig/u_memc_ui_top_axi/mem_intfc0/ddr_phy_top0/u_ddr_mc_phy_wrapper/u_ddr_mc_phy/ddr_phy_4lanes_0.u_ddr_phy_4lanes/ddr_byte_lane_A.ddr_byte_lane_A/out_fifo/RDCLK
                               i_platform/i_system_ddr/u_xilinx_ddr3_ctrl_axi32/u_xilinx_ddr3_ctrl_axi32_mig/u_memc_ui_top_axi/mem_intfc0/ddr_phy_top0/u_ddr_mc_phy_wrapper/u_ddr_mc_phy/ddr_phy_4lanes_0.u_ddr_phy_4lanes/ddr_byte_lane_A.ddr_byte_lane_A/ddr_byte_group_io/output_[3].oserdes_dq_.ddr.oserdes_dq_i/D1
                                                              4.012         
i_platform/i_system_ddr/u_xilinx_ddr3_ctrl_axi32/u_xilinx_ddr3_ctrl_axi32_mig/u_memc_ui_top_axi/mem_intfc0/ddr_phy_top0/u_ddr_mc_phy_wrapper/u_ddr_mc_phy/ddr_phy_4lanes_0.u_ddr_phy_4lanes/ddr_byte_lane_A.ddr_byte_lane_A/out_fifo/RDCLK
                               i_platform/i_system_ddr/u_xilinx_ddr3_ctrl_axi32/u_xilinx_ddr3_ctrl_axi32_mig/u_memc_ui_top_axi/mem_intfc0/ddr_phy_top0/u_ddr_mc_phy_wrapper/u_ddr_mc_phy/ddr_phy_4lanes_0.u_ddr_phy_4lanes/ddr_byte_lane_A.ddr_byte_lane_A/ddr_byte_group_io/output_[7].oserdes_dq_.ddr.oserdes_dq_i/D1
                                                              4.012         
i_platform/i_system_ddr/u_xilinx_ddr3_ctrl_axi32/u_xilinx_ddr3_ctrl_axi32_mig/u_memc_ui_top_axi/mem_intfc0/ddr_phy_top0/u_ddr_mc_phy_wrapper/u_ddr_mc_phy/ddr_phy_4lanes_0.u_ddr_phy_4lanes/ddr_byte_lane_A.ddr_byte_lane_A/out_fifo/RDCLK
                               i_platform/i_system_ddr/u_xilinx_ddr3_ctrl_axi32/u_xilinx_ddr3_ctrl_axi32_mig/u_memc_ui_top_axi/mem_intfc0/ddr_phy_top0/u_ddr_mc_phy_wrapper/u_ddr_mc_phy/ddr_phy_4lanes_0.u_ddr_phy_4lanes/ddr_byte_lane_A.ddr_byte_lane_A/ddr_byte_group_io/output_[9].oserdes_dq_.ddr.oserdes_dq_i/D1
                                                              4.012         
i_platform/i_system_ddr/u_xilinx_ddr3_ctrl_axi32/u_xilinx_ddr3_ctrl_axi32_mig/u_memc_ui_top_axi/mem_intfc0/ddr_phy_top0/u_ddr_mc_phy_wrapper/u_ddr_mc_phy/ddr_phy_4lanes_0.u_ddr_phy_4lanes/ddr_byte_lane_A.ddr_byte_lane_A/out_fifo/RDCLK
                               i_platform/i_system_ddr/u_xilinx_ddr3_ctrl_axi32/u_xilinx_ddr3_ctrl_axi32_mig/u_memc_ui_top_axi/mem_intfc0/ddr_phy_top0/u_ddr_mc_phy_wrapper/u_ddr_mc_phy/ddr_phy_4lanes_0.u_ddr_phy_4lanes/ddr_byte_lane_A.ddr_byte_lane_A/ddr_byte_group_io/output_[6].oserdes_dq_.ddr.oserdes_dq_i/D2
                                                              4.013         
i_platform/i_system_ddr/u_xilinx_ddr3_ctrl_axi32/u_xilinx_ddr3_ctrl_axi32_mig/u_memc_ui_top_axi/mem_intfc0/ddr_phy_top0/u_ddr_mc_phy_wrapper/u_ddr_mc_phy/ddr_phy_4lanes_0.u_ddr_phy_4lanes/ddr_byte_lane_A.ddr_byte_lane_A/out_fifo/RDCLK
                               i_platform/i_system_ddr/u_xilinx_ddr3_ctrl_axi32/u_xilinx_ddr3_ctrl_axi32_mig/u_memc_ui_top_axi/mem_intfc0/ddr_phy_top0/u_ddr_mc_phy_wrapper/u_ddr_mc_phy/ddr_phy_4lanes_0.u_ddr_phy_4lanes/ddr_byte_lane_A.ddr_byte_lane_A/ddr_byte_group_io/output_[6].oserdes_dq_.ddr.oserdes_dq_i/D4
                                                              4.013         
i_platform/i_system_ddr/u_xilinx_ddr3_ctrl_axi32/u_xilinx_ddr3_ctrl_axi32_mig/u_memc_ui_top_axi/mem_intfc0/ddr_phy_top0/u_ddr_mc_phy_wrapper/u_ddr_mc_phy/ddr_phy_4lanes_0.u_ddr_phy_4lanes/ddr_byte_lane_A.ddr_byte_lane_A/out_fifo/RDCLK
                               i_platform/i_system_ddr/u_xilinx_ddr3_ctrl_axi32/u_xilinx_ddr3_ctrl_axi32_mig/u_memc_ui_top_axi/mem_intfc0/ddr_phy_top0/u_ddr_mc_phy_wrapper/u_ddr_mc_phy/ddr_phy_4lanes_0.u_ddr_phy_4lanes/ddr_byte_lane_A.ddr_byte_lane_A/ddr_byte_group_io/output_[4].oserdes_dq_.ddr.oserdes_dq_i/D2
                                                              4.014         
i_platform/i_system_ddr/u_xilinx_ddr3_ctrl_axi32/u_xilinx_ddr3_ctrl_axi32_mig/u_memc_ui_top_axi/mem_intfc0/ddr_phy_top0/u_ddr_mc_phy_wrapper/u_ddr_mc_phy/ddr_phy_4lanes_0.u_ddr_phy_4lanes/ddr_byte_lane_A.ddr_byte_lane_A/out_fifo/RDCLK
                               i_platform/i_system_ddr/u_xilinx_ddr3_ctrl_axi32/u_xilinx_ddr3_ctrl_axi32_mig/u_memc_ui_top_axi/mem_intfc0/ddr_phy_top0/u_ddr_mc_phy_wrapper/u_ddr_mc_phy/ddr_phy_4lanes_0.u_ddr_phy_4lanes/ddr_byte_lane_A.ddr_byte_lane_A/ddr_byte_group_io/output_[4].oserdes_dq_.ddr.oserdes_dq_i/D4
                                                              4.014         
i_platform/i_system_ddr/u_xilinx_ddr3_ctrl_axi32/u_xilinx_ddr3_ctrl_axi32_mig/u_memc_ui_top_axi/mem_intfc0/ddr_phy_top0/u_ddr_mc_phy_wrapper/u_ddr_mc_phy/ddr_phy_4lanes_0.u_ddr_phy_4lanes/ddr_byte_lane_A.ddr_byte_lane_A/out_fifo/RDCLK
                               i_platform/i_system_ddr/u_xilinx_ddr3_ctrl_axi32/u_xilinx_ddr3_ctrl_axi32_mig/u_memc_ui_top_axi/mem_intfc0/ddr_phy_top0/u_ddr_mc_phy_wrapper/u_ddr_mc_phy/ddr_phy_4lanes_0.u_ddr_phy_4lanes/ddr_byte_lane_A.ddr_byte_lane_A/ddr_byte_group_io/output_[5].oserdes_dq_.ddr.oserdes_dq_i/D2
                                                              4.014         
i_platform/i_system_ddr/u_xilinx_ddr3_ctrl_axi32/u_xilinx_ddr3_ctrl_axi32_mig/u_memc_ui_top_axi/mem_intfc0/ddr_phy_top0/u_ddr_mc_phy_wrapper/u_ddr_mc_phy/ddr_phy_4lanes_0.u_ddr_phy_4lanes/ddr_byte_lane_A.ddr_byte_lane_A/out_fifo/RDCLK
                               i_platform/i_system_ddr/u_xilinx_ddr3_ctrl_axi32/u_xilinx_ddr3_ctrl_axi32_mig/u_memc_ui_top_axi/mem_intfc0/ddr_phy_top0/u_ddr_mc_phy_wrapper/u_ddr_mc_phy/ddr_phy_4lanes_0.u_ddr_phy_4lanes/ddr_byte_lane_A.ddr_byte_lane_A/ddr_byte_group_io/output_[5].oserdes_dq_.ddr.oserdes_dq_i/D4
                                                              4.014         
i_platform/i_system_ddr/u_xilinx_ddr3_ctrl_axi32/u_xilinx_ddr3_ctrl_axi32_mig/u_memc_ui_top_axi/mem_intfc0/ddr_phy_top0/u_ddr_mc_phy_wrapper/u_ddr_mc_phy/ddr_phy_4lanes_0.u_ddr_phy_4lanes/ddr_byte_lane_A.ddr_byte_lane_A/out_fifo/RDCLK
                               i_platform/i_system_ddr/u_xilinx_ddr3_ctrl_axi32/u_xilinx_ddr3_ctrl_axi32_mig/u_memc_ui_top_axi/mem_intfc0/ddr_phy_top0/u_ddr_mc_phy_wrapper/u_ddr_mc_phy/ddr_phy_4lanes_0.u_ddr_phy_4lanes/ddr_byte_lane_A.ddr_byte_lane_A/ddr_byte_group_io/output_[6].oserdes_dq_.ddr.oserdes_dq_i/D3
                                                              4.014         
i_platform/i_system_ddr/u_xilinx_ddr3_ctrl_axi32/u_xilinx_ddr3_ctrl_axi32_mig/u_memc_ui_top_axi/mem_intfc0/ddr_phy_top0/u_ddr_mc_phy_wrapper/u_ddr_mc_phy/ddr_phy_4lanes_0.u_ddr_phy_4lanes/ddr_byte_lane_A.ddr_byte_lane_A/out_fifo/RDCLK
                               i_platform/i_system_ddr/u_xilinx_ddr3_ctrl_axi32/u_xilinx_ddr3_ctrl_axi32_mig/u_memc_ui_top_axi/mem_intfc0/ddr_phy_top0/u_ddr_mc_phy_wrapper/u_ddr_mc_phy/ddr_phy_4lanes_0.u_ddr_phy_4lanes/ddr_byte_lane_A.ddr_byte_lane_A/ddr_byte_group_io/output_[0].oserdes_dq_.ddr.oserdes_dq_i/D2
                                                              4.015         
i_platform/i_system_ddr/u_xilinx_ddr3_ctrl_axi32/u_xilinx_ddr3_ctrl_axi32_mig/u_memc_ui_top_axi/mem_intfc0/ddr_phy_top0/u_ddr_mc_phy_wrapper/u_ddr_mc_phy/ddr_phy_4lanes_0.u_ddr_phy_4lanes/ddr_byte_lane_A.ddr_byte_lane_A/out_fifo/RDCLK
                               i_platform/i_system_ddr/u_xilinx_ddr3_ctrl_axi32/u_xilinx_ddr3_ctrl_axi32_mig/u_memc_ui_top_axi/mem_intfc0/ddr_phy_top0/u_ddr_mc_phy_wrapper/u_ddr_mc_phy/ddr_phy_4lanes_0.u_ddr_phy_4lanes/ddr_byte_lane_A.ddr_byte_lane_A/ddr_byte_group_io/output_[0].oserdes_dq_.ddr.oserdes_dq_i/D4
                                                              4.015         
i_platform/i_system_ddr/u_xilinx_ddr3_ctrl_axi32/u_xilinx_ddr3_ctrl_axi32_mig/u_memc_ui_top_axi/mem_intfc0/ddr_phy_top0/u_ddr_mc_phy_wrapper/u_ddr_mc_phy/ddr_phy_4lanes_0.u_ddr_phy_4lanes/ddr_byte_lane_A.ddr_byte_lane_A/out_fifo/RDCLK
                               i_platform/i_system_ddr/u_xilinx_ddr3_ctrl_axi32/u_xilinx_ddr3_ctrl_axi32_mig/u_memc_ui_top_axi/mem_intfc0/ddr_phy_top0/u_ddr_mc_phy_wrapper/u_ddr_mc_phy/ddr_phy_4lanes_0.u_ddr_phy_4lanes/ddr_byte_lane_A.ddr_byte_lane_A/ddr_byte_group_io/output_[1].oserdes_dq_.ddr.oserdes_dq_i/D2
                                                              4.015         
i_platform/i_system_ddr/u_xilinx_ddr3_ctrl_axi32/u_xilinx_ddr3_ctrl_axi32_mig/u_memc_ui_top_axi/mem_intfc0/ddr_phy_top0/u_ddr_mc_phy_wrapper/u_ddr_mc_phy/ddr_phy_4lanes_0.u_ddr_phy_4lanes/ddr_byte_lane_A.ddr_byte_lane_A/out_fifo/RDCLK
                               i_platform/i_system_ddr/u_xilinx_ddr3_ctrl_axi32/u_xilinx_ddr3_ctrl_axi32_mig/u_memc_ui_top_axi/mem_intfc0/ddr_phy_top0/u_ddr_mc_phy_wrapper/u_ddr_mc_phy/ddr_phy_4lanes_0.u_ddr_phy_4lanes/ddr_byte_lane_A.ddr_byte_lane_A/ddr_byte_group_io/output_[1].oserdes_dq_.ddr.oserdes_dq_i/D4
                                                              4.015         
i_platform/i_system_ddr/u_xilinx_ddr3_ctrl_axi32/u_xilinx_ddr3_ctrl_axi32_mig/u_memc_ui_top_axi/mem_intfc0/ddr_phy_top0/u_ddr_mc_phy_wrapper/u_ddr_mc_phy/ddr_phy_4lanes_0.u_ddr_phy_4lanes/ddr_byte_lane_A.ddr_byte_lane_A/out_fifo/RDCLK
                               i_platform/i_system_ddr/u_xilinx_ddr3_ctrl_axi32/u_xilinx_ddr3_ctrl_axi32_mig/u_memc_ui_top_axi/mem_intfc0/ddr_phy_top0/u_ddr_mc_phy_wrapper/u_ddr_mc_phy/ddr_phy_4lanes_0.u_ddr_phy_4lanes/ddr_byte_lane_A.ddr_byte_lane_A/ddr_byte_group_io/output_[2].oserdes_dq_.ddr.oserdes_dq_i/D2
                                                              4.015         
i_platform/i_system_ddr/u_xilinx_ddr3_ctrl_axi32/u_xilinx_ddr3_ctrl_axi32_mig/u_memc_ui_top_axi/mem_intfc0/ddr_phy_top0/u_ddr_mc_phy_wrapper/u_ddr_mc_phy/ddr_phy_4lanes_0.u_ddr_phy_4lanes/ddr_byte_lane_A.ddr_byte_lane_A/out_fifo/RDCLK
                               i_platform/i_system_ddr/u_xilinx_ddr3_ctrl_axi32/u_xilinx_ddr3_ctrl_axi32_mig/u_memc_ui_top_axi/mem_intfc0/ddr_phy_top0/u_ddr_mc_phy_wrapper/u_ddr_mc_phy/ddr_phy_4lanes_0.u_ddr_phy_4lanes/ddr_byte_lane_A.ddr_byte_lane_A/ddr_byte_group_io/output_[2].oserdes_dq_.ddr.oserdes_dq_i/D4
                                                              4.015         
i_platform/i_system_ddr/u_xilinx_ddr3_ctrl_axi32/u_xilinx_ddr3_ctrl_axi32_mig/u_memc_ui_top_axi/mem_intfc0/ddr_phy_top0/u_ddr_mc_phy_wrapper/u_ddr_mc_phy/ddr_phy_4lanes_0.u_ddr_phy_4lanes/ddr_byte_lane_A.ddr_byte_lane_A/out_fifo/RDCLK
                               i_platform/i_system_ddr/u_xilinx_ddr3_ctrl_axi32/u_xilinx_ddr3_ctrl_axi32_mig/u_memc_ui_top_axi/mem_intfc0/ddr_phy_top0/u_ddr_mc_phy_wrapper/u_ddr_mc_phy/ddr_phy_4lanes_0.u_ddr_phy_4lanes/ddr_byte_lane_A.ddr_byte_lane_A/ddr_byte_group_io/output_[3].oserdes_dq_.ddr.oserdes_dq_i/D2
                                                              4.015         
i_platform/i_system_ddr/u_xilinx_ddr3_ctrl_axi32/u_xilinx_ddr3_ctrl_axi32_mig/u_memc_ui_top_axi/mem_intfc0/ddr_phy_top0/u_ddr_mc_phy_wrapper/u_ddr_mc_phy/ddr_phy_4lanes_0.u_ddr_phy_4lanes/ddr_byte_lane_A.ddr_byte_lane_A/out_fifo/RDCLK
                               i_platform/i_system_ddr/u_xilinx_ddr3_ctrl_axi32/u_xilinx_ddr3_ctrl_axi32_mig/u_memc_ui_top_axi/mem_intfc0/ddr_phy_top0/u_ddr_mc_phy_wrapper/u_ddr_mc_phy/ddr_phy_4lanes_0.u_ddr_phy_4lanes/ddr_byte_lane_A.ddr_byte_lane_A/ddr_byte_group_io/output_[3].oserdes_dq_.ddr.oserdes_dq_i/D4
                                                              4.015         
i_platform/i_system_ddr/u_xilinx_ddr3_ctrl_axi32/u_xilinx_ddr3_ctrl_axi32_mig/u_memc_ui_top_axi/mem_intfc0/ddr_phy_top0/u_ddr_mc_phy_wrapper/u_ddr_mc_phy/ddr_phy_4lanes_0.u_ddr_phy_4lanes/ddr_byte_lane_A.ddr_byte_lane_A/out_fifo/RDCLK
                               i_platform/i_system_ddr/u_xilinx_ddr3_ctrl_axi32/u_xilinx_ddr3_ctrl_axi32_mig/u_memc_ui_top_axi/mem_intfc0/ddr_phy_top0/u_ddr_mc_phy_wrapper/u_ddr_mc_phy/ddr_phy_4lanes_0.u_ddr_phy_4lanes/ddr_byte_lane_A.ddr_byte_lane_A/ddr_byte_group_io/output_[4].oserdes_dq_.ddr.oserdes_dq_i/D3
                                                              4.015         
i_platform/i_system_ddr/u_xilinx_ddr3_ctrl_axi32/u_xilinx_ddr3_ctrl_axi32_mig/u_memc_ui_top_axi/mem_intfc0/ddr_phy_top0/u_ddr_mc_phy_wrapper/u_ddr_mc_phy/ddr_phy_4lanes_0.u_ddr_phy_4lanes/ddr_byte_lane_A.ddr_byte_lane_A/out_fifo/RDCLK
                               i_platform/i_system_ddr/u_xilinx_ddr3_ctrl_axi32/u_xilinx_ddr3_ctrl_axi32_mig/u_memc_ui_top_axi/mem_intfc0/ddr_phy_top0/u_ddr_mc_phy_wrapper/u_ddr_mc_phy/ddr_phy_4lanes_0.u_ddr_phy_4lanes/ddr_byte_lane_A.ddr_byte_lane_A/ddr_byte_group_io/output_[5].oserdes_dq_.ddr.oserdes_dq_i/D3
                                                              4.015         
i_platform/i_system_ddr/u_xilinx_ddr3_ctrl_axi32/u_xilinx_ddr3_ctrl_axi32_mig/u_memc_ui_top_axi/mem_intfc0/ddr_phy_top0/u_ddr_mc_phy_wrapper/u_ddr_mc_phy/ddr_phy_4lanes_0.u_ddr_phy_4lanes/ddr_byte_lane_A.ddr_byte_lane_A/out_fifo/RDCLK
                               i_platform/i_system_ddr/u_xilinx_ddr3_ctrl_axi32/u_xilinx_ddr3_ctrl_axi32_mig/u_memc_ui_top_axi/mem_intfc0/ddr_phy_top0/u_ddr_mc_phy_wrapper/u_ddr_mc_phy/ddr_phy_4lanes_0.u_ddr_phy_4lanes/ddr_byte_lane_A.ddr_byte_lane_A/ddr_byte_group_io/output_[7].oserdes_dq_.ddr.oserdes_dq_i/D2
                                                              4.015         
i_platform/i_system_ddr/u_xilinx_ddr3_ctrl_axi32/u_xilinx_ddr3_ctrl_axi32_mig/u_memc_ui_top_axi/mem_intfc0/ddr_phy_top0/u_ddr_mc_phy_wrapper/u_ddr_mc_phy/ddr_phy_4lanes_0.u_ddr_phy_4lanes/ddr_byte_lane_A.ddr_byte_lane_A/out_fifo/RDCLK
                               i_platform/i_system_ddr/u_xilinx_ddr3_ctrl_axi32/u_xilinx_ddr3_ctrl_axi32_mig/u_memc_ui_top_axi/mem_intfc0/ddr_phy_top0/u_ddr_mc_phy_wrapper/u_ddr_mc_phy/ddr_phy_4lanes_0.u_ddr_phy_4lanes/ddr_byte_lane_A.ddr_byte_lane_A/ddr_byte_group_io/output_[7].oserdes_dq_.ddr.oserdes_dq_i/D4
                                                              4.015         
i_platform/i_system_ddr/u_xilinx_ddr3_ctrl_axi32/u_xilinx_ddr3_ctrl_axi32_mig/u_memc_ui_top_axi/mem_intfc0/ddr_phy_top0/u_ddr_mc_phy_wrapper/u_ddr_mc_phy/ddr_phy_4lanes_0.u_ddr_phy_4lanes/ddr_byte_lane_A.ddr_byte_lane_A/out_fifo/RDCLK
                               i_platform/i_system_ddr/u_xilinx_ddr3_ctrl_axi32/u_xilinx_ddr3_ctrl_axi32_mig/u_memc_ui_top_axi/mem_intfc0/ddr_phy_top0/u_ddr_mc_phy_wrapper/u_ddr_mc_phy/ddr_phy_4lanes_0.u_ddr_phy_4lanes/ddr_byte_lane_A.ddr_byte_lane_A/ddr_byte_group_io/output_[9].oserdes_dq_.ddr.oserdes_dq_i/D2
                                                              4.015         
i_platform/i_system_ddr/u_xilinx_ddr3_ctrl_axi32/u_xilinx_ddr3_ctrl_axi32_mig/u_memc_ui_top_axi/mem_intfc0/ddr_phy_top0/u_ddr_mc_phy_wrapper/u_ddr_mc_phy/ddr_phy_4lanes_0.u_ddr_phy_4lanes/ddr_byte_lane_A.ddr_byte_lane_A/out_fifo/RDCLK
                               i_platform/i_system_ddr/u_xilinx_ddr3_ctrl_axi32/u_xilinx_ddr3_ctrl_axi32_mig/u_memc_ui_top_axi/mem_intfc0/ddr_phy_top0/u_ddr_mc_phy_wrapper/u_ddr_mc_phy/ddr_phy_4lanes_0.u_ddr_phy_4lanes/ddr_byte_lane_A.ddr_byte_lane_A/ddr_byte_group_io/output_[9].oserdes_dq_.ddr.oserdes_dq_i/D4
                                                              4.015         
i_platform/i_system_ddr/u_xilinx_ddr3_ctrl_axi32/u_xilinx_ddr3_ctrl_axi32_mig/u_memc_ui_top_axi/mem_intfc0/ddr_phy_top0/u_ddr_mc_phy_wrapper/u_ddr_mc_phy/ddr_phy_4lanes_0.u_ddr_phy_4lanes/ddr_byte_lane_A.ddr_byte_lane_A/out_fifo/RDCLK
                               i_platform/i_system_ddr/u_xilinx_ddr3_ctrl_axi32/u_xilinx_ddr3_ctrl_axi32_mig/u_memc_ui_top_axi/mem_intfc0/ddr_phy_top0/u_ddr_mc_phy_wrapper/u_ddr_mc_phy/ddr_phy_4lanes_0.u_ddr_phy_4lanes/ddr_byte_lane_A.ddr_byte_lane_A/ddr_byte_group_io/output_[0].oserdes_dq_.ddr.oserdes_dq_i/D3
                                                              4.016         
i_platform/i_system_ddr/u_xilinx_ddr3_ctrl_axi32/u_xilinx_ddr3_ctrl_axi32_mig/u_memc_ui_top_axi/mem_intfc0/ddr_phy_top0/u_ddr_mc_phy_wrapper/u_ddr_mc_phy/ddr_phy_4lanes_0.u_ddr_phy_4lanes/ddr_byte_lane_A.ddr_byte_lane_A/out_fifo/RDCLK
                               i_platform/i_system_ddr/u_xilinx_ddr3_ctrl_axi32/u_xilinx_ddr3_ctrl_axi32_mig/u_memc_ui_top_axi/mem_intfc0/ddr_phy_top0/u_ddr_mc_phy_wrapper/u_ddr_mc_phy/ddr_phy_4lanes_0.u_ddr_phy_4lanes/ddr_byte_lane_A.ddr_byte_lane_A/ddr_byte_group_io/output_[1].oserdes_dq_.ddr.oserdes_dq_i/D3
                                                              4.016         
i_platform/i_system_ddr/u_xilinx_ddr3_ctrl_axi32/u_xilinx_ddr3_ctrl_axi32_mig/u_memc_ui_top_axi/mem_intfc0/ddr_phy_top0/u_ddr_mc_phy_wrapper/u_ddr_mc_phy/ddr_phy_4lanes_0.u_ddr_phy_4lanes/ddr_byte_lane_A.ddr_byte_lane_A/out_fifo/RDCLK
                               i_platform/i_system_ddr/u_xilinx_ddr3_ctrl_axi32/u_xilinx_ddr3_ctrl_axi32_mig/u_memc_ui_top_axi/mem_intfc0/ddr_phy_top0/u_ddr_mc_phy_wrapper/u_ddr_mc_phy/ddr_phy_4lanes_0.u_ddr_phy_4lanes/ddr_byte_lane_A.ddr_byte_lane_A/ddr_byte_group_io/output_[2].oserdes_dq_.ddr.oserdes_dq_i/D3
                                                              4.016         
i_platform/i_system_ddr/u_xilinx_ddr3_ctrl_axi32/u_xilinx_ddr3_ctrl_axi32_mig/u_memc_ui_top_axi/mem_intfc0/ddr_phy_top0/u_ddr_mc_phy_wrapper/u_ddr_mc_phy/ddr_phy_4lanes_0.u_ddr_phy_4lanes/ddr_byte_lane_A.ddr_byte_lane_A/out_fifo/RDCLK
                               i_platform/i_system_ddr/u_xilinx_ddr3_ctrl_axi32/u_xilinx_ddr3_ctrl_axi32_mig/u_memc_ui_top_axi/mem_intfc0/ddr_phy_top0/u_ddr_mc_phy_wrapper/u_ddr_mc_phy/ddr_phy_4lanes_0.u_ddr_phy_4lanes/ddr_byte_lane_A.ddr_byte_lane_A/ddr_byte_group_io/output_[3].oserdes_dq_.ddr.oserdes_dq_i/D3
                                                              4.016         
i_platform/i_system_ddr/u_xilinx_ddr3_ctrl_axi32/u_xilinx_ddr3_ctrl_axi32_mig/u_memc_ui_top_axi/mem_intfc0/ddr_phy_top0/u_ddr_mc_phy_wrapper/u_ddr_mc_phy/ddr_phy_4lanes_0.u_ddr_phy_4lanes/ddr_byte_lane_A.ddr_byte_lane_A/out_fifo/RDCLK
                               i_platform/i_system_ddr/u_xilinx_ddr3_ctrl_axi32/u_xilinx_ddr3_ctrl_axi32_mig/u_memc_ui_top_axi/mem_intfc0/ddr_phy_top0/u_ddr_mc_phy_wrapper/u_ddr_mc_phy/ddr_phy_4lanes_0.u_ddr_phy_4lanes/ddr_byte_lane_A.ddr_byte_lane_A/ddr_byte_group_io/output_[7].oserdes_dq_.ddr.oserdes_dq_i/D3
                                                              4.016         
i_platform/i_system_ddr/u_xilinx_ddr3_ctrl_axi32/u_xilinx_ddr3_ctrl_axi32_mig/u_memc_ui_top_axi/mem_intfc0/ddr_phy_top0/u_ddr_mc_phy_wrapper/u_ddr_mc_phy/ddr_phy_4lanes_0.u_ddr_phy_4lanes/ddr_byte_lane_A.ddr_byte_lane_A/out_fifo/RDCLK
                               i_platform/i_system_ddr/u_xilinx_ddr3_ctrl_axi32/u_xilinx_ddr3_ctrl_axi32_mig/u_memc_ui_top_axi/mem_intfc0/ddr_phy_top0/u_ddr_mc_phy_wrapper/u_ddr_mc_phy/ddr_phy_4lanes_0.u_ddr_phy_4lanes/ddr_byte_lane_A.ddr_byte_lane_A/ddr_byte_group_io/output_[9].oserdes_dq_.ddr.oserdes_dq_i/D3
                                                              4.016         
i_platform/i_system_ddr/u_xilinx_ddr3_ctrl_axi32/u_xilinx_ddr3_ctrl_axi32_mig/u_memc_ui_top_axi/mem_intfc0/ddr_phy_top0/u_ddr_mc_phy_wrapper/u_ddr_mc_phy/ddr_phy_4lanes_0.u_ddr_phy_4lanes/ddr_byte_lane_D.ddr_byte_lane_D/out_fifo/RDCLK
                               i_platform/i_system_ddr/u_xilinx_ddr3_ctrl_axi32/u_xilinx_ddr3_ctrl_axi32_mig/u_memc_ui_top_axi/mem_intfc0/ddr_phy_top0/u_ddr_mc_phy_wrapper/u_ddr_mc_phy/ddr_phy_4lanes_0.u_ddr_phy_4lanes/ddr_byte_lane_D.ddr_byte_lane_D/ddr_byte_group_io/output_[6].oserdes_dq_.ddr.oserdes_dq_i/D1
                                                              4.018         
i_platform/i_system_ddr/u_xilinx_ddr3_ctrl_axi32/u_xilinx_ddr3_ctrl_axi32_mig/u_memc_ui_top_axi/mem_intfc0/ddr_phy_top0/u_ddr_mc_phy_wrapper/u_ddr_mc_phy/ddr_phy_4lanes_0.u_ddr_phy_4lanes/ddr_byte_lane_D.ddr_byte_lane_D/out_fifo/RDCLK
                               i_platform/i_system_ddr/u_xilinx_ddr3_ctrl_axi32/u_xilinx_ddr3_ctrl_axi32_mig/u_memc_ui_top_axi/mem_intfc0/ddr_phy_top0/u_ddr_mc_phy_wrapper/u_ddr_mc_phy/ddr_phy_4lanes_0.u_ddr_phy_4lanes/ddr_byte_lane_D.ddr_byte_lane_D/ddr_byte_group_io/output_[4].oserdes_dq_.ddr.oserdes_dq_i/D1
                                                              4.019         
i_platform/i_system_ddr/u_xilinx_ddr3_ctrl_axi32/u_xilinx_ddr3_ctrl_axi32_mig/u_memc_ui_top_axi/mem_intfc0/ddr_phy_top0/u_ddr_mc_phy_wrapper/u_ddr_mc_phy/ddr_phy_4lanes_0.u_ddr_phy_4lanes/ddr_byte_lane_D.ddr_byte_lane_D/out_fifo/RDCLK
                               i_platform/i_system_ddr/u_xilinx_ddr3_ctrl_axi32/u_xilinx_ddr3_ctrl_axi32_mig/u_memc_ui_top_axi/mem_intfc0/ddr_phy_top0/u_ddr_mc_phy_wrapper/u_ddr_mc_phy/ddr_phy_4lanes_0.u_ddr_phy_4lanes/ddr_byte_lane_D.ddr_byte_lane_D/ddr_byte_group_io/output_[5].oserdes_dq_.ddr.oserdes_dq_i/D1
                                                              4.019         
i_platform/i_system_ddr/u_xilinx_ddr3_ctrl_axi32/u_xilinx_ddr3_ctrl_axi32_mig/u_memc_ui_top_axi/mem_intfc0/ddr_phy_top0/u_ddr_mc_phy_wrapper/u_ddr_mc_phy/ddr_phy_4lanes_0.u_ddr_phy_4lanes/ddr_byte_lane_D.ddr_byte_lane_D/out_fifo/RDCLK
                               i_platform/i_system_ddr/u_xilinx_ddr3_ctrl_axi32/u_xilinx_ddr3_ctrl_axi32_mig/u_memc_ui_top_axi/mem_intfc0/ddr_phy_top0/u_ddr_mc_phy_wrapper/u_ddr_mc_phy/ddr_phy_4lanes_0.u_ddr_phy_4lanes/ddr_byte_lane_D.ddr_byte_lane_D/ddr_byte_group_io/output_[1].oserdes_dq_.ddr.oserdes_dq_i/D1
                                                              4.020         
i_platform/i_system_ddr/u_xilinx_ddr3_ctrl_axi32/u_xilinx_ddr3_ctrl_axi32_mig/u_memc_ui_top_axi/mem_intfc0/ddr_phy_top0/u_ddr_mc_phy_wrapper/u_ddr_mc_phy/ddr_phy_4lanes_0.u_ddr_phy_4lanes/ddr_byte_lane_D.ddr_byte_lane_D/out_fifo/RDCLK
                               i_platform/i_system_ddr/u_xilinx_ddr3_ctrl_axi32/u_xilinx_ddr3_ctrl_axi32_mig/u_memc_ui_top_axi/mem_intfc0/ddr_phy_top0/u_ddr_mc_phy_wrapper/u_ddr_mc_phy/ddr_phy_4lanes_0.u_ddr_phy_4lanes/ddr_byte_lane_D.ddr_byte_lane_D/ddr_byte_group_io/output_[3].oserdes_dq_.ddr.oserdes_dq_i/D1
                                                              4.020         
i_platform/i_system_ddr/u_xilinx_ddr3_ctrl_axi32/u_xilinx_ddr3_ctrl_axi32_mig/u_memc_ui_top_axi/mem_intfc0/ddr_phy_top0/u_ddr_mc_phy_wrapper/u_ddr_mc_phy/ddr_phy_4lanes_0.u_ddr_phy_4lanes/ddr_byte_lane_D.ddr_byte_lane_D/out_fifo/RDCLK
                               i_platform/i_system_ddr/u_xilinx_ddr3_ctrl_axi32/u_xilinx_ddr3_ctrl_axi32_mig/u_memc_ui_top_axi/mem_intfc0/ddr_phy_top0/u_ddr_mc_phy_wrapper/u_ddr_mc_phy/ddr_phy_4lanes_0.u_ddr_phy_4lanes/ddr_byte_lane_D.ddr_byte_lane_D/ddr_byte_group_io/output_[7].oserdes_dq_.ddr.oserdes_dq_i/D1
                                                              4.020         
i_platform/i_system_ddr/u_xilinx_ddr3_ctrl_axi32/u_xilinx_ddr3_ctrl_axi32_mig/u_memc_ui_top_axi/mem_intfc0/ddr_phy_top0/u_ddr_mc_phy_wrapper/u_ddr_mc_phy/ddr_phy_4lanes_0.u_ddr_phy_4lanes/ddr_byte_lane_D.ddr_byte_lane_D/out_fifo/RDCLK
                               i_platform/i_system_ddr/u_xilinx_ddr3_ctrl_axi32/u_xilinx_ddr3_ctrl_axi32_mig/u_memc_ui_top_axi/mem_intfc0/ddr_phy_top0/u_ddr_mc_phy_wrapper/u_ddr_mc_phy/ddr_phy_4lanes_0.u_ddr_phy_4lanes/ddr_byte_lane_D.ddr_byte_lane_D/ddr_byte_group_io/output_[8].oserdes_dq_.ddr.oserdes_dq_i/D1
                                                              4.020         
i_platform/i_system_ddr/u_xilinx_ddr3_ctrl_axi32/u_xilinx_ddr3_ctrl_axi32_mig/u_memc_ui_top_axi/mem_intfc0/ddr_phy_top0/u_ddr_mc_phy_wrapper/u_ddr_mc_phy/ddr_phy_4lanes_0.u_ddr_phy_4lanes/ddr_byte_lane_D.ddr_byte_lane_D/out_fifo/RDCLK
                               i_platform/i_system_ddr/u_xilinx_ddr3_ctrl_axi32/u_xilinx_ddr3_ctrl_axi32_mig/u_memc_ui_top_axi/mem_intfc0/ddr_phy_top0/u_ddr_mc_phy_wrapper/u_ddr_mc_phy/ddr_phy_4lanes_0.u_ddr_phy_4lanes/ddr_byte_lane_D.ddr_byte_lane_D/ddr_byte_group_io/output_[6].oserdes_dq_.ddr.oserdes_dq_i/D2
                                                              4.021         
i_platform/i_system_ddr/u_xilinx_ddr3_ctrl_axi32/u_xilinx_ddr3_ctrl_axi32_mig/u_memc_ui_top_axi/mem_intfc0/ddr_phy_top0/u_ddr_mc_phy_wrapper/u_ddr_mc_phy/ddr_phy_4lanes_0.u_ddr_phy_4lanes/ddr_byte_lane_D.ddr_byte_lane_D/out_fifo/RDCLK
                               i_platform/i_system_ddr/u_xilinx_ddr3_ctrl_axi32/u_xilinx_ddr3_ctrl_axi32_mig/u_memc_ui_top_axi/mem_intfc0/ddr_phy_top0/u_ddr_mc_phy_wrapper/u_ddr_mc_phy/ddr_phy_4lanes_0.u_ddr_phy_4lanes/ddr_byte_lane_D.ddr_byte_lane_D/ddr_byte_group_io/output_[6].oserdes_dq_.ddr.oserdes_dq_i/D4
                                                              4.021         
i_platform/i_system_ddr/u_xilinx_ddr3_ctrl_axi32/u_xilinx_ddr3_ctrl_axi32_mig/u_memc_ui_top_axi/mem_intfc0/ddr_phy_top0/u_ddr_mc_phy_wrapper/u_ddr_mc_phy/ddr_phy_4lanes_0.u_ddr_phy_4lanes/ddr_byte_lane_D.ddr_byte_lane_D/out_fifo/RDCLK
                               i_platform/i_system_ddr/u_xilinx_ddr3_ctrl_axi32/u_xilinx_ddr3_ctrl_axi32_mig/u_memc_ui_top_axi/mem_intfc0/ddr_phy_top0/u_ddr_mc_phy_wrapper/u_ddr_mc_phy/ddr_phy_4lanes_0.u_ddr_phy_4lanes/ddr_byte_lane_D.ddr_byte_lane_D/ddr_byte_group_io/output_[4].oserdes_dq_.ddr.oserdes_dq_i/D2
                                                              4.022         
i_platform/i_system_ddr/u_xilinx_ddr3_ctrl_axi32/u_xilinx_ddr3_ctrl_axi32_mig/u_memc_ui_top_axi/mem_intfc0/ddr_phy_top0/u_ddr_mc_phy_wrapper/u_ddr_mc_phy/ddr_phy_4lanes_0.u_ddr_phy_4lanes/ddr_byte_lane_D.ddr_byte_lane_D/out_fifo/RDCLK
                               i_platform/i_system_ddr/u_xilinx_ddr3_ctrl_axi32/u_xilinx_ddr3_ctrl_axi32_mig/u_memc_ui_top_axi/mem_intfc0/ddr_phy_top0/u_ddr_mc_phy_wrapper/u_ddr_mc_phy/ddr_phy_4lanes_0.u_ddr_phy_4lanes/ddr_byte_lane_D.ddr_byte_lane_D/ddr_byte_group_io/output_[4].oserdes_dq_.ddr.oserdes_dq_i/D4
                                                              4.022         
i_platform/i_system_ddr/u_xilinx_ddr3_ctrl_axi32/u_xilinx_ddr3_ctrl_axi32_mig/u_memc_ui_top_axi/mem_intfc0/ddr_phy_top0/u_ddr_mc_phy_wrapper/u_ddr_mc_phy/ddr_phy_4lanes_0.u_ddr_phy_4lanes/ddr_byte_lane_D.ddr_byte_lane_D/out_fifo/RDCLK
                               i_platform/i_system_ddr/u_xilinx_ddr3_ctrl_axi32/u_xilinx_ddr3_ctrl_axi32_mig/u_memc_ui_top_axi/mem_intfc0/ddr_phy_top0/u_ddr_mc_phy_wrapper/u_ddr_mc_phy/ddr_phy_4lanes_0.u_ddr_phy_4lanes/ddr_byte_lane_D.ddr_byte_lane_D/ddr_byte_group_io/output_[5].oserdes_dq_.ddr.oserdes_dq_i/D2
                                                              4.022         
i_platform/i_system_ddr/u_xilinx_ddr3_ctrl_axi32/u_xilinx_ddr3_ctrl_axi32_mig/u_memc_ui_top_axi/mem_intfc0/ddr_phy_top0/u_ddr_mc_phy_wrapper/u_ddr_mc_phy/ddr_phy_4lanes_0.u_ddr_phy_4lanes/ddr_byte_lane_D.ddr_byte_lane_D/out_fifo/RDCLK
                               i_platform/i_system_ddr/u_xilinx_ddr3_ctrl_axi32/u_xilinx_ddr3_ctrl_axi32_mig/u_memc_ui_top_axi/mem_intfc0/ddr_phy_top0/u_ddr_mc_phy_wrapper/u_ddr_mc_phy/ddr_phy_4lanes_0.u_ddr_phy_4lanes/ddr_byte_lane_D.ddr_byte_lane_D/ddr_byte_group_io/output_[5].oserdes_dq_.ddr.oserdes_dq_i/D4
                                                              4.022         
i_platform/i_system_ddr/u_xilinx_ddr3_ctrl_axi32/u_xilinx_ddr3_ctrl_axi32_mig/u_memc_ui_top_axi/mem_intfc0/ddr_phy_top0/u_ddr_mc_phy_wrapper/u_ddr_mc_phy/ddr_phy_4lanes_0.u_ddr_phy_4lanes/ddr_byte_lane_D.ddr_byte_lane_D/out_fifo/RDCLK
                               i_platform/i_system_ddr/u_xilinx_ddr3_ctrl_axi32/u_xilinx_ddr3_ctrl_axi32_mig/u_memc_ui_top_axi/mem_intfc0/ddr_phy_top0/u_ddr_mc_phy_wrapper/u_ddr_mc_phy/ddr_phy_4lanes_0.u_ddr_phy_4lanes/ddr_byte_lane_D.ddr_byte_lane_D/ddr_byte_group_io/output_[6].oserdes_dq_.ddr.oserdes_dq_i/D3
                                                              4.022         
i_platform/i_system_ddr/u_xilinx_ddr3_ctrl_axi32/u_xilinx_ddr3_ctrl_axi32_mig/u_memc_ui_top_axi/mem_intfc0/ddr_phy_top0/u_ddr_mc_phy_wrapper/u_ddr_mc_phy/ddr_phy_4lanes_0.u_ddr_phy_4lanes/ddr_byte_lane_D.ddr_byte_lane_D/out_fifo/RDCLK
                               i_platform/i_system_ddr/u_xilinx_ddr3_ctrl_axi32/u_xilinx_ddr3_ctrl_axi32_mig/u_memc_ui_top_axi/mem_intfc0/ddr_phy_top0/u_ddr_mc_phy_wrapper/u_ddr_mc_phy/ddr_phy_4lanes_0.u_ddr_phy_4lanes/ddr_byte_lane_D.ddr_byte_lane_D/ddr_byte_group_io/output_[1].oserdes_dq_.ddr.oserdes_dq_i/D2
                                                              4.023         
i_platform/i_system_ddr/u_xilinx_ddr3_ctrl_axi32/u_xilinx_ddr3_ctrl_axi32_mig/u_memc_ui_top_axi/mem_intfc0/ddr_phy_top0/u_ddr_mc_phy_wrapper/u_ddr_mc_phy/ddr_phy_4lanes_0.u_ddr_phy_4lanes/ddr_byte_lane_D.ddr_byte_lane_D/out_fifo/RDCLK
                               i_platform/i_system_ddr/u_xilinx_ddr3_ctrl_axi32/u_xilinx_ddr3_ctrl_axi32_mig/u_memc_ui_top_axi/mem_intfc0/ddr_phy_top0/u_ddr_mc_phy_wrapper/u_ddr_mc_phy/ddr_phy_4lanes_0.u_ddr_phy_4lanes/ddr_byte_lane_D.ddr_byte_lane_D/ddr_byte_group_io/output_[1].oserdes_dq_.ddr.oserdes_dq_i/D4
                                                              4.023         
i_platform/i_system_ddr/u_xilinx_ddr3_ctrl_axi32/u_xilinx_ddr3_ctrl_axi32_mig/u_memc_ui_top_axi/mem_intfc0/ddr_phy_top0/u_ddr_mc_phy_wrapper/u_ddr_mc_phy/ddr_phy_4lanes_0.u_ddr_phy_4lanes/ddr_byte_lane_D.ddr_byte_lane_D/out_fifo/RDCLK
                               i_platform/i_system_ddr/u_xilinx_ddr3_ctrl_axi32/u_xilinx_ddr3_ctrl_axi32_mig/u_memc_ui_top_axi/mem_intfc0/ddr_phy_top0/u_ddr_mc_phy_wrapper/u_ddr_mc_phy/ddr_phy_4lanes_0.u_ddr_phy_4lanes/ddr_byte_lane_D.ddr_byte_lane_D/ddr_byte_group_io/output_[3].oserdes_dq_.ddr.oserdes_dq_i/D2
                                                              4.023         
i_platform/i_system_ddr/u_xilinx_ddr3_ctrl_axi32/u_xilinx_ddr3_ctrl_axi32_mig/u_memc_ui_top_axi/mem_intfc0/ddr_phy_top0/u_ddr_mc_phy_wrapper/u_ddr_mc_phy/ddr_phy_4lanes_0.u_ddr_phy_4lanes/ddr_byte_lane_D.ddr_byte_lane_D/out_fifo/RDCLK
                               i_platform/i_system_ddr/u_xilinx_ddr3_ctrl_axi32/u_xilinx_ddr3_ctrl_axi32_mig/u_memc_ui_top_axi/mem_intfc0/ddr_phy_top0/u_ddr_mc_phy_wrapper/u_ddr_mc_phy/ddr_phy_4lanes_0.u_ddr_phy_4lanes/ddr_byte_lane_D.ddr_byte_lane_D/ddr_byte_group_io/output_[3].oserdes_dq_.ddr.oserdes_dq_i/D4
                                                              4.023         
i_platform/i_system_ddr/u_xilinx_ddr3_ctrl_axi32/u_xilinx_ddr3_ctrl_axi32_mig/u_memc_ui_top_axi/mem_intfc0/ddr_phy_top0/u_ddr_mc_phy_wrapper/u_ddr_mc_phy/ddr_phy_4lanes_0.u_ddr_phy_4lanes/ddr_byte_lane_D.ddr_byte_lane_D/out_fifo/RDCLK
                               i_platform/i_system_ddr/u_xilinx_ddr3_ctrl_axi32/u_xilinx_ddr3_ctrl_axi32_mig/u_memc_ui_top_axi/mem_intfc0/ddr_phy_top0/u_ddr_mc_phy_wrapper/u_ddr_mc_phy/ddr_phy_4lanes_0.u_ddr_phy_4lanes/ddr_byte_lane_D.ddr_byte_lane_D/ddr_byte_group_io/output_[4].oserdes_dq_.ddr.oserdes_dq_i/D3
                                                              4.023         
i_platform/i_system_ddr/u_xilinx_ddr3_ctrl_axi32/u_xilinx_ddr3_ctrl_axi32_mig/u_memc_ui_top_axi/mem_intfc0/ddr_phy_top0/u_ddr_mc_phy_wrapper/u_ddr_mc_phy/ddr_phy_4lanes_0.u_ddr_phy_4lanes/ddr_byte_lane_D.ddr_byte_lane_D/out_fifo/RDCLK
                               i_platform/i_system_ddr/u_xilinx_ddr3_ctrl_axi32/u_xilinx_ddr3_ctrl_axi32_mig/u_memc_ui_top_axi/mem_intfc0/ddr_phy_top0/u_ddr_mc_phy_wrapper/u_ddr_mc_phy/ddr_phy_4lanes_0.u_ddr_phy_4lanes/ddr_byte_lane_D.ddr_byte_lane_D/ddr_byte_group_io/output_[5].oserdes_dq_.ddr.oserdes_dq_i/D3
                                                              4.023         
i_platform/i_system_ddr/u_xilinx_ddr3_ctrl_axi32/u_xilinx_ddr3_ctrl_axi32_mig/u_memc_ui_top_axi/mem_intfc0/ddr_phy_top0/u_ddr_mc_phy_wrapper/u_ddr_mc_phy/ddr_phy_4lanes_0.u_ddr_phy_4lanes/ddr_byte_lane_D.ddr_byte_lane_D/out_fifo/RDCLK
                               i_platform/i_system_ddr/u_xilinx_ddr3_ctrl_axi32/u_xilinx_ddr3_ctrl_axi32_mig/u_memc_ui_top_axi/mem_intfc0/ddr_phy_top0/u_ddr_mc_phy_wrapper/u_ddr_mc_phy/ddr_phy_4lanes_0.u_ddr_phy_4lanes/ddr_byte_lane_D.ddr_byte_lane_D/ddr_byte_group_io/output_[7].oserdes_dq_.ddr.oserdes_dq_i/D2
                                                              4.023         
i_platform/i_system_ddr/u_xilinx_ddr3_ctrl_axi32/u_xilinx_ddr3_ctrl_axi32_mig/u_memc_ui_top_axi/mem_intfc0/ddr_phy_top0/u_ddr_mc_phy_wrapper/u_ddr_mc_phy/ddr_phy_4lanes_0.u_ddr_phy_4lanes/ddr_byte_lane_D.ddr_byte_lane_D/out_fifo/RDCLK
                               i_platform/i_system_ddr/u_xilinx_ddr3_ctrl_axi32/u_xilinx_ddr3_ctrl_axi32_mig/u_memc_ui_top_axi/mem_intfc0/ddr_phy_top0/u_ddr_mc_phy_wrapper/u_ddr_mc_phy/ddr_phy_4lanes_0.u_ddr_phy_4lanes/ddr_byte_lane_D.ddr_byte_lane_D/ddr_byte_group_io/output_[7].oserdes_dq_.ddr.oserdes_dq_i/D4
                                                              4.023         
i_platform/i_system_ddr/u_xilinx_ddr3_ctrl_axi32/u_xilinx_ddr3_ctrl_axi32_mig/u_memc_ui_top_axi/mem_intfc0/ddr_phy_top0/u_ddr_mc_phy_wrapper/u_ddr_mc_phy/ddr_phy_4lanes_0.u_ddr_phy_4lanes/ddr_byte_lane_D.ddr_byte_lane_D/out_fifo/RDCLK
                               i_platform/i_system_ddr/u_xilinx_ddr3_ctrl_axi32/u_xilinx_ddr3_ctrl_axi32_mig/u_memc_ui_top_axi/mem_intfc0/ddr_phy_top0/u_ddr_mc_phy_wrapper/u_ddr_mc_phy/ddr_phy_4lanes_0.u_ddr_phy_4lanes/ddr_byte_lane_D.ddr_byte_lane_D/ddr_byte_group_io/output_[8].oserdes_dq_.ddr.oserdes_dq_i/D2
                                                              4.023         
i_platform/i_system_ddr/u_xilinx_ddr3_ctrl_axi32/u_xilinx_ddr3_ctrl_axi32_mig/u_memc_ui_top_axi/mem_intfc0/ddr_phy_top0/u_ddr_mc_phy_wrapper/u_ddr_mc_phy/ddr_phy_4lanes_0.u_ddr_phy_4lanes/ddr_byte_lane_D.ddr_byte_lane_D/out_fifo/RDCLK
                               i_platform/i_system_ddr/u_xilinx_ddr3_ctrl_axi32/u_xilinx_ddr3_ctrl_axi32_mig/u_memc_ui_top_axi/mem_intfc0/ddr_phy_top0/u_ddr_mc_phy_wrapper/u_ddr_mc_phy/ddr_phy_4lanes_0.u_ddr_phy_4lanes/ddr_byte_lane_D.ddr_byte_lane_D/ddr_byte_group_io/output_[8].oserdes_dq_.ddr.oserdes_dq_i/D4
                                                              4.023         
i_platform/i_system_ddr/u_xilinx_ddr3_ctrl_axi32/u_xilinx_ddr3_ctrl_axi32_mig/u_memc_ui_top_axi/mem_intfc0/ddr_phy_top0/u_ddr_mc_phy_wrapper/u_ddr_mc_phy/ddr_phy_4lanes_0.u_ddr_phy_4lanes/ddr_byte_lane_D.ddr_byte_lane_D/out_fifo/RDCLK
                               i_platform/i_system_ddr/u_xilinx_ddr3_ctrl_axi32/u_xilinx_ddr3_ctrl_axi32_mig/u_memc_ui_top_axi/mem_intfc0/ddr_phy_top0/u_ddr_mc_phy_wrapper/u_ddr_mc_phy/ddr_phy_4lanes_0.u_ddr_phy_4lanes/ddr_byte_lane_D.ddr_byte_lane_D/ddr_byte_group_io/output_[1].oserdes_dq_.ddr.oserdes_dq_i/D3
                                                              4.024         
i_platform/i_system_ddr/u_xilinx_ddr3_ctrl_axi32/u_xilinx_ddr3_ctrl_axi32_mig/u_memc_ui_top_axi/mem_intfc0/ddr_phy_top0/u_ddr_mc_phy_wrapper/u_ddr_mc_phy/ddr_phy_4lanes_0.u_ddr_phy_4lanes/ddr_byte_lane_D.ddr_byte_lane_D/out_fifo/RDCLK
                               i_platform/i_system_ddr/u_xilinx_ddr3_ctrl_axi32/u_xilinx_ddr3_ctrl_axi32_mig/u_memc_ui_top_axi/mem_intfc0/ddr_phy_top0/u_ddr_mc_phy_wrapper/u_ddr_mc_phy/ddr_phy_4lanes_0.u_ddr_phy_4lanes/ddr_byte_lane_D.ddr_byte_lane_D/ddr_byte_group_io/output_[3].oserdes_dq_.ddr.oserdes_dq_i/D3
                                                              4.024         
i_platform/i_system_ddr/u_xilinx_ddr3_ctrl_axi32/u_xilinx_ddr3_ctrl_axi32_mig/u_memc_ui_top_axi/mem_intfc0/ddr_phy_top0/u_ddr_mc_phy_wrapper/u_ddr_mc_phy/ddr_phy_4lanes_0.u_ddr_phy_4lanes/ddr_byte_lane_D.ddr_byte_lane_D/out_fifo/RDCLK
                               i_platform/i_system_ddr/u_xilinx_ddr3_ctrl_axi32/u_xilinx_ddr3_ctrl_axi32_mig/u_memc_ui_top_axi/mem_intfc0/ddr_phy_top0/u_ddr_mc_phy_wrapper/u_ddr_mc_phy/ddr_phy_4lanes_0.u_ddr_phy_4lanes/ddr_byte_lane_D.ddr_byte_lane_D/ddr_byte_group_io/output_[7].oserdes_dq_.ddr.oserdes_dq_i/D3
                                                              4.024         
i_platform/i_system_ddr/u_xilinx_ddr3_ctrl_axi32/u_xilinx_ddr3_ctrl_axi32_mig/u_memc_ui_top_axi/mem_intfc0/ddr_phy_top0/u_ddr_mc_phy_wrapper/u_ddr_mc_phy/ddr_phy_4lanes_0.u_ddr_phy_4lanes/ddr_byte_lane_D.ddr_byte_lane_D/out_fifo/RDCLK
                               i_platform/i_system_ddr/u_xilinx_ddr3_ctrl_axi32/u_xilinx_ddr3_ctrl_axi32_mig/u_memc_ui_top_axi/mem_intfc0/ddr_phy_top0/u_ddr_mc_phy_wrapper/u_ddr_mc_phy/ddr_phy_4lanes_0.u_ddr_phy_4lanes/ddr_byte_lane_D.ddr_byte_lane_D/ddr_byte_group_io/output_[8].oserdes_dq_.ddr.oserdes_dq_i/D3
                                                              4.024         
i_platform/i_system_ddr/u_xilinx_ddr3_ctrl_axi32/u_xilinx_ddr3_ctrl_axi32_mig/u_iodelay_ctrl/rst_ref_sync_r_reg[0][13]/C
                               i_platform/i_system_ddr/u_xilinx_ddr3_ctrl_axi32/u_xilinx_ddr3_ctrl_axi32_mig/u_iodelay_ctrl/rst_ref_sync_r_reg[0][14]/D
                                                              4.249         
i_platform/i_system_ddr/u_xilinx_ddr3_ctrl_axi32/u_xilinx_ddr3_ctrl_axi32_mig/u_iodelay_ctrl/rst_ref_sync_r_reg[0][6]/C
                               i_platform/i_system_ddr/u_xilinx_ddr3_ctrl_axi32/u_xilinx_ddr3_ctrl_axi32_mig/u_iodelay_ctrl/rst_ref_sync_r_reg[0][7]/D
                                                              4.272         
i_platform/i_system_ddr/u_xilinx_ddr3_ctrl_axi32/u_xilinx_ddr3_ctrl_axi32_mig/u_iodelay_ctrl/rst_ref_sync_r_reg[0][5]/C
                               i_platform/i_system_ddr/u_xilinx_ddr3_ctrl_axi32/u_xilinx_ddr3_ctrl_axi32_mig/u_iodelay_ctrl/rst_ref_sync_r_reg[0][6]/D
                                                              4.272         
i_platform/i_system_ddr/u_xilinx_ddr3_ctrl_axi32/u_xilinx_ddr3_ctrl_axi32_mig/u_iodelay_ctrl/rst_ref_sync_r_reg[0][3]/C
                               i_platform/i_system_ddr/u_xilinx_ddr3_ctrl_axi32/u_xilinx_ddr3_ctrl_axi32_mig/u_iodelay_ctrl/rst_ref_sync_r_reg[0][4]/D
                                                              4.293         
i_platform/i_system_ddr/u_xilinx_ddr3_ctrl_axi32/u_xilinx_ddr3_ctrl_axi32_mig/u_iodelay_ctrl/rst_ref_sync_r_reg[0][2]/C
                               i_platform/i_system_ddr/u_xilinx_ddr3_ctrl_axi32/u_xilinx_ddr3_ctrl_axi32_mig/u_iodelay_ctrl/rst_ref_sync_r_reg[0][3]/D
                                                              4.326         
i_platform/i_system_ddr/u_xilinx_ddr3_ctrl_axi32/u_xilinx_ddr3_ctrl_axi32_mig/u_iodelay_ctrl/rst_ref_sync_r_reg[0][11]/C
                               i_platform/i_system_ddr/u_xilinx_ddr3_ctrl_axi32/u_xilinx_ddr3_ctrl_axi32_mig/u_iodelay_ctrl/rst_ref_sync_r_reg[0][12]/D
                                                              4.336         
i_platform/i_system_ddr/u_xilinx_ddr3_ctrl_axi32/u_xilinx_ddr3_ctrl_axi32_mig/u_iodelay_ctrl/rst_ref_sync_r_reg[0][12]/C
                               i_platform/i_system_ddr/u_xilinx_ddr3_ctrl_axi32/u_xilinx_ddr3_ctrl_axi32_mig/u_iodelay_ctrl/rst_ref_sync_r_reg[0][13]/D
                                                              4.348         
i_platform/i_system_ddr/u_xilinx_ddr3_ctrl_axi32/u_xilinx_ddr3_ctrl_axi32_mig/u_iodelay_ctrl/rst_ref_sync_r_reg[0][8]/C
                               i_platform/i_system_ddr/u_xilinx_ddr3_ctrl_axi32/u_xilinx_ddr3_ctrl_axi32_mig/u_iodelay_ctrl/rst_ref_sync_r_reg[0][9]/D
                                                              4.365         
i_platform/i_system_ddr/u_xilinx_ddr3_ctrl_axi32/u_xilinx_ddr3_ctrl_axi32_mig/u_iodelay_ctrl/rst_ref_sync_r_reg[0][0]/C
                               i_platform/i_system_ddr/u_xilinx_ddr3_ctrl_axi32/u_xilinx_ddr3_ctrl_axi32_mig/u_iodelay_ctrl/rst_ref_sync_r_reg[0][1]/D
                                                              4.380         
i_platform/i_system_ddr/u_xilinx_ddr3_ctrl_axi32/u_xilinx_ddr3_ctrl_axi32_mig/u_iodelay_ctrl/rst_ref_sync_r_reg[0][7]/C
                               i_platform/i_system_ddr/u_xilinx_ddr3_ctrl_axi32/u_xilinx_ddr3_ctrl_axi32_mig/u_iodelay_ctrl/rst_ref_sync_r_reg[0][8]/D
                                                              4.383         
i_platform/i_system_ddr/u_xilinx_ddr3_ctrl_axi32/u_xilinx_ddr3_ctrl_axi32_mig/u_iodelay_ctrl/rst_ref_sync_r_reg[0][1]/C
                               i_platform/i_system_ddr/u_xilinx_ddr3_ctrl_axi32/u_xilinx_ddr3_ctrl_axi32_mig/u_iodelay_ctrl/rst_ref_sync_r_reg[0][2]/D
                                                              4.394         
i_platform/i_system_ddr/u_xilinx_ddr3_ctrl_axi32/u_xilinx_ddr3_ctrl_axi32_mig/u_iodelay_ctrl/rst_ref_sync_r_reg[0][10]/C
                               i_platform/i_system_ddr/u_xilinx_ddr3_ctrl_axi32/u_xilinx_ddr3_ctrl_axi32_mig/u_iodelay_ctrl/rst_ref_sync_r_reg[0][11]/D
                                                              4.404         
i_platform/i_system_ddr/u_xilinx_ddr3_ctrl_axi32/u_xilinx_ddr3_ctrl_axi32_mig/u_iodelay_ctrl/rst_ref_sync_r_reg[0][9]/C
                               i_platform/i_system_ddr/u_xilinx_ddr3_ctrl_axi32/u_xilinx_ddr3_ctrl_axi32_mig/u_iodelay_ctrl/rst_ref_sync_r_reg[0][10]/D
                                                              4.406         
i_platform/i_system_ddr/u_xilinx_ddr3_ctrl_axi32/u_xilinx_ddr3_ctrl_axi32_mig/u_iodelay_ctrl/rst_ref_sync_r_reg[0][4]/C
                               i_platform/i_system_ddr/u_xilinx_ddr3_ctrl_axi32/u_xilinx_ddr3_ctrl_axi32_mig/u_iodelay_ctrl/rst_ref_sync_r_reg[0][5]/D
                                                              4.407         
i_platform/i_system_ddr/u_xilinx_ddr3_ctrl_axi32/u_xilinx_ddr3_ctrl_axi32_mig/u_memc_ui_top_axi/mem_intfc0/ddr_phy_top0/u_ddr_mc_phy_wrapper/u_ddr_mc_phy/ddr_phy_4lanes_0.u_ddr_phy_4lanes/ddr_byte_lane_A.ddr_byte_lane_A/ddr_byte_group_io/input_[1].iserdes_dq_.iserdesdq/CLKDIVP
                               i_platform/i_system_ddr/u_xilinx_ddr3_ctrl_axi32/u_xilinx_ddr3_ctrl_axi32_mig/u_memc_ui_top_axi/mem_intfc0/ddr_phy_top0/u_ddr_mc_phy_wrapper/u_ddr_mc_phy/ddr_phy_4lanes_0.u_ddr_phy_4lanes/ddr_byte_lane_A.ddr_byte_lane_A/in_fifo_gen.in_fifo/D1[3]
                                                              8.477         
i_platform/i_system_ddr/u_xilinx_ddr3_ctrl_axi32/u_xilinx_ddr3_ctrl_axi32_mig/u_memc_ui_top_axi/mem_intfc0/ddr_phy_top0/u_ddr_mc_phy_wrapper/u_ddr_mc_phy/ddr_phy_4lanes_0.u_ddr_phy_4lanes/ddr_byte_lane_A.ddr_byte_lane_A/ddr_byte_group_io/input_[1].iserdes_dq_.iserdesdq/CLKDIVP
                               i_platform/i_system_ddr/u_xilinx_ddr3_ctrl_axi32/u_xilinx_ddr3_ctrl_axi32_mig/u_memc_ui_top_axi/mem_intfc0/ddr_phy_top0/u_ddr_mc_phy_wrapper/u_ddr_mc_phy/ddr_phy_4lanes_0.u_ddr_phy_4lanes/ddr_byte_lane_A.ddr_byte_lane_A/in_fifo_gen.in_fifo/D1[2]
                                                              8.479         
i_platform/i_system_ddr/u_xilinx_ddr3_ctrl_axi32/u_xilinx_ddr3_ctrl_axi32_mig/u_memc_ui_top_axi/mem_intfc0/ddr_phy_top0/u_ddr_mc_phy_wrapper/u_ddr_mc_phy/ddr_phy_4lanes_0.u_ddr_phy_4lanes/ddr_byte_lane_A.ddr_byte_lane_A/ddr_byte_group_io/input_[1].iserdes_dq_.iserdesdq/CLKDIVP
                               i_platform/i_system_ddr/u_xilinx_ddr3_ctrl_axi32/u_xilinx_ddr3_ctrl_axi32_mig/u_memc_ui_top_axi/mem_intfc0/ddr_phy_top0/u_ddr_mc_phy_wrapper/u_ddr_mc_phy/ddr_phy_4lanes_0.u_ddr_phy_4lanes/ddr_byte_lane_A.ddr_byte_lane_A/in_fifo_gen.in_fifo/D1[0]
                                                              8.483         
i_platform/i_system_ddr/u_xilinx_ddr3_ctrl_axi32/u_xilinx_ddr3_ctrl_axi32_mig/u_memc_ui_top_axi/mem_intfc0/ddr_phy_top0/u_ddr_mc_phy_wrapper/u_ddr_mc_phy/ddr_phy_4lanes_0.u_ddr_phy_4lanes/ddr_byte_lane_A.ddr_byte_lane_A/ddr_byte_group_io/input_[1].iserdes_dq_.iserdesdq/CLKDIVP
                               i_platform/i_system_ddr/u_xilinx_ddr3_ctrl_axi32/u_xilinx_ddr3_ctrl_axi32_mig/u_memc_ui_top_axi/mem_intfc0/ddr_phy_top0/u_ddr_mc_phy_wrapper/u_ddr_mc_phy/ddr_phy_4lanes_0.u_ddr_phy_4lanes/ddr_byte_lane_A.ddr_byte_lane_A/in_fifo_gen.in_fifo/D1[1]
                                                              8.483         
i_platform/i_system_ddr/u_xilinx_ddr3_ctrl_axi32/u_xilinx_ddr3_ctrl_axi32_mig/u_memc_ui_top_axi/mem_intfc0/ddr_phy_top0/u_ddr_mc_phy_wrapper/u_ddr_mc_phy/ddr_phy_4lanes_0.u_ddr_phy_4lanes/ddr_byte_lane_D.ddr_byte_lane_D/ddr_byte_group_io/input_[1].iserdes_dq_.iserdesdq/CLKDIVP
                               i_platform/i_system_ddr/u_xilinx_ddr3_ctrl_axi32/u_xilinx_ddr3_ctrl_axi32_mig/u_memc_ui_top_axi/mem_intfc0/ddr_phy_top0/u_ddr_mc_phy_wrapper/u_ddr_mc_phy/ddr_phy_4lanes_0.u_ddr_phy_4lanes/ddr_byte_lane_D.ddr_byte_lane_D/in_fifo_gen.in_fifo/D1[3]
                                                              8.483         
i_platform/i_system_ddr/u_xilinx_ddr3_ctrl_axi32/u_xilinx_ddr3_ctrl_axi32_mig/u_memc_ui_top_axi/mem_intfc0/ddr_phy_top0/u_ddr_mc_phy_wrapper/u_ddr_mc_phy/ddr_phy_4lanes_0.u_ddr_phy_4lanes/ddr_byte_lane_D.ddr_byte_lane_D/ddr_byte_group_io/input_[1].iserdes_dq_.iserdesdq/CLKDIVP
                               i_platform/i_system_ddr/u_xilinx_ddr3_ctrl_axi32/u_xilinx_ddr3_ctrl_axi32_mig/u_memc_ui_top_axi/mem_intfc0/ddr_phy_top0/u_ddr_mc_phy_wrapper/u_ddr_mc_phy/ddr_phy_4lanes_0.u_ddr_phy_4lanes/ddr_byte_lane_D.ddr_byte_lane_D/in_fifo_gen.in_fifo/D1[2]
                                                              8.485         
i_platform/i_system_ddr/u_xilinx_ddr3_ctrl_axi32/u_xilinx_ddr3_ctrl_axi32_mig/u_memc_ui_top_axi/mem_intfc0/ddr_phy_top0/u_ddr_mc_phy_wrapper/u_ddr_mc_phy/ddr_phy_4lanes_0.u_ddr_phy_4lanes/ddr_byte_lane_D.ddr_byte_lane_D/ddr_byte_group_io/input_[1].iserdes_dq_.iserdesdq/CLKDIVP
                               i_platform/i_system_ddr/u_xilinx_ddr3_ctrl_axi32/u_xilinx_ddr3_ctrl_axi32_mig/u_memc_ui_top_axi/mem_intfc0/ddr_phy_top0/u_ddr_mc_phy_wrapper/u_ddr_mc_phy/ddr_phy_4lanes_0.u_ddr_phy_4lanes/ddr_byte_lane_D.ddr_byte_lane_D/in_fifo_gen.in_fifo/D1[0]
                                                              8.489         
i_platform/i_system_ddr/u_xilinx_ddr3_ctrl_axi32/u_xilinx_ddr3_ctrl_axi32_mig/u_memc_ui_top_axi/mem_intfc0/ddr_phy_top0/u_ddr_mc_phy_wrapper/u_ddr_mc_phy/ddr_phy_4lanes_0.u_ddr_phy_4lanes/ddr_byte_lane_D.ddr_byte_lane_D/ddr_byte_group_io/input_[1].iserdes_dq_.iserdesdq/CLKDIVP
                               i_platform/i_system_ddr/u_xilinx_ddr3_ctrl_axi32/u_xilinx_ddr3_ctrl_axi32_mig/u_memc_ui_top_axi/mem_intfc0/ddr_phy_top0/u_ddr_mc_phy_wrapper/u_ddr_mc_phy/ddr_phy_4lanes_0.u_ddr_phy_4lanes/ddr_byte_lane_D.ddr_byte_lane_D/in_fifo_gen.in_fifo/D1[1]
                                                              8.489         
i_platform/i_system_ddr/u_xilinx_ddr3_ctrl_axi32/u_xilinx_ddr3_ctrl_axi32_mig/u_memc_ui_top_axi/mem_intfc0/ddr_phy_top0/u_ddr_mc_phy_wrapper/u_ddr_mc_phy/ddr_phy_4lanes_0.u_ddr_phy_4lanes/ddr_byte_lane_B.ddr_byte_lane_B/ddr_byte_group_io/input_[1].iserdes_dq_.iserdesdq/CLKDIVP
                               i_platform/i_system_ddr/u_xilinx_ddr3_ctrl_axi32/u_xilinx_ddr3_ctrl_axi32_mig/u_memc_ui_top_axi/mem_intfc0/ddr_phy_top0/u_ddr_mc_phy_wrapper/u_ddr_mc_phy/ddr_phy_4lanes_0.u_ddr_phy_4lanes/ddr_byte_lane_B.ddr_byte_lane_B/in_fifo_gen.in_fifo/D1[3]
                                                              8.491         
i_platform/i_system_ddr/u_xilinx_ddr3_ctrl_axi32/u_xilinx_ddr3_ctrl_axi32_mig/u_memc_ui_top_axi/mem_intfc0/ddr_phy_top0/u_ddr_mc_phy_wrapper/u_ddr_mc_phy/ddr_phy_4lanes_0.u_ddr_phy_4lanes/ddr_byte_lane_B.ddr_byte_lane_B/ddr_byte_group_io/input_[1].iserdes_dq_.iserdesdq/CLKDIVP
                               i_platform/i_system_ddr/u_xilinx_ddr3_ctrl_axi32/u_xilinx_ddr3_ctrl_axi32_mig/u_memc_ui_top_axi/mem_intfc0/ddr_phy_top0/u_ddr_mc_phy_wrapper/u_ddr_mc_phy/ddr_phy_4lanes_0.u_ddr_phy_4lanes/ddr_byte_lane_B.ddr_byte_lane_B/in_fifo_gen.in_fifo/D1[2]
                                                              8.493         
i_platform/i_system_ddr/u_xilinx_ddr3_ctrl_axi32/u_xilinx_ddr3_ctrl_axi32_mig/u_memc_ui_top_axi/mem_intfc0/ddr_phy_top0/u_ddr_mc_phy_wrapper/u_ddr_mc_phy/ddr_phy_4lanes_0.u_ddr_phy_4lanes/ddr_byte_lane_C.ddr_byte_lane_C/ddr_byte_group_io/input_[1].iserdes_dq_.iserdesdq/CLKDIVP
                               i_platform/i_system_ddr/u_xilinx_ddr3_ctrl_axi32/u_xilinx_ddr3_ctrl_axi32_mig/u_memc_ui_top_axi/mem_intfc0/ddr_phy_top0/u_ddr_mc_phy_wrapper/u_ddr_mc_phy/ddr_phy_4lanes_0.u_ddr_phy_4lanes/ddr_byte_lane_C.ddr_byte_lane_C/in_fifo_gen.in_fifo/D1[3]
                                                              8.496         
i_platform/i_system_ddr/u_xilinx_ddr3_ctrl_axi32/u_xilinx_ddr3_ctrl_axi32_mig/u_memc_ui_top_axi/mem_intfc0/ddr_phy_top0/u_ddr_mc_phy_wrapper/u_ddr_mc_phy/ddr_phy_4lanes_0.u_ddr_phy_4lanes/ddr_byte_lane_A.ddr_byte_lane_A/ddr_byte_group_io/input_[0].iserdes_dq_.iserdesdq/CLKDIVP
                               i_platform/i_system_ddr/u_xilinx_ddr3_ctrl_axi32/u_xilinx_ddr3_ctrl_axi32_mig/u_memc_ui_top_axi/mem_intfc0/ddr_phy_top0/u_ddr_mc_phy_wrapper/u_ddr_mc_phy/ddr_phy_4lanes_0.u_ddr_phy_4lanes/ddr_byte_lane_A.ddr_byte_lane_A/in_fifo_gen.in_fifo/D0[3]
                                                              8.496         
i_platform/i_system_ddr/u_xilinx_ddr3_ctrl_axi32/u_xilinx_ddr3_ctrl_axi32_mig/u_memc_ui_top_axi/mem_intfc0/ddr_phy_top0/u_ddr_mc_phy_wrapper/u_ddr_mc_phy/ddr_phy_4lanes_0.u_ddr_phy_4lanes/ddr_byte_lane_B.ddr_byte_lane_B/ddr_byte_group_io/input_[1].iserdes_dq_.iserdesdq/CLKDIVP
                               i_platform/i_system_ddr/u_xilinx_ddr3_ctrl_axi32/u_xilinx_ddr3_ctrl_axi32_mig/u_memc_ui_top_axi/mem_intfc0/ddr_phy_top0/u_ddr_mc_phy_wrapper/u_ddr_mc_phy/ddr_phy_4lanes_0.u_ddr_phy_4lanes/ddr_byte_lane_B.ddr_byte_lane_B/in_fifo_gen.in_fifo/D1[0]
                                                              8.497         
i_platform/i_system_ddr/u_xilinx_ddr3_ctrl_axi32/u_xilinx_ddr3_ctrl_axi32_mig/u_memc_ui_top_axi/mem_intfc0/ddr_phy_top0/u_ddr_mc_phy_wrapper/u_ddr_mc_phy/ddr_phy_4lanes_0.u_ddr_phy_4lanes/ddr_byte_lane_B.ddr_byte_lane_B/ddr_byte_group_io/input_[1].iserdes_dq_.iserdesdq/CLKDIVP
                               i_platform/i_system_ddr/u_xilinx_ddr3_ctrl_axi32/u_xilinx_ddr3_ctrl_axi32_mig/u_memc_ui_top_axi/mem_intfc0/ddr_phy_top0/u_ddr_mc_phy_wrapper/u_ddr_mc_phy/ddr_phy_4lanes_0.u_ddr_phy_4lanes/ddr_byte_lane_B.ddr_byte_lane_B/in_fifo_gen.in_fifo/D1[1]
                                                              8.497         
i_platform/i_system_ddr/u_xilinx_ddr3_ctrl_axi32/u_xilinx_ddr3_ctrl_axi32_mig/u_memc_ui_top_axi/mem_intfc0/ddr_phy_top0/u_ddr_mc_phy_wrapper/u_ddr_mc_phy/ddr_phy_4lanes_0.u_ddr_phy_4lanes/ddr_byte_lane_C.ddr_byte_lane_C/ddr_byte_group_io/input_[1].iserdes_dq_.iserdesdq/CLKDIVP
                               i_platform/i_system_ddr/u_xilinx_ddr3_ctrl_axi32/u_xilinx_ddr3_ctrl_axi32_mig/u_memc_ui_top_axi/mem_intfc0/ddr_phy_top0/u_ddr_mc_phy_wrapper/u_ddr_mc_phy/ddr_phy_4lanes_0.u_ddr_phy_4lanes/ddr_byte_lane_C.ddr_byte_lane_C/in_fifo_gen.in_fifo/D1[2]
                                                              8.498         
i_platform/i_system_ddr/u_xilinx_ddr3_ctrl_axi32/u_xilinx_ddr3_ctrl_axi32_mig/u_memc_ui_top_axi/mem_intfc0/ddr_phy_top0/u_ddr_mc_phy_wrapper/u_ddr_mc_phy/ddr_phy_4lanes_0.u_ddr_phy_4lanes/ddr_byte_lane_A.ddr_byte_lane_A/ddr_byte_group_io/input_[0].iserdes_dq_.iserdesdq/CLKDIVP
                               i_platform/i_system_ddr/u_xilinx_ddr3_ctrl_axi32/u_xilinx_ddr3_ctrl_axi32_mig/u_memc_ui_top_axi/mem_intfc0/ddr_phy_top0/u_ddr_mc_phy_wrapper/u_ddr_mc_phy/ddr_phy_4lanes_0.u_ddr_phy_4lanes/ddr_byte_lane_A.ddr_byte_lane_A/in_fifo_gen.in_fifo/D0[2]
                                                              8.498         
i_platform/i_system_ddr/u_xilinx_ddr3_ctrl_axi32/u_xilinx_ddr3_ctrl_axi32_mig/u_memc_ui_top_axi/mem_intfc0/ddr_phy_top0/u_ddr_mc_phy_wrapper/u_ddr_mc_phy/ddr_phy_4lanes_0.u_ddr_phy_4lanes/ddr_byte_lane_C.ddr_byte_lane_C/ddr_byte_group_io/input_[1].iserdes_dq_.iserdesdq/CLKDIVP
                               i_platform/i_system_ddr/u_xilinx_ddr3_ctrl_axi32/u_xilinx_ddr3_ctrl_axi32_mig/u_memc_ui_top_axi/mem_intfc0/ddr_phy_top0/u_ddr_mc_phy_wrapper/u_ddr_mc_phy/ddr_phy_4lanes_0.u_ddr_phy_4lanes/ddr_byte_lane_C.ddr_byte_lane_C/in_fifo_gen.in_fifo/D1[0]
                                                              8.502         
i_platform/i_system_ddr/u_xilinx_ddr3_ctrl_axi32/u_xilinx_ddr3_ctrl_axi32_mig/u_memc_ui_top_axi/mem_intfc0/ddr_phy_top0/u_ddr_mc_phy_wrapper/u_ddr_mc_phy/ddr_phy_4lanes_0.u_ddr_phy_4lanes/ddr_byte_lane_C.ddr_byte_lane_C/ddr_byte_group_io/input_[1].iserdes_dq_.iserdesdq/CLKDIVP
                               i_platform/i_system_ddr/u_xilinx_ddr3_ctrl_axi32/u_xilinx_ddr3_ctrl_axi32_mig/u_memc_ui_top_axi/mem_intfc0/ddr_phy_top0/u_ddr_mc_phy_wrapper/u_ddr_mc_phy/ddr_phy_4lanes_0.u_ddr_phy_4lanes/ddr_byte_lane_C.ddr_byte_lane_C/in_fifo_gen.in_fifo/D1[1]
                                                              8.502         
i_platform/i_system_ddr/u_xilinx_ddr3_ctrl_axi32/u_xilinx_ddr3_ctrl_axi32_mig/u_memc_ui_top_axi/mem_intfc0/ddr_phy_top0/u_ddr_mc_phy_wrapper/u_ddr_mc_phy/ddr_phy_4lanes_0.u_ddr_phy_4lanes/ddr_byte_lane_A.ddr_byte_lane_A/ddr_byte_group_io/input_[0].iserdes_dq_.iserdesdq/CLKDIVP
                               i_platform/i_system_ddr/u_xilinx_ddr3_ctrl_axi32/u_xilinx_ddr3_ctrl_axi32_mig/u_memc_ui_top_axi/mem_intfc0/ddr_phy_top0/u_ddr_mc_phy_wrapper/u_ddr_mc_phy/ddr_phy_4lanes_0.u_ddr_phy_4lanes/ddr_byte_lane_A.ddr_byte_lane_A/in_fifo_gen.in_fifo/D0[0]
                                                              8.502         
i_platform/i_system_ddr/u_xilinx_ddr3_ctrl_axi32/u_xilinx_ddr3_ctrl_axi32_mig/u_memc_ui_top_axi/mem_intfc0/ddr_phy_top0/u_ddr_mc_phy_wrapper/u_ddr_mc_phy/ddr_phy_4lanes_0.u_ddr_phy_4lanes/ddr_byte_lane_A.ddr_byte_lane_A/ddr_byte_group_io/input_[0].iserdes_dq_.iserdesdq/CLKDIVP
                               i_platform/i_system_ddr/u_xilinx_ddr3_ctrl_axi32/u_xilinx_ddr3_ctrl_axi32_mig/u_memc_ui_top_axi/mem_intfc0/ddr_phy_top0/u_ddr_mc_phy_wrapper/u_ddr_mc_phy/ddr_phy_4lanes_0.u_ddr_phy_4lanes/ddr_byte_lane_A.ddr_byte_lane_A/in_fifo_gen.in_fifo/D0[1]
                                                              8.502         
i_platform/i_system_ddr/u_xilinx_ddr3_ctrl_axi32/u_xilinx_ddr3_ctrl_axi32_mig/u_memc_ui_top_axi/mem_intfc0/ddr_phy_top0/u_ddr_mc_phy_wrapper/u_ddr_mc_phy/ddr_phy_4lanes_0.u_ddr_phy_4lanes/ddr_byte_lane_A.ddr_byte_lane_A/ddr_byte_group_io/input_[2].iserdes_dq_.iserdesdq/CLKDIVP
                               i_platform/i_system_ddr/u_xilinx_ddr3_ctrl_axi32/u_xilinx_ddr3_ctrl_axi32_mig/u_memc_ui_top_axi/mem_intfc0/ddr_phy_top0/u_ddr_mc_phy_wrapper/u_ddr_mc_phy/ddr_phy_4lanes_0.u_ddr_phy_4lanes/ddr_byte_lane_A.ddr_byte_lane_A/in_fifo_gen.in_fifo/D2[3]
                                                              8.516         
i_platform/i_system_ddr/u_xilinx_ddr3_ctrl_axi32/u_xilinx_ddr3_ctrl_axi32_mig/u_memc_ui_top_axi/mem_intfc0/ddr_phy_top0/u_ddr_mc_phy_wrapper/u_ddr_mc_phy/ddr_phy_4lanes_0.u_ddr_phy_4lanes/ddr_byte_lane_A.ddr_byte_lane_A/ddr_byte_group_io/input_[2].iserdes_dq_.iserdesdq/CLKDIVP
                               i_platform/i_system_ddr/u_xilinx_ddr3_ctrl_axi32/u_xilinx_ddr3_ctrl_axi32_mig/u_memc_ui_top_axi/mem_intfc0/ddr_phy_top0/u_ddr_mc_phy_wrapper/u_ddr_mc_phy/ddr_phy_4lanes_0.u_ddr_phy_4lanes/ddr_byte_lane_A.ddr_byte_lane_A/in_fifo_gen.in_fifo/D2[2]
                                                              8.518         
i_platform/i_system_ddr/u_xilinx_ddr3_ctrl_axi32/u_xilinx_ddr3_ctrl_axi32_mig/u_memc_ui_top_axi/mem_intfc0/ddr_phy_top0/u_ddr_mc_phy_wrapper/u_ddr_mc_phy/ddr_phy_4lanes_0.u_ddr_phy_4lanes/ddr_byte_lane_A.ddr_byte_lane_A/ddr_byte_group_io/input_[3].iserdes_dq_.iserdesdq/CLKDIVP
                               i_platform/i_system_ddr/u_xilinx_ddr3_ctrl_axi32/u_xilinx_ddr3_ctrl_axi32_mig/u_memc_ui_top_axi/mem_intfc0/ddr_phy_top0/u_ddr_mc_phy_wrapper/u_ddr_mc_phy/ddr_phy_4lanes_0.u_ddr_phy_4lanes/ddr_byte_lane_A.ddr_byte_lane_A/in_fifo_gen.in_fifo/D3[3]
                                                              8.518         
i_platform/i_system_ddr/u_xilinx_ddr3_ctrl_axi32/u_xilinx_ddr3_ctrl_axi32_mig/u_memc_ui_top_axi/mem_intfc0/ddr_phy_top0/u_ddr_mc_phy_wrapper/u_ddr_mc_phy/ddr_phy_4lanes_0.u_ddr_phy_4lanes/ddr_byte_lane_A.ddr_byte_lane_A/ddr_byte_group_io/input_[3].iserdes_dq_.iserdesdq/CLKDIVP
                               i_platform/i_system_ddr/u_xilinx_ddr3_ctrl_axi32/u_xilinx_ddr3_ctrl_axi32_mig/u_memc_ui_top_axi/mem_intfc0/ddr_phy_top0/u_ddr_mc_phy_wrapper/u_ddr_mc_phy/ddr_phy_4lanes_0.u_ddr_phy_4lanes/ddr_byte_lane_A.ddr_byte_lane_A/in_fifo_gen.in_fifo/D3[2]
                                                              8.520         
i_platform/i_system_ddr/u_xilinx_ddr3_ctrl_axi32/u_xilinx_ddr3_ctrl_axi32_mig/u_memc_ui_top_axi/mem_intfc0/ddr_phy_top0/u_ddr_mc_phy_wrapper/u_ddr_mc_phy/ddr_phy_4lanes_0.u_ddr_phy_4lanes/ddr_byte_lane_A.ddr_byte_lane_A/ddr_byte_group_io/input_[2].iserdes_dq_.iserdesdq/CLKDIVP
                               i_platform/i_system_ddr/u_xilinx_ddr3_ctrl_axi32/u_xilinx_ddr3_ctrl_axi32_mig/u_memc_ui_top_axi/mem_intfc0/ddr_phy_top0/u_ddr_mc_phy_wrapper/u_ddr_mc_phy/ddr_phy_4lanes_0.u_ddr_phy_4lanes/ddr_byte_lane_A.ddr_byte_lane_A/in_fifo_gen.in_fifo/D2[0]
                                                              8.522         
i_platform/i_system_ddr/u_xilinx_ddr3_ctrl_axi32/u_xilinx_ddr3_ctrl_axi32_mig/u_memc_ui_top_axi/mem_intfc0/ddr_phy_top0/u_ddr_mc_phy_wrapper/u_ddr_mc_phy/ddr_phy_4lanes_0.u_ddr_phy_4lanes/ddr_byte_lane_A.ddr_byte_lane_A/ddr_byte_group_io/input_[2].iserdes_dq_.iserdesdq/CLKDIVP
                               i_platform/i_system_ddr/u_xilinx_ddr3_ctrl_axi32/u_xilinx_ddr3_ctrl_axi32_mig/u_memc_ui_top_axi/mem_intfc0/ddr_phy_top0/u_ddr_mc_phy_wrapper/u_ddr_mc_phy/ddr_phy_4lanes_0.u_ddr_phy_4lanes/ddr_byte_lane_A.ddr_byte_lane_A/in_fifo_gen.in_fifo/D2[1]
                                                              8.522         
i_platform/i_system_ddr/u_xilinx_ddr3_ctrl_axi32/u_xilinx_ddr3_ctrl_axi32_mig/u_memc_ui_top_axi/mem_intfc0/ddr_phy_top0/u_ddr_mc_phy_wrapper/u_ddr_mc_phy/ddr_phy_4lanes_0.u_ddr_phy_4lanes/ddr_byte_lane_D.ddr_byte_lane_D/ddr_byte_group_io/input_[2].iserdes_dq_.iserdesdq/CLKDIVP
                               i_platform/i_system_ddr/u_xilinx_ddr3_ctrl_axi32/u_xilinx_ddr3_ctrl_axi32_mig/u_memc_ui_top_axi/mem_intfc0/ddr_phy_top0/u_ddr_mc_phy_wrapper/u_ddr_mc_phy/ddr_phy_4lanes_0.u_ddr_phy_4lanes/ddr_byte_lane_D.ddr_byte_lane_D/in_fifo_gen.in_fifo/D2[3]
                                                              8.522         
i_platform/i_system_ddr/u_xilinx_ddr3_ctrl_axi32/u_xilinx_ddr3_ctrl_axi32_mig/u_memc_ui_top_axi/mem_intfc0/ddr_phy_top0/u_ddr_mc_phy_wrapper/u_ddr_mc_phy/ddr_phy_4lanes_0.u_ddr_phy_4lanes/ddr_byte_lane_A.ddr_byte_lane_A/ddr_byte_group_io/input_[3].iserdes_dq_.iserdesdq/CLKDIVP
                               i_platform/i_system_ddr/u_xilinx_ddr3_ctrl_axi32/u_xilinx_ddr3_ctrl_axi32_mig/u_memc_ui_top_axi/mem_intfc0/ddr_phy_top0/u_ddr_mc_phy_wrapper/u_ddr_mc_phy/ddr_phy_4lanes_0.u_ddr_phy_4lanes/ddr_byte_lane_A.ddr_byte_lane_A/in_fifo_gen.in_fifo/D3[0]
                                                              8.524         
i_platform/i_system_ddr/u_xilinx_ddr3_ctrl_axi32/u_xilinx_ddr3_ctrl_axi32_mig/u_memc_ui_top_axi/mem_intfc0/ddr_phy_top0/u_ddr_mc_phy_wrapper/u_ddr_mc_phy/ddr_phy_4lanes_0.u_ddr_phy_4lanes/ddr_byte_lane_A.ddr_byte_lane_A/ddr_byte_group_io/input_[3].iserdes_dq_.iserdesdq/CLKDIVP
                               i_platform/i_system_ddr/u_xilinx_ddr3_ctrl_axi32/u_xilinx_ddr3_ctrl_axi32_mig/u_memc_ui_top_axi/mem_intfc0/ddr_phy_top0/u_ddr_mc_phy_wrapper/u_ddr_mc_phy/ddr_phy_4lanes_0.u_ddr_phy_4lanes/ddr_byte_lane_A.ddr_byte_lane_A/in_fifo_gen.in_fifo/D3[1]
                                                              8.524         
i_platform/i_system_ddr/u_xilinx_ddr3_ctrl_axi32/u_xilinx_ddr3_ctrl_axi32_mig/u_memc_ui_top_axi/mem_intfc0/ddr_phy_top0/u_ddr_mc_phy_wrapper/u_ddr_mc_phy/ddr_phy_4lanes_0.u_ddr_phy_4lanes/ddr_byte_lane_D.ddr_byte_lane_D/ddr_byte_group_io/input_[2].iserdes_dq_.iserdesdq/CLKDIVP
                               i_platform/i_system_ddr/u_xilinx_ddr3_ctrl_axi32/u_xilinx_ddr3_ctrl_axi32_mig/u_memc_ui_top_axi/mem_intfc0/ddr_phy_top0/u_ddr_mc_phy_wrapper/u_ddr_mc_phy/ddr_phy_4lanes_0.u_ddr_phy_4lanes/ddr_byte_lane_D.ddr_byte_lane_D/in_fifo_gen.in_fifo/D2[2]
                                                              8.524         
i_platform/i_system_ddr/u_xilinx_ddr3_ctrl_axi32/u_xilinx_ddr3_ctrl_axi32_mig/u_memc_ui_top_axi/mem_intfc0/ddr_phy_top0/u_ddr_mc_phy_wrapper/u_ddr_mc_phy/ddr_phy_4lanes_0.u_ddr_phy_4lanes/ddr_byte_lane_D.ddr_byte_lane_D/ddr_byte_group_io/input_[3].iserdes_dq_.iserdesdq/CLKDIVP
                               i_platform/i_system_ddr/u_xilinx_ddr3_ctrl_axi32/u_xilinx_ddr3_ctrl_axi32_mig/u_memc_ui_top_axi/mem_intfc0/ddr_phy_top0/u_ddr_mc_phy_wrapper/u_ddr_mc_phy/ddr_phy_4lanes_0.u_ddr_phy_4lanes/ddr_byte_lane_D.ddr_byte_lane_D/in_fifo_gen.in_fifo/D3[3]
                                                              8.524         
i_platform/i_system_ddr/u_xilinx_ddr3_ctrl_axi32/u_xilinx_ddr3_ctrl_axi32_mig/u_memc_ui_top_axi/mem_intfc0/ddr_phy_top0/u_ddr_mc_phy_wrapper/u_ddr_mc_phy/ddr_phy_4lanes_0.u_ddr_phy_4lanes/ddr_byte_lane_D.ddr_byte_lane_D/ddr_byte_group_io/input_[3].iserdes_dq_.iserdesdq/CLKDIVP
                               i_platform/i_system_ddr/u_xilinx_ddr3_ctrl_axi32/u_xilinx_ddr3_ctrl_axi32_mig/u_memc_ui_top_axi/mem_intfc0/ddr_phy_top0/u_ddr_mc_phy_wrapper/u_ddr_mc_phy/ddr_phy_4lanes_0.u_ddr_phy_4lanes/ddr_byte_lane_D.ddr_byte_lane_D/in_fifo_gen.in_fifo/D3[2]
                                                              8.526         
i_platform/i_system_ddr/u_xilinx_ddr3_ctrl_axi32/u_xilinx_ddr3_ctrl_axi32_mig/u_memc_ui_top_axi/mem_intfc0/ddr_phy_top0/u_ddr_mc_phy_wrapper/u_ddr_mc_phy/ddr_phy_4lanes_0.u_ddr_phy_4lanes/ddr_byte_lane_C.ddr_byte_lane_C/ddr_byte_group_io/input_[3].iserdes_dq_.iserdesdq/CLKDIVP
                               i_platform/i_system_ddr/u_xilinx_ddr3_ctrl_axi32/u_xilinx_ddr3_ctrl_axi32_mig/u_memc_ui_top_axi/mem_intfc0/ddr_phy_top0/u_ddr_mc_phy_wrapper/u_ddr_mc_phy/ddr_phy_4lanes_0.u_ddr_phy_4lanes/ddr_byte_lane_C.ddr_byte_lane_C/in_fifo_gen.in_fifo/D3[2]
                                                              8.526         
i_platform/i_system_ddr/u_xilinx_ddr3_ctrl_axi32/u_xilinx_ddr3_ctrl_axi32_mig/u_memc_ui_top_axi/mem_intfc0/ddr_phy_top0/u_ddr_mc_phy_wrapper/u_ddr_mc_phy/ddr_phy_4lanes_0.u_ddr_phy_4lanes/ddr_byte_lane_B.ddr_byte_lane_B/ddr_byte_group_io/input_[2].iserdes_dq_.iserdesdq/CLKDIVP
                               i_platform/i_system_ddr/u_xilinx_ddr3_ctrl_axi32/u_xilinx_ddr3_ctrl_axi32_mig/u_memc_ui_top_axi/mem_intfc0/ddr_phy_top0/u_ddr_mc_phy_wrapper/u_ddr_mc_phy/ddr_phy_4lanes_0.u_ddr_phy_4lanes/ddr_byte_lane_B.ddr_byte_lane_B/in_fifo_gen.in_fifo/D2[3]
                                                              8.528         
i_platform/i_system_ddr/u_xilinx_ddr3_ctrl_axi32/u_xilinx_ddr3_ctrl_axi32_mig/u_memc_ui_top_axi/mem_intfc0/ddr_phy_top0/u_ddr_mc_phy_wrapper/u_ddr_mc_phy/ddr_phy_4lanes_0.u_ddr_phy_4lanes/ddr_byte_lane_D.ddr_byte_lane_D/ddr_byte_group_io/input_[2].iserdes_dq_.iserdesdq/CLKDIVP
                               i_platform/i_system_ddr/u_xilinx_ddr3_ctrl_axi32/u_xilinx_ddr3_ctrl_axi32_mig/u_memc_ui_top_axi/mem_intfc0/ddr_phy_top0/u_ddr_mc_phy_wrapper/u_ddr_mc_phy/ddr_phy_4lanes_0.u_ddr_phy_4lanes/ddr_byte_lane_D.ddr_byte_lane_D/in_fifo_gen.in_fifo/D2[0]
                                                              8.528         
i_platform/i_system_ddr/u_xilinx_ddr3_ctrl_axi32/u_xilinx_ddr3_ctrl_axi32_mig/u_memc_ui_top_axi/mem_intfc0/ddr_phy_top0/u_ddr_mc_phy_wrapper/u_ddr_mc_phy/ddr_phy_4lanes_0.u_ddr_phy_4lanes/ddr_byte_lane_D.ddr_byte_lane_D/ddr_byte_group_io/input_[2].iserdes_dq_.iserdesdq/CLKDIVP
                               i_platform/i_system_ddr/u_xilinx_ddr3_ctrl_axi32/u_xilinx_ddr3_ctrl_axi32_mig/u_memc_ui_top_axi/mem_intfc0/ddr_phy_top0/u_ddr_mc_phy_wrapper/u_ddr_mc_phy/ddr_phy_4lanes_0.u_ddr_phy_4lanes/ddr_byte_lane_D.ddr_byte_lane_D/in_fifo_gen.in_fifo/D2[1]
                                                              8.528         
i_platform/i_system_ddr/u_xilinx_ddr3_ctrl_axi32/u_xilinx_ddr3_ctrl_axi32_mig/u_memc_ui_top_axi/mem_intfc0/ddr_phy_top0/u_ddr_mc_phy_wrapper/u_ddr_mc_phy/ddr_phy_4lanes_0.u_ddr_phy_4lanes/ddr_byte_lane_B.ddr_byte_lane_B/ddr_byte_group_io/input_[2].iserdes_dq_.iserdesdq/CLKDIVP
                               i_platform/i_system_ddr/u_xilinx_ddr3_ctrl_axi32/u_xilinx_ddr3_ctrl_axi32_mig/u_memc_ui_top_axi/mem_intfc0/ddr_phy_top0/u_ddr_mc_phy_wrapper/u_ddr_mc_phy/ddr_phy_4lanes_0.u_ddr_phy_4lanes/ddr_byte_lane_B.ddr_byte_lane_B/in_fifo_gen.in_fifo/D2[2]
                                                              8.530         
i_platform/i_system_ddr/u_xilinx_ddr3_ctrl_axi32/u_xilinx_ddr3_ctrl_axi32_mig/u_memc_ui_top_axi/mem_intfc0/ddr_phy_top0/u_ddr_mc_phy_wrapper/u_ddr_mc_phy/ddr_phy_4lanes_0.u_ddr_phy_4lanes/ddr_byte_lane_D.ddr_byte_lane_D/ddr_byte_group_io/input_[3].iserdes_dq_.iserdesdq/CLKDIVP
                               i_platform/i_system_ddr/u_xilinx_ddr3_ctrl_axi32/u_xilinx_ddr3_ctrl_axi32_mig/u_memc_ui_top_axi/mem_intfc0/ddr_phy_top0/u_ddr_mc_phy_wrapper/u_ddr_mc_phy/ddr_phy_4lanes_0.u_ddr_phy_4lanes/ddr_byte_lane_D.ddr_byte_lane_D/in_fifo_gen.in_fifo/D3[0]
                                                              8.530         
i_platform/i_system_ddr/u_xilinx_ddr3_ctrl_axi32/u_xilinx_ddr3_ctrl_axi32_mig/u_memc_ui_top_axi/mem_intfc0/ddr_phy_top0/u_ddr_mc_phy_wrapper/u_ddr_mc_phy/ddr_phy_4lanes_0.u_ddr_phy_4lanes/ddr_byte_lane_D.ddr_byte_lane_D/ddr_byte_group_io/input_[3].iserdes_dq_.iserdesdq/CLKDIVP
                               i_platform/i_system_ddr/u_xilinx_ddr3_ctrl_axi32/u_xilinx_ddr3_ctrl_axi32_mig/u_memc_ui_top_axi/mem_intfc0/ddr_phy_top0/u_ddr_mc_phy_wrapper/u_ddr_mc_phy/ddr_phy_4lanes_0.u_ddr_phy_4lanes/ddr_byte_lane_D.ddr_byte_lane_D/in_fifo_gen.in_fifo/D3[1]
                                                              8.530         
i_platform/i_system_ddr/u_xilinx_ddr3_ctrl_axi32/u_xilinx_ddr3_ctrl_axi32_mig/u_memc_ui_top_axi/mem_intfc0/ddr_phy_top0/u_ddr_mc_phy_wrapper/u_ddr_mc_phy/ddr_phy_4lanes_0.u_ddr_phy_4lanes/ddr_byte_lane_B.ddr_byte_lane_B/ddr_byte_group_io/input_[3].iserdes_dq_.iserdesdq/CLKDIVP
                               i_platform/i_system_ddr/u_xilinx_ddr3_ctrl_axi32/u_xilinx_ddr3_ctrl_axi32_mig/u_memc_ui_top_axi/mem_intfc0/ddr_phy_top0/u_ddr_mc_phy_wrapper/u_ddr_mc_phy/ddr_phy_4lanes_0.u_ddr_phy_4lanes/ddr_byte_lane_B.ddr_byte_lane_B/in_fifo_gen.in_fifo/D3[3]
                                                              8.532         
i_platform/i_system_ddr/u_xilinx_ddr3_ctrl_axi32/u_xilinx_ddr3_ctrl_axi32_mig/u_memc_ui_top_axi/mem_intfc0/ddr_phy_top0/u_ddr_mc_phy_wrapper/u_ddr_mc_phy/ddr_phy_4lanes_0.u_ddr_phy_4lanes/ddr_byte_lane_B.ddr_byte_lane_B/ddr_byte_group_io/input_[2].iserdes_dq_.iserdesdq/CLKDIVP
                               i_platform/i_system_ddr/u_xilinx_ddr3_ctrl_axi32/u_xilinx_ddr3_ctrl_axi32_mig/u_memc_ui_top_axi/mem_intfc0/ddr_phy_top0/u_ddr_mc_phy_wrapper/u_ddr_mc_phy/ddr_phy_4lanes_0.u_ddr_phy_4lanes/ddr_byte_lane_B.ddr_byte_lane_B/in_fifo_gen.in_fifo/D2[0]
                                                              8.534         
i_platform/i_system_ddr/u_xilinx_ddr3_ctrl_axi32/u_xilinx_ddr3_ctrl_axi32_mig/u_memc_ui_top_axi/mem_intfc0/ddr_phy_top0/u_ddr_mc_phy_wrapper/u_ddr_mc_phy/ddr_phy_4lanes_0.u_ddr_phy_4lanes/ddr_byte_lane_B.ddr_byte_lane_B/ddr_byte_group_io/input_[2].iserdes_dq_.iserdesdq/CLKDIVP
                               i_platform/i_system_ddr/u_xilinx_ddr3_ctrl_axi32/u_xilinx_ddr3_ctrl_axi32_mig/u_memc_ui_top_axi/mem_intfc0/ddr_phy_top0/u_ddr_mc_phy_wrapper/u_ddr_mc_phy/ddr_phy_4lanes_0.u_ddr_phy_4lanes/ddr_byte_lane_B.ddr_byte_lane_B/in_fifo_gen.in_fifo/D2[1]
                                                              8.534         
i_platform/i_system_ddr/u_xilinx_ddr3_ctrl_axi32/u_xilinx_ddr3_ctrl_axi32_mig/u_memc_ui_top_axi/mem_intfc0/ddr_phy_top0/u_ddr_mc_phy_wrapper/u_ddr_mc_phy/ddr_phy_4lanes_0.u_ddr_phy_4lanes/ddr_byte_lane_B.ddr_byte_lane_B/ddr_byte_group_io/input_[3].iserdes_dq_.iserdesdq/CLKDIVP
                               i_platform/i_system_ddr/u_xilinx_ddr3_ctrl_axi32/u_xilinx_ddr3_ctrl_axi32_mig/u_memc_ui_top_axi/mem_intfc0/ddr_phy_top0/u_ddr_mc_phy_wrapper/u_ddr_mc_phy/ddr_phy_4lanes_0.u_ddr_phy_4lanes/ddr_byte_lane_B.ddr_byte_lane_B/in_fifo_gen.in_fifo/D3[2]
                                                              8.534         
i_platform/i_system_ddr/u_xilinx_ddr3_ctrl_axi32/u_xilinx_ddr3_ctrl_axi32_mig/u_memc_ui_top_axi/mem_intfc0/ddr_phy_top0/u_ddr_mc_phy_wrapper/u_ddr_mc_phy/ddr_phy_4lanes_0.u_ddr_phy_4lanes/ddr_byte_lane_C.ddr_byte_lane_C/ddr_byte_group_io/input_[2].iserdes_dq_.iserdesdq/CLKDIVP
                               i_platform/i_system_ddr/u_xilinx_ddr3_ctrl_axi32/u_xilinx_ddr3_ctrl_axi32_mig/u_memc_ui_top_axi/mem_intfc0/ddr_phy_top0/u_ddr_mc_phy_wrapper/u_ddr_mc_phy/ddr_phy_4lanes_0.u_ddr_phy_4lanes/ddr_byte_lane_C.ddr_byte_lane_C/in_fifo_gen.in_fifo/D2[3]
                                                              8.535         
i_platform/i_system_ddr/u_xilinx_ddr3_ctrl_axi32/u_xilinx_ddr3_ctrl_axi32_mig/u_memc_ui_top_axi/mem_intfc0/ddr_phy_top0/u_ddr_mc_phy_wrapper/u_ddr_mc_phy/ddr_phy_4lanes_0.u_ddr_phy_4lanes/ddr_byte_lane_C.ddr_byte_lane_C/ddr_byte_group_io/input_[2].iserdes_dq_.iserdesdq/CLKDIVP
                               i_platform/i_system_ddr/u_xilinx_ddr3_ctrl_axi32/u_xilinx_ddr3_ctrl_axi32_mig/u_memc_ui_top_axi/mem_intfc0/ddr_phy_top0/u_ddr_mc_phy_wrapper/u_ddr_mc_phy/ddr_phy_4lanes_0.u_ddr_phy_4lanes/ddr_byte_lane_C.ddr_byte_lane_C/in_fifo_gen.in_fifo/D2[2]
                                                              8.537         
i_platform/i_system_ddr/u_xilinx_ddr3_ctrl_axi32/u_xilinx_ddr3_ctrl_axi32_mig/u_memc_ui_top_axi/mem_intfc0/ddr_phy_top0/u_ddr_mc_phy_wrapper/u_ddr_mc_phy/ddr_phy_4lanes_0.u_ddr_phy_4lanes/ddr_byte_lane_C.ddr_byte_lane_C/ddr_byte_group_io/input_[3].iserdes_dq_.iserdesdq/CLKDIVP
                               i_platform/i_system_ddr/u_xilinx_ddr3_ctrl_axi32/u_xilinx_ddr3_ctrl_axi32_mig/u_memc_ui_top_axi/mem_intfc0/ddr_phy_top0/u_ddr_mc_phy_wrapper/u_ddr_mc_phy/ddr_phy_4lanes_0.u_ddr_phy_4lanes/ddr_byte_lane_C.ddr_byte_lane_C/in_fifo_gen.in_fifo/D3[3]
                                                              8.537         
i_platform/i_system_ddr/u_xilinx_ddr3_ctrl_axi32/u_xilinx_ddr3_ctrl_axi32_mig/u_memc_ui_top_axi/mem_intfc0/ddr_phy_top0/u_ddr_mc_phy_wrapper/u_ddr_mc_phy/ddr_phy_4lanes_0.u_ddr_phy_4lanes/ddr_byte_lane_B.ddr_byte_lane_B/ddr_byte_group_io/input_[3].iserdes_dq_.iserdesdq/CLKDIVP
                               i_platform/i_system_ddr/u_xilinx_ddr3_ctrl_axi32/u_xilinx_ddr3_ctrl_axi32_mig/u_memc_ui_top_axi/mem_intfc0/ddr_phy_top0/u_ddr_mc_phy_wrapper/u_ddr_mc_phy/ddr_phy_4lanes_0.u_ddr_phy_4lanes/ddr_byte_lane_B.ddr_byte_lane_B/in_fifo_gen.in_fifo/D3[0]
                                                              8.538         
i_platform/i_system_ddr/u_xilinx_ddr3_ctrl_axi32/u_xilinx_ddr3_ctrl_axi32_mig/u_memc_ui_top_axi/mem_intfc0/ddr_phy_top0/u_ddr_mc_phy_wrapper/u_ddr_mc_phy/ddr_phy_4lanes_0.u_ddr_phy_4lanes/ddr_byte_lane_B.ddr_byte_lane_B/ddr_byte_group_io/input_[3].iserdes_dq_.iserdesdq/CLKDIVP
                               i_platform/i_system_ddr/u_xilinx_ddr3_ctrl_axi32/u_xilinx_ddr3_ctrl_axi32_mig/u_memc_ui_top_axi/mem_intfc0/ddr_phy_top0/u_ddr_mc_phy_wrapper/u_ddr_mc_phy/ddr_phy_4lanes_0.u_ddr_phy_4lanes/ddr_byte_lane_B.ddr_byte_lane_B/in_fifo_gen.in_fifo/D3[1]
                                                              8.538         
i_platform/i_system_ddr/u_xilinx_ddr3_ctrl_axi32/u_xilinx_ddr3_ctrl_axi32_mig/u_memc_ui_top_axi/mem_intfc0/ddr_phy_top0/u_ddr_mc_phy_wrapper/u_ddr_mc_phy/ddr_phy_4lanes_0.u_ddr_phy_4lanes/ddr_byte_lane_C.ddr_byte_lane_C/ddr_byte_group_io/input_[2].iserdes_dq_.iserdesdq/CLKDIVP
                               i_platform/i_system_ddr/u_xilinx_ddr3_ctrl_axi32/u_xilinx_ddr3_ctrl_axi32_mig/u_memc_ui_top_axi/mem_intfc0/ddr_phy_top0/u_ddr_mc_phy_wrapper/u_ddr_mc_phy/ddr_phy_4lanes_0.u_ddr_phy_4lanes/ddr_byte_lane_C.ddr_byte_lane_C/in_fifo_gen.in_fifo/D2[0]
                                                              8.541         
i_platform/i_system_ddr/u_xilinx_ddr3_ctrl_axi32/u_xilinx_ddr3_ctrl_axi32_mig/u_memc_ui_top_axi/mem_intfc0/ddr_phy_top0/u_ddr_mc_phy_wrapper/u_ddr_mc_phy/ddr_phy_4lanes_0.u_ddr_phy_4lanes/ddr_byte_lane_C.ddr_byte_lane_C/ddr_byte_group_io/input_[2].iserdes_dq_.iserdesdq/CLKDIVP
                               i_platform/i_system_ddr/u_xilinx_ddr3_ctrl_axi32/u_xilinx_ddr3_ctrl_axi32_mig/u_memc_ui_top_axi/mem_intfc0/ddr_phy_top0/u_ddr_mc_phy_wrapper/u_ddr_mc_phy/ddr_phy_4lanes_0.u_ddr_phy_4lanes/ddr_byte_lane_C.ddr_byte_lane_C/in_fifo_gen.in_fifo/D2[1]
                                                              8.541         
i_platform/i_system_ddr/u_xilinx_ddr3_ctrl_axi32/u_xilinx_ddr3_ctrl_axi32_mig/u_memc_ui_top_axi/mem_intfc0/ddr_phy_top0/u_ddr_mc_phy_wrapper/u_ddr_mc_phy/ddr_phy_4lanes_0.u_ddr_phy_4lanes/ddr_byte_lane_C.ddr_byte_lane_C/ddr_byte_group_io/input_[3].iserdes_dq_.iserdesdq/CLKDIVP
                               i_platform/i_system_ddr/u_xilinx_ddr3_ctrl_axi32/u_xilinx_ddr3_ctrl_axi32_mig/u_memc_ui_top_axi/mem_intfc0/ddr_phy_top0/u_ddr_mc_phy_wrapper/u_ddr_mc_phy/ddr_phy_4lanes_0.u_ddr_phy_4lanes/ddr_byte_lane_C.ddr_byte_lane_C/in_fifo_gen.in_fifo/D3[0]
                                                              8.543         
i_platform/i_system_ddr/u_xilinx_ddr3_ctrl_axi32/u_xilinx_ddr3_ctrl_axi32_mig/u_memc_ui_top_axi/mem_intfc0/ddr_phy_top0/u_ddr_mc_phy_wrapper/u_ddr_mc_phy/ddr_phy_4lanes_0.u_ddr_phy_4lanes/ddr_byte_lane_C.ddr_byte_lane_C/ddr_byte_group_io/input_[3].iserdes_dq_.iserdesdq/CLKDIVP
                               i_platform/i_system_ddr/u_xilinx_ddr3_ctrl_axi32/u_xilinx_ddr3_ctrl_axi32_mig/u_memc_ui_top_axi/mem_intfc0/ddr_phy_top0/u_ddr_mc_phy_wrapper/u_ddr_mc_phy/ddr_phy_4lanes_0.u_ddr_phy_4lanes/ddr_byte_lane_C.ddr_byte_lane_C/in_fifo_gen.in_fifo/D3[1]
                                                              8.543         
i_platform/i_system_ddr/u_xilinx_ddr3_ctrl_axi32/u_xilinx_ddr3_ctrl_axi32_mig/u_memc_ui_top_axi/mem_intfc0/ddr_phy_top0/u_ddr_mc_phy_wrapper/u_ddr_mc_phy/ddr_phy_4lanes_0.u_ddr_phy_4lanes/ddr_byte_lane_D.ddr_byte_lane_D/ddr_byte_group_io/input_[8].iserdes_dq_.iserdesdq/CLKDIVP
                               i_platform/i_system_ddr/u_xilinx_ddr3_ctrl_axi32/u_xilinx_ddr3_ctrl_axi32_mig/u_memc_ui_top_axi/mem_intfc0/ddr_phy_top0/u_ddr_mc_phy_wrapper/u_ddr_mc_phy/ddr_phy_4lanes_0.u_ddr_phy_4lanes/ddr_byte_lane_D.ddr_byte_lane_D/in_fifo_gen.in_fifo/D8[3]
                                                              8.544         
i_platform/i_system_ddr/u_xilinx_ddr3_ctrl_axi32/u_xilinx_ddr3_ctrl_axi32_mig/u_memc_ui_top_axi/mem_intfc0/ddr_phy_top0/u_ddr_mc_phy_wrapper/u_ddr_mc_phy/ddr_phy_4lanes_0.u_ddr_phy_4lanes/ddr_byte_lane_D.ddr_byte_lane_D/ddr_byte_group_io/input_[8].iserdes_dq_.iserdesdq/CLKDIVP
                               i_platform/i_system_ddr/u_xilinx_ddr3_ctrl_axi32/u_xilinx_ddr3_ctrl_axi32_mig/u_memc_ui_top_axi/mem_intfc0/ddr_phy_top0/u_ddr_mc_phy_wrapper/u_ddr_mc_phy/ddr_phy_4lanes_0.u_ddr_phy_4lanes/ddr_byte_lane_D.ddr_byte_lane_D/in_fifo_gen.in_fifo/D8[2]
                                                              8.546         
i_platform/i_system_ddr/u_xilinx_ddr3_ctrl_axi32/u_xilinx_ddr3_ctrl_axi32_mig/u_memc_ui_top_axi/mem_intfc0/ddr_phy_top0/u_ddr_mc_phy_wrapper/u_ddr_mc_phy/ddr_phy_4lanes_0.u_ddr_phy_4lanes/ddr_byte_lane_D.ddr_byte_lane_D/ddr_byte_group_io/input_[8].iserdes_dq_.iserdesdq/CLKDIVP
                               i_platform/i_system_ddr/u_xilinx_ddr3_ctrl_axi32/u_xilinx_ddr3_ctrl_axi32_mig/u_memc_ui_top_axi/mem_intfc0/ddr_phy_top0/u_ddr_mc_phy_wrapper/u_ddr_mc_phy/ddr_phy_4lanes_0.u_ddr_phy_4lanes/ddr_byte_lane_D.ddr_byte_lane_D/in_fifo_gen.in_fifo/D8[0]
                                                              8.550         
i_platform/i_system_ddr/u_xilinx_ddr3_ctrl_axi32/u_xilinx_ddr3_ctrl_axi32_mig/u_memc_ui_top_axi/mem_intfc0/ddr_phy_top0/u_ddr_mc_phy_wrapper/u_ddr_mc_phy/ddr_phy_4lanes_0.u_ddr_phy_4lanes/ddr_byte_lane_D.ddr_byte_lane_D/ddr_byte_group_io/input_[8].iserdes_dq_.iserdesdq/CLKDIVP
                               i_platform/i_system_ddr/u_xilinx_ddr3_ctrl_axi32/u_xilinx_ddr3_ctrl_axi32_mig/u_memc_ui_top_axi/mem_intfc0/ddr_phy_top0/u_ddr_mc_phy_wrapper/u_ddr_mc_phy/ddr_phy_4lanes_0.u_ddr_phy_4lanes/ddr_byte_lane_D.ddr_byte_lane_D/in_fifo_gen.in_fifo/D8[1]
                                                              8.550         
i_platform/i_system_ddr/u_xilinx_ddr3_ctrl_axi32/u_xilinx_ddr3_ctrl_axi32_mig/u_memc_ui_top_axi/mem_intfc0/ddr_phy_top0/u_ddr_mc_phy_wrapper/u_ddr_mc_phy/ddr_phy_4lanes_0.u_ddr_phy_4lanes/ddr_byte_lane_A.ddr_byte_lane_A/ddr_byte_group_io/input_[7].iserdes_dq_.iserdesdq/CLKDIVP
                               i_platform/i_system_ddr/u_xilinx_ddr3_ctrl_axi32/u_xilinx_ddr3_ctrl_axi32_mig/u_memc_ui_top_axi/mem_intfc0/ddr_phy_top0/u_ddr_mc_phy_wrapper/u_ddr_mc_phy/ddr_phy_4lanes_0.u_ddr_phy_4lanes/ddr_byte_lane_A.ddr_byte_lane_A/in_fifo_gen.in_fifo/D7[3]
                                                              8.550         
i_platform/i_system_ddr/u_xilinx_ddr3_ctrl_axi32/u_xilinx_ddr3_ctrl_axi32_mig/u_memc_ui_top_axi/mem_intfc0/ddr_phy_top0/u_ddr_mc_phy_wrapper/u_ddr_mc_phy/ddr_phy_4lanes_0.u_ddr_phy_4lanes/ddr_byte_lane_A.ddr_byte_lane_A/ddr_byte_group_io/input_[6].iserdes_dq_.iserdesdq/CLKDIVP
                               i_platform/i_system_ddr/u_xilinx_ddr3_ctrl_axi32/u_xilinx_ddr3_ctrl_axi32_mig/u_memc_ui_top_axi/mem_intfc0/ddr_phy_top0/u_ddr_mc_phy_wrapper/u_ddr_mc_phy/ddr_phy_4lanes_0.u_ddr_phy_4lanes/ddr_byte_lane_A.ddr_byte_lane_A/in_fifo_gen.in_fifo/D6[3]
                                                              8.551         
i_platform/i_system_ddr/u_xilinx_ddr3_ctrl_axi32/u_xilinx_ddr3_ctrl_axi32_mig/u_memc_ui_top_axi/mem_intfc0/ddr_phy_top0/u_ddr_mc_phy_wrapper/u_ddr_mc_phy/ddr_phy_4lanes_0.u_ddr_phy_4lanes/ddr_byte_lane_B.ddr_byte_lane_B/ddr_byte_group_io/input_[8].iserdes_dq_.iserdesdq/CLKDIVP
                               i_platform/i_system_ddr/u_xilinx_ddr3_ctrl_axi32/u_xilinx_ddr3_ctrl_axi32_mig/u_memc_ui_top_axi/mem_intfc0/ddr_phy_top0/u_ddr_mc_phy_wrapper/u_ddr_mc_phy/ddr_phy_4lanes_0.u_ddr_phy_4lanes/ddr_byte_lane_B.ddr_byte_lane_B/in_fifo_gen.in_fifo/D8[3]
                                                              8.552         
i_platform/i_system_ddr/u_xilinx_ddr3_ctrl_axi32/u_xilinx_ddr3_ctrl_axi32_mig/u_memc_ui_top_axi/mem_intfc0/ddr_phy_top0/u_ddr_mc_phy_wrapper/u_ddr_mc_phy/ddr_phy_4lanes_0.u_ddr_phy_4lanes/ddr_byte_lane_A.ddr_byte_lane_A/ddr_byte_group_io/input_[7].iserdes_dq_.iserdesdq/CLKDIVP
                               i_platform/i_system_ddr/u_xilinx_ddr3_ctrl_axi32/u_xilinx_ddr3_ctrl_axi32_mig/u_memc_ui_top_axi/mem_intfc0/ddr_phy_top0/u_ddr_mc_phy_wrapper/u_ddr_mc_phy/ddr_phy_4lanes_0.u_ddr_phy_4lanes/ddr_byte_lane_A.ddr_byte_lane_A/in_fifo_gen.in_fifo/D7[2]
                                                              8.552         
i_platform/i_system_ddr/u_xilinx_ddr3_ctrl_axi32/u_xilinx_ddr3_ctrl_axi32_mig/u_memc_ui_top_axi/mem_intfc0/ddr_phy_top0/u_ddr_mc_phy_wrapper/u_ddr_mc_phy/ddr_phy_4lanes_0.u_ddr_phy_4lanes/ddr_byte_lane_A.ddr_byte_lane_A/ddr_byte_group_io/input_[6].iserdes_dq_.iserdesdq/CLKDIVP
                               i_platform/i_system_ddr/u_xilinx_ddr3_ctrl_axi32/u_xilinx_ddr3_ctrl_axi32_mig/u_memc_ui_top_axi/mem_intfc0/ddr_phy_top0/u_ddr_mc_phy_wrapper/u_ddr_mc_phy/ddr_phy_4lanes_0.u_ddr_phy_4lanes/ddr_byte_lane_A.ddr_byte_lane_A/in_fifo_gen.in_fifo/D6[2]
                                                              8.553         
i_platform/i_system_ddr/u_xilinx_ddr3_ctrl_axi32/u_xilinx_ddr3_ctrl_axi32_mig/u_memc_ui_top_axi/mem_intfc0/ddr_phy_top0/u_ddr_mc_phy_wrapper/u_ddr_mc_phy/ddr_phy_4lanes_0.u_ddr_phy_4lanes/ddr_byte_lane_B.ddr_byte_lane_B/ddr_byte_group_io/input_[8].iserdes_dq_.iserdesdq/CLKDIVP
                               i_platform/i_system_ddr/u_xilinx_ddr3_ctrl_axi32/u_xilinx_ddr3_ctrl_axi32_mig/u_memc_ui_top_axi/mem_intfc0/ddr_phy_top0/u_ddr_mc_phy_wrapper/u_ddr_mc_phy/ddr_phy_4lanes_0.u_ddr_phy_4lanes/ddr_byte_lane_B.ddr_byte_lane_B/in_fifo_gen.in_fifo/D8[2]
                                                              8.554         
i_platform/i_system_ddr/u_xilinx_ddr3_ctrl_axi32/u_xilinx_ddr3_ctrl_axi32_mig/u_memc_ui_top_axi/mem_intfc0/ddr_phy_top0/u_ddr_mc_phy_wrapper/u_ddr_mc_phy/ddr_phy_4lanes_0.u_ddr_phy_4lanes/ddr_byte_lane_A.ddr_byte_lane_A/ddr_byte_group_io/input_[4].iserdes_dq_.iserdesdq/CLKDIVP
                               i_platform/i_system_ddr/u_xilinx_ddr3_ctrl_axi32/u_xilinx_ddr3_ctrl_axi32_mig/u_memc_ui_top_axi/mem_intfc0/ddr_phy_top0/u_ddr_mc_phy_wrapper/u_ddr_mc_phy/ddr_phy_4lanes_0.u_ddr_phy_4lanes/ddr_byte_lane_A.ddr_byte_lane_A/in_fifo_gen.in_fifo/D4[3]
                                                              8.555         
i_platform/i_system_ddr/u_xilinx_ddr3_ctrl_axi32/u_xilinx_ddr3_ctrl_axi32_mig/u_memc_ui_top_axi/mem_intfc0/ddr_phy_top0/u_ddr_mc_phy_wrapper/u_ddr_mc_phy/ddr_phy_4lanes_0.u_ddr_phy_4lanes/ddr_byte_lane_A.ddr_byte_lane_A/ddr_byte_group_io/input_[7].iserdes_dq_.iserdesdq/CLKDIVP
                               i_platform/i_system_ddr/u_xilinx_ddr3_ctrl_axi32/u_xilinx_ddr3_ctrl_axi32_mig/u_memc_ui_top_axi/mem_intfc0/ddr_phy_top0/u_ddr_mc_phy_wrapper/u_ddr_mc_phy/ddr_phy_4lanes_0.u_ddr_phy_4lanes/ddr_byte_lane_A.ddr_byte_lane_A/in_fifo_gen.in_fifo/D7[0]
                                                              8.556         
i_platform/i_system_ddr/u_xilinx_ddr3_ctrl_axi32/u_xilinx_ddr3_ctrl_axi32_mig/u_memc_ui_top_axi/mem_intfc0/ddr_phy_top0/u_ddr_mc_phy_wrapper/u_ddr_mc_phy/ddr_phy_4lanes_0.u_ddr_phy_4lanes/ddr_byte_lane_A.ddr_byte_lane_A/ddr_byte_group_io/input_[7].iserdes_dq_.iserdesdq/CLKDIVP
                               i_platform/i_system_ddr/u_xilinx_ddr3_ctrl_axi32/u_xilinx_ddr3_ctrl_axi32_mig/u_memc_ui_top_axi/mem_intfc0/ddr_phy_top0/u_ddr_mc_phy_wrapper/u_ddr_mc_phy/ddr_phy_4lanes_0.u_ddr_phy_4lanes/ddr_byte_lane_A.ddr_byte_lane_A/in_fifo_gen.in_fifo/D7[1]
                                                              8.556         
i_platform/i_system_ddr/u_xilinx_ddr3_ctrl_axi32/u_xilinx_ddr3_ctrl_axi32_mig/u_memc_ui_top_axi/mem_intfc0/ddr_phy_top0/u_ddr_mc_phy_wrapper/u_ddr_mc_phy/ddr_phy_4lanes_0.u_ddr_phy_4lanes/ddr_byte_lane_D.ddr_byte_lane_D/ddr_byte_group_io/input_[7].iserdes_dq_.iserdesdq/CLKDIVP
                               i_platform/i_system_ddr/u_xilinx_ddr3_ctrl_axi32/u_xilinx_ddr3_ctrl_axi32_mig/u_memc_ui_top_axi/mem_intfc0/ddr_phy_top0/u_ddr_mc_phy_wrapper/u_ddr_mc_phy/ddr_phy_4lanes_0.u_ddr_phy_4lanes/ddr_byte_lane_D.ddr_byte_lane_D/in_fifo_gen.in_fifo/D7[3]
                                                              8.556         
i_platform/i_system_ddr/u_xilinx_ddr3_ctrl_axi32/u_xilinx_ddr3_ctrl_axi32_mig/u_memc_ui_top_axi/mem_intfc0/ddr_phy_top0/u_ddr_mc_phy_wrapper/u_ddr_mc_phy/ddr_phy_4lanes_0.u_ddr_phy_4lanes/ddr_byte_lane_C.ddr_byte_lane_C/ddr_byte_group_io/input_[8].iserdes_dq_.iserdesdq/CLKDIVP
                               i_platform/i_system_ddr/u_xilinx_ddr3_ctrl_axi32/u_xilinx_ddr3_ctrl_axi32_mig/u_memc_ui_top_axi/mem_intfc0/ddr_phy_top0/u_ddr_mc_phy_wrapper/u_ddr_mc_phy/ddr_phy_4lanes_0.u_ddr_phy_4lanes/ddr_byte_lane_C.ddr_byte_lane_C/in_fifo_gen.in_fifo/D8[3]
                                                              8.557         
i_platform/i_system_ddr/u_xilinx_ddr3_ctrl_axi32/u_xilinx_ddr3_ctrl_axi32_mig/u_memc_ui_top_axi/mem_intfc0/ddr_phy_top0/u_ddr_mc_phy_wrapper/u_ddr_mc_phy/ddr_phy_4lanes_0.u_ddr_phy_4lanes/ddr_byte_lane_A.ddr_byte_lane_A/ddr_byte_group_io/input_[6].iserdes_dq_.iserdesdq/CLKDIVP
                               i_platform/i_system_ddr/u_xilinx_ddr3_ctrl_axi32/u_xilinx_ddr3_ctrl_axi32_mig/u_memc_ui_top_axi/mem_intfc0/ddr_phy_top0/u_ddr_mc_phy_wrapper/u_ddr_mc_phy/ddr_phy_4lanes_0.u_ddr_phy_4lanes/ddr_byte_lane_A.ddr_byte_lane_A/in_fifo_gen.in_fifo/D6[0]
                                                              8.557         
i_platform/i_system_ddr/u_xilinx_ddr3_ctrl_axi32/u_xilinx_ddr3_ctrl_axi32_mig/u_memc_ui_top_axi/mem_intfc0/ddr_phy_top0/u_ddr_mc_phy_wrapper/u_ddr_mc_phy/ddr_phy_4lanes_0.u_ddr_phy_4lanes/ddr_byte_lane_A.ddr_byte_lane_A/ddr_byte_group_io/input_[6].iserdes_dq_.iserdesdq/CLKDIVP
                               i_platform/i_system_ddr/u_xilinx_ddr3_ctrl_axi32/u_xilinx_ddr3_ctrl_axi32_mig/u_memc_ui_top_axi/mem_intfc0/ddr_phy_top0/u_ddr_mc_phy_wrapper/u_ddr_mc_phy/ddr_phy_4lanes_0.u_ddr_phy_4lanes/ddr_byte_lane_A.ddr_byte_lane_A/in_fifo_gen.in_fifo/D6[1]
                                                              8.557         
i_platform/i_system_ddr/u_xilinx_ddr3_ctrl_axi32/u_xilinx_ddr3_ctrl_axi32_mig/u_memc_ui_top_axi/mem_intfc0/ddr_phy_top0/u_ddr_mc_phy_wrapper/u_ddr_mc_phy/ddr_phy_4lanes_0.u_ddr_phy_4lanes/ddr_byte_lane_D.ddr_byte_lane_D/ddr_byte_group_io/input_[6].iserdes_dq_.iserdesdq/CLKDIVP
                               i_platform/i_system_ddr/u_xilinx_ddr3_ctrl_axi32/u_xilinx_ddr3_ctrl_axi32_mig/u_memc_ui_top_axi/mem_intfc0/ddr_phy_top0/u_ddr_mc_phy_wrapper/u_ddr_mc_phy/ddr_phy_4lanes_0.u_ddr_phy_4lanes/ddr_byte_lane_D.ddr_byte_lane_D/in_fifo_gen.in_fifo/D6[3]
                                                              8.557         
i_platform/i_system_ddr/u_xilinx_ddr3_ctrl_axi32/u_xilinx_ddr3_ctrl_axi32_mig/u_memc_ui_top_axi/mem_intfc0/ddr_phy_top0/u_ddr_mc_phy_wrapper/u_ddr_mc_phy/ddr_phy_4lanes_0.u_ddr_phy_4lanes/ddr_byte_lane_A.ddr_byte_lane_A/ddr_byte_group_io/input_[4].iserdes_dq_.iserdesdq/CLKDIVP
                               i_platform/i_system_ddr/u_xilinx_ddr3_ctrl_axi32/u_xilinx_ddr3_ctrl_axi32_mig/u_memc_ui_top_axi/mem_intfc0/ddr_phy_top0/u_ddr_mc_phy_wrapper/u_ddr_mc_phy/ddr_phy_4lanes_0.u_ddr_phy_4lanes/ddr_byte_lane_A.ddr_byte_lane_A/in_fifo_gen.in_fifo/D4[2]
                                                              8.557         
i_platform/i_system_ddr/u_xilinx_ddr3_ctrl_axi32/u_xilinx_ddr3_ctrl_axi32_mig/u_memc_ui_top_axi/mem_intfc0/ddr_phy_top0/u_ddr_mc_phy_wrapper/u_ddr_mc_phy/ddr_phy_4lanes_0.u_ddr_phy_4lanes/ddr_byte_lane_B.ddr_byte_lane_B/ddr_byte_group_io/input_[8].iserdes_dq_.iserdesdq/CLKDIVP
                               i_platform/i_system_ddr/u_xilinx_ddr3_ctrl_axi32/u_xilinx_ddr3_ctrl_axi32_mig/u_memc_ui_top_axi/mem_intfc0/ddr_phy_top0/u_ddr_mc_phy_wrapper/u_ddr_mc_phy/ddr_phy_4lanes_0.u_ddr_phy_4lanes/ddr_byte_lane_B.ddr_byte_lane_B/in_fifo_gen.in_fifo/D8[0]
                                                              8.558         
i_platform/i_system_ddr/u_xilinx_ddr3_ctrl_axi32/u_xilinx_ddr3_ctrl_axi32_mig/u_memc_ui_top_axi/mem_intfc0/ddr_phy_top0/u_ddr_mc_phy_wrapper/u_ddr_mc_phy/ddr_phy_4lanes_0.u_ddr_phy_4lanes/ddr_byte_lane_B.ddr_byte_lane_B/ddr_byte_group_io/input_[8].iserdes_dq_.iserdesdq/CLKDIVP
                               i_platform/i_system_ddr/u_xilinx_ddr3_ctrl_axi32/u_xilinx_ddr3_ctrl_axi32_mig/u_memc_ui_top_axi/mem_intfc0/ddr_phy_top0/u_ddr_mc_phy_wrapper/u_ddr_mc_phy/ddr_phy_4lanes_0.u_ddr_phy_4lanes/ddr_byte_lane_B.ddr_byte_lane_B/in_fifo_gen.in_fifo/D8[1]
                                                              8.558         
i_platform/i_system_ddr/u_xilinx_ddr3_ctrl_axi32/u_xilinx_ddr3_ctrl_axi32_mig/u_memc_ui_top_axi/mem_intfc0/ddr_phy_top0/u_ddr_mc_phy_wrapper/u_ddr_mc_phy/ddr_phy_4lanes_0.u_ddr_phy_4lanes/ddr_byte_lane_D.ddr_byte_lane_D/ddr_byte_group_io/input_[7].iserdes_dq_.iserdesdq/CLKDIVP
                               i_platform/i_system_ddr/u_xilinx_ddr3_ctrl_axi32/u_xilinx_ddr3_ctrl_axi32_mig/u_memc_ui_top_axi/mem_intfc0/ddr_phy_top0/u_ddr_mc_phy_wrapper/u_ddr_mc_phy/ddr_phy_4lanes_0.u_ddr_phy_4lanes/ddr_byte_lane_D.ddr_byte_lane_D/in_fifo_gen.in_fifo/D7[2]
                                                              8.558         
i_platform/i_system_ddr/u_xilinx_ddr3_ctrl_axi32/u_xilinx_ddr3_ctrl_axi32_mig/u_memc_ui_top_axi/mem_intfc0/ddr_phy_top0/u_ddr_mc_phy_wrapper/u_ddr_mc_phy/ddr_phy_4lanes_0.u_ddr_phy_4lanes/ddr_byte_lane_C.ddr_byte_lane_C/ddr_byte_group_io/input_[7].iserdes_dq_.iserdesdq/CLKDIVP
                               i_platform/i_system_ddr/u_xilinx_ddr3_ctrl_axi32/u_xilinx_ddr3_ctrl_axi32_mig/u_memc_ui_top_axi/mem_intfc0/ddr_phy_top0/u_ddr_mc_phy_wrapper/u_ddr_mc_phy/ddr_phy_4lanes_0.u_ddr_phy_4lanes/ddr_byte_lane_C.ddr_byte_lane_C/in_fifo_gen.in_fifo/D7[2]
                                                              8.558         
i_platform/i_system_ddr/u_xilinx_ddr3_ctrl_axi32/u_xilinx_ddr3_ctrl_axi32_mig/u_memc_ui_top_axi/mem_intfc0/ddr_phy_top0/u_ddr_mc_phy_wrapper/u_ddr_mc_phy/ddr_phy_4lanes_0.u_ddr_phy_4lanes/ddr_byte_lane_C.ddr_byte_lane_C/ddr_byte_group_io/input_[7].iserdes_dq_.iserdesdq/CLKDIVP
                               i_platform/i_system_ddr/u_xilinx_ddr3_ctrl_axi32/u_xilinx_ddr3_ctrl_axi32_mig/u_memc_ui_top_axi/mem_intfc0/ddr_phy_top0/u_ddr_mc_phy_wrapper/u_ddr_mc_phy/ddr_phy_4lanes_0.u_ddr_phy_4lanes/ddr_byte_lane_C.ddr_byte_lane_C/in_fifo_gen.in_fifo/D7[3]
                                                              8.558         
i_platform/i_system_ddr/u_xilinx_ddr3_ctrl_axi32/u_xilinx_ddr3_ctrl_axi32_mig/u_memc_ui_top_axi/mem_intfc0/ddr_phy_top0/u_ddr_mc_phy_wrapper/u_ddr_mc_phy/ddr_phy_4lanes_0.u_ddr_phy_4lanes/ddr_byte_lane_C.ddr_byte_lane_C/ddr_byte_group_io/input_[8].iserdes_dq_.iserdesdq/CLKDIVP
                               i_platform/i_system_ddr/u_xilinx_ddr3_ctrl_axi32/u_xilinx_ddr3_ctrl_axi32_mig/u_memc_ui_top_axi/mem_intfc0/ddr_phy_top0/u_ddr_mc_phy_wrapper/u_ddr_mc_phy/ddr_phy_4lanes_0.u_ddr_phy_4lanes/ddr_byte_lane_C.ddr_byte_lane_C/in_fifo_gen.in_fifo/D8[2]
                                                              8.559         
i_platform/i_system_ddr/u_xilinx_ddr3_ctrl_axi32/u_xilinx_ddr3_ctrl_axi32_mig/u_memc_ui_top_axi/mem_intfc0/ddr_phy_top0/u_ddr_mc_phy_wrapper/u_ddr_mc_phy/ddr_phy_4lanes_0.u_ddr_phy_4lanes/ddr_byte_lane_D.ddr_byte_lane_D/ddr_byte_group_io/input_[6].iserdes_dq_.iserdesdq/CLKDIVP
                               i_platform/i_system_ddr/u_xilinx_ddr3_ctrl_axi32/u_xilinx_ddr3_ctrl_axi32_mig/u_memc_ui_top_axi/mem_intfc0/ddr_phy_top0/u_ddr_mc_phy_wrapper/u_ddr_mc_phy/ddr_phy_4lanes_0.u_ddr_phy_4lanes/ddr_byte_lane_D.ddr_byte_lane_D/in_fifo_gen.in_fifo/D6[2]
                                                              8.559         
i_platform/i_system_ddr/u_xilinx_ddr3_ctrl_axi32/u_xilinx_ddr3_ctrl_axi32_mig/u_memc_ui_top_axi/mem_intfc0/ddr_phy_top0/u_ddr_mc_phy_wrapper/u_ddr_mc_phy/ddr_phy_4lanes_0.u_ddr_phy_4lanes/ddr_byte_lane_D.ddr_byte_lane_D/ddr_byte_group_io/input_[5].iserdes_dq_.iserdesdq/CLKDIVP
                               i_platform/i_system_ddr/u_xilinx_ddr3_ctrl_axi32/u_xilinx_ddr3_ctrl_axi32_mig/u_memc_ui_top_axi/mem_intfc0/ddr_phy_top0/u_ddr_mc_phy_wrapper/u_ddr_mc_phy/ddr_phy_4lanes_0.u_ddr_phy_4lanes/ddr_byte_lane_D.ddr_byte_lane_D/in_fifo_gen.in_fifo/D5[2]
                                                              8.560         
i_platform/i_system_ddr/u_xilinx_ddr3_ctrl_axi32/u_xilinx_ddr3_ctrl_axi32_mig/u_memc_ui_top_axi/mem_intfc0/ddr_phy_top0/u_ddr_mc_phy_wrapper/u_ddr_mc_phy/ddr_phy_4lanes_0.u_ddr_phy_4lanes/ddr_byte_lane_A.ddr_byte_lane_A/ddr_byte_group_io/input_[4].iserdes_dq_.iserdesdq/CLKDIVP
                               i_platform/i_system_ddr/u_xilinx_ddr3_ctrl_axi32/u_xilinx_ddr3_ctrl_axi32_mig/u_memc_ui_top_axi/mem_intfc0/ddr_phy_top0/u_ddr_mc_phy_wrapper/u_ddr_mc_phy/ddr_phy_4lanes_0.u_ddr_phy_4lanes/ddr_byte_lane_A.ddr_byte_lane_A/in_fifo_gen.in_fifo/D4[0]
                                                              8.561         
i_platform/i_system_ddr/u_xilinx_ddr3_ctrl_axi32/u_xilinx_ddr3_ctrl_axi32_mig/u_memc_ui_top_axi/mem_intfc0/ddr_phy_top0/u_ddr_mc_phy_wrapper/u_ddr_mc_phy/ddr_phy_4lanes_0.u_ddr_phy_4lanes/ddr_byte_lane_A.ddr_byte_lane_A/ddr_byte_group_io/input_[4].iserdes_dq_.iserdesdq/CLKDIVP
                               i_platform/i_system_ddr/u_xilinx_ddr3_ctrl_axi32/u_xilinx_ddr3_ctrl_axi32_mig/u_memc_ui_top_axi/mem_intfc0/ddr_phy_top0/u_ddr_mc_phy_wrapper/u_ddr_mc_phy/ddr_phy_4lanes_0.u_ddr_phy_4lanes/ddr_byte_lane_A.ddr_byte_lane_A/in_fifo_gen.in_fifo/D4[1]
                                                              8.561         
i_platform/i_system_ddr/u_xilinx_ddr3_ctrl_axi32/u_xilinx_ddr3_ctrl_axi32_mig/u_memc_ui_top_axi/mem_intfc0/ddr_phy_top0/u_ddr_mc_phy_wrapper/u_ddr_mc_phy/ddr_phy_4lanes_0.u_ddr_phy_4lanes/ddr_byte_lane_D.ddr_byte_lane_D/ddr_byte_group_io/input_[4].iserdes_dq_.iserdesdq/CLKDIVP
                               i_platform/i_system_ddr/u_xilinx_ddr3_ctrl_axi32/u_xilinx_ddr3_ctrl_axi32_mig/u_memc_ui_top_axi/mem_intfc0/ddr_phy_top0/u_ddr_mc_phy_wrapper/u_ddr_mc_phy/ddr_phy_4lanes_0.u_ddr_phy_4lanes/ddr_byte_lane_D.ddr_byte_lane_D/in_fifo_gen.in_fifo/D4[3]
                                                              8.561         
i_platform/i_system_ddr/u_xilinx_ddr3_ctrl_axi32/u_xilinx_ddr3_ctrl_axi32_mig/u_memc_ui_top_axi/mem_intfc0/ddr_phy_top0/u_ddr_mc_phy_wrapper/u_ddr_mc_phy/ddr_phy_4lanes_0.u_ddr_phy_4lanes/ddr_byte_lane_D.ddr_byte_lane_D/ddr_byte_group_io/input_[7].iserdes_dq_.iserdesdq/CLKDIVP
                               i_platform/i_system_ddr/u_xilinx_ddr3_ctrl_axi32/u_xilinx_ddr3_ctrl_axi32_mig/u_memc_ui_top_axi/mem_intfc0/ddr_phy_top0/u_ddr_mc_phy_wrapper/u_ddr_mc_phy/ddr_phy_4lanes_0.u_ddr_phy_4lanes/ddr_byte_lane_D.ddr_byte_lane_D/in_fifo_gen.in_fifo/D7[0]
                                                              8.562         
i_platform/i_system_ddr/u_xilinx_ddr3_ctrl_axi32/u_xilinx_ddr3_ctrl_axi32_mig/u_memc_ui_top_axi/mem_intfc0/ddr_phy_top0/u_ddr_mc_phy_wrapper/u_ddr_mc_phy/ddr_phy_4lanes_0.u_ddr_phy_4lanes/ddr_byte_lane_D.ddr_byte_lane_D/ddr_byte_group_io/input_[7].iserdes_dq_.iserdesdq/CLKDIVP
                               i_platform/i_system_ddr/u_xilinx_ddr3_ctrl_axi32/u_xilinx_ddr3_ctrl_axi32_mig/u_memc_ui_top_axi/mem_intfc0/ddr_phy_top0/u_ddr_mc_phy_wrapper/u_ddr_mc_phy/ddr_phy_4lanes_0.u_ddr_phy_4lanes/ddr_byte_lane_D.ddr_byte_lane_D/in_fifo_gen.in_fifo/D7[1]
                                                              8.562         
i_platform/i_system_ddr/u_xilinx_ddr3_ctrl_axi32/u_xilinx_ddr3_ctrl_axi32_mig/u_memc_ui_top_axi/mem_intfc0/ddr_phy_top0/u_ddr_mc_phy_wrapper/u_ddr_mc_phy/ddr_phy_4lanes_0.u_ddr_phy_4lanes/ddr_byte_lane_C.ddr_byte_lane_C/ddr_byte_group_io/input_[8].iserdes_dq_.iserdesdq/CLKDIVP
                               i_platform/i_system_ddr/u_xilinx_ddr3_ctrl_axi32/u_xilinx_ddr3_ctrl_axi32_mig/u_memc_ui_top_axi/mem_intfc0/ddr_phy_top0/u_ddr_mc_phy_wrapper/u_ddr_mc_phy/ddr_phy_4lanes_0.u_ddr_phy_4lanes/ddr_byte_lane_C.ddr_byte_lane_C/in_fifo_gen.in_fifo/D8[0]
                                                              8.563         
i_platform/i_system_ddr/u_xilinx_ddr3_ctrl_axi32/u_xilinx_ddr3_ctrl_axi32_mig/u_memc_ui_top_axi/mem_intfc0/ddr_phy_top0/u_ddr_mc_phy_wrapper/u_ddr_mc_phy/ddr_phy_4lanes_0.u_ddr_phy_4lanes/ddr_byte_lane_C.ddr_byte_lane_C/ddr_byte_group_io/input_[8].iserdes_dq_.iserdesdq/CLKDIVP
                               i_platform/i_system_ddr/u_xilinx_ddr3_ctrl_axi32/u_xilinx_ddr3_ctrl_axi32_mig/u_memc_ui_top_axi/mem_intfc0/ddr_phy_top0/u_ddr_mc_phy_wrapper/u_ddr_mc_phy/ddr_phy_4lanes_0.u_ddr_phy_4lanes/ddr_byte_lane_C.ddr_byte_lane_C/in_fifo_gen.in_fifo/D8[1]
                                                              8.563         
i_platform/i_system_ddr/u_xilinx_ddr3_ctrl_axi32/u_xilinx_ddr3_ctrl_axi32_mig/u_memc_ui_top_axi/mem_intfc0/ddr_phy_top0/u_ddr_mc_phy_wrapper/u_ddr_mc_phy/ddr_phy_4lanes_0.u_ddr_phy_4lanes/ddr_byte_lane_D.ddr_byte_lane_D/ddr_byte_group_io/input_[6].iserdes_dq_.iserdesdq/CLKDIVP
                               i_platform/i_system_ddr/u_xilinx_ddr3_ctrl_axi32/u_xilinx_ddr3_ctrl_axi32_mig/u_memc_ui_top_axi/mem_intfc0/ddr_phy_top0/u_ddr_mc_phy_wrapper/u_ddr_mc_phy/ddr_phy_4lanes_0.u_ddr_phy_4lanes/ddr_byte_lane_D.ddr_byte_lane_D/in_fifo_gen.in_fifo/D6[0]
                                                              8.563         
i_platform/i_system_ddr/u_xilinx_ddr3_ctrl_axi32/u_xilinx_ddr3_ctrl_axi32_mig/u_memc_ui_top_axi/mem_intfc0/ddr_phy_top0/u_ddr_mc_phy_wrapper/u_ddr_mc_phy/ddr_phy_4lanes_0.u_ddr_phy_4lanes/ddr_byte_lane_D.ddr_byte_lane_D/ddr_byte_group_io/input_[6].iserdes_dq_.iserdesdq/CLKDIVP
                               i_platform/i_system_ddr/u_xilinx_ddr3_ctrl_axi32/u_xilinx_ddr3_ctrl_axi32_mig/u_memc_ui_top_axi/mem_intfc0/ddr_phy_top0/u_ddr_mc_phy_wrapper/u_ddr_mc_phy/ddr_phy_4lanes_0.u_ddr_phy_4lanes/ddr_byte_lane_D.ddr_byte_lane_D/in_fifo_gen.in_fifo/D6[1]
                                                              8.563         
i_platform/i_system_ddr/u_xilinx_ddr3_ctrl_axi32/u_xilinx_ddr3_ctrl_axi32_mig/u_memc_ui_top_axi/mem_intfc0/ddr_phy_top0/u_ddr_mc_phy_wrapper/u_ddr_mc_phy/ddr_phy_4lanes_0.u_ddr_phy_4lanes/ddr_byte_lane_D.ddr_byte_lane_D/ddr_byte_group_io/input_[4].iserdes_dq_.iserdesdq/CLKDIVP
                               i_platform/i_system_ddr/u_xilinx_ddr3_ctrl_axi32/u_xilinx_ddr3_ctrl_axi32_mig/u_memc_ui_top_axi/mem_intfc0/ddr_phy_top0/u_ddr_mc_phy_wrapper/u_ddr_mc_phy/ddr_phy_4lanes_0.u_ddr_phy_4lanes/ddr_byte_lane_D.ddr_byte_lane_D/in_fifo_gen.in_fifo/D4[2]
                                                              8.563         
i_platform/i_system_ddr/u_xilinx_ddr3_ctrl_axi32/u_xilinx_ddr3_ctrl_axi32_mig/u_memc_ui_top_axi/mem_intfc0/ddr_phy_top0/u_ddr_mc_phy_wrapper/u_ddr_mc_phy/ddr_phy_4lanes_0.u_ddr_phy_4lanes/ddr_byte_lane_B.ddr_byte_lane_B/ddr_byte_group_io/input_[7].iserdes_dq_.iserdesdq/CLKDIVP
                               i_platform/i_system_ddr/u_xilinx_ddr3_ctrl_axi32/u_xilinx_ddr3_ctrl_axi32_mig/u_memc_ui_top_axi/mem_intfc0/ddr_phy_top0/u_ddr_mc_phy_wrapper/u_ddr_mc_phy/ddr_phy_4lanes_0.u_ddr_phy_4lanes/ddr_byte_lane_B.ddr_byte_lane_B/in_fifo_gen.in_fifo/D7[3]
                                                              8.564         
i_platform/i_system_ddr/u_xilinx_ddr3_ctrl_axi32/u_xilinx_ddr3_ctrl_axi32_mig/u_memc_ui_top_axi/mem_intfc0/ddr_phy_top0/u_ddr_mc_phy_wrapper/u_ddr_mc_phy/ddr_phy_4lanes_0.u_ddr_phy_4lanes/ddr_byte_lane_A.ddr_byte_lane_A/ddr_byte_group_io/input_[5].iserdes_dq_.iserdesdq/CLKDIVP
                               i_platform/i_system_ddr/u_xilinx_ddr3_ctrl_axi32/u_xilinx_ddr3_ctrl_axi32_mig/u_memc_ui_top_axi/mem_intfc0/ddr_phy_top0/u_ddr_mc_phy_wrapper/u_ddr_mc_phy/ddr_phy_4lanes_0.u_ddr_phy_4lanes/ddr_byte_lane_A.ddr_byte_lane_A/in_fifo_gen.in_fifo/D5[3]
                                                              8.565         
i_platform/i_system_ddr/u_xilinx_ddr3_ctrl_axi32/u_xilinx_ddr3_ctrl_axi32_mig/u_memc_ui_top_axi/mem_intfc0/ddr_phy_top0/u_ddr_mc_phy_wrapper/u_ddr_mc_phy/ddr_phy_4lanes_0.u_ddr_phy_4lanes/ddr_byte_lane_B.ddr_byte_lane_B/ddr_byte_group_io/input_[6].iserdes_dq_.iserdesdq/CLKDIVP
                               i_platform/i_system_ddr/u_xilinx_ddr3_ctrl_axi32/u_xilinx_ddr3_ctrl_axi32_mig/u_memc_ui_top_axi/mem_intfc0/ddr_phy_top0/u_ddr_mc_phy_wrapper/u_ddr_mc_phy/ddr_phy_4lanes_0.u_ddr_phy_4lanes/ddr_byte_lane_B.ddr_byte_lane_B/in_fifo_gen.in_fifo/D6[3]
                                                              8.565         
i_platform/i_system_ddr/u_xilinx_ddr3_ctrl_axi32/u_xilinx_ddr3_ctrl_axi32_mig/u_memc_ui_top_axi/mem_intfc0/ddr_phy_top0/u_ddr_mc_phy_wrapper/u_ddr_mc_phy/ddr_phy_4lanes_0.u_ddr_phy_4lanes/ddr_byte_lane_B.ddr_byte_lane_B/ddr_byte_group_io/input_[7].iserdes_dq_.iserdesdq/CLKDIVP
                               i_platform/i_system_ddr/u_xilinx_ddr3_ctrl_axi32/u_xilinx_ddr3_ctrl_axi32_mig/u_memc_ui_top_axi/mem_intfc0/ddr_phy_top0/u_ddr_mc_phy_wrapper/u_ddr_mc_phy/ddr_phy_4lanes_0.u_ddr_phy_4lanes/ddr_byte_lane_B.ddr_byte_lane_B/in_fifo_gen.in_fifo/D7[2]
                                                              8.566         
i_platform/i_system_ddr/u_xilinx_ddr3_ctrl_axi32/u_xilinx_ddr3_ctrl_axi32_mig/u_memc_ui_top_axi/mem_intfc0/ddr_phy_top0/u_ddr_mc_phy_wrapper/u_ddr_mc_phy/ddr_phy_4lanes_0.u_ddr_phy_4lanes/ddr_byte_lane_B.ddr_byte_lane_B/ddr_byte_group_io/input_[6].iserdes_dq_.iserdesdq/CLKDIVP
                               i_platform/i_system_ddr/u_xilinx_ddr3_ctrl_axi32/u_xilinx_ddr3_ctrl_axi32_mig/u_memc_ui_top_axi/mem_intfc0/ddr_phy_top0/u_ddr_mc_phy_wrapper/u_ddr_mc_phy/ddr_phy_4lanes_0.u_ddr_phy_4lanes/ddr_byte_lane_B.ddr_byte_lane_B/in_fifo_gen.in_fifo/D6[2]
                                                              8.567         
i_platform/i_system_ddr/u_xilinx_ddr3_ctrl_axi32/u_xilinx_ddr3_ctrl_axi32_mig/u_memc_ui_top_axi/mem_intfc0/ddr_phy_top0/u_ddr_mc_phy_wrapper/u_ddr_mc_phy/ddr_phy_4lanes_0.u_ddr_phy_4lanes/ddr_byte_lane_A.ddr_byte_lane_A/ddr_byte_group_io/input_[5].iserdes_dq_.iserdesdq/CLKDIVP
                               i_platform/i_system_ddr/u_xilinx_ddr3_ctrl_axi32/u_xilinx_ddr3_ctrl_axi32_mig/u_memc_ui_top_axi/mem_intfc0/ddr_phy_top0/u_ddr_mc_phy_wrapper/u_ddr_mc_phy/ddr_phy_4lanes_0.u_ddr_phy_4lanes/ddr_byte_lane_A.ddr_byte_lane_A/in_fifo_gen.in_fifo/D5[2]
                                                              8.567         
i_platform/i_system_ddr/u_xilinx_ddr3_ctrl_axi32/u_xilinx_ddr3_ctrl_axi32_mig/u_memc_ui_top_axi/mem_intfc0/ddr_phy_top0/u_ddr_mc_phy_wrapper/u_ddr_mc_phy/ddr_phy_4lanes_0.u_ddr_phy_4lanes/ddr_byte_lane_D.ddr_byte_lane_D/ddr_byte_group_io/input_[4].iserdes_dq_.iserdesdq/CLKDIVP
                               i_platform/i_system_ddr/u_xilinx_ddr3_ctrl_axi32/u_xilinx_ddr3_ctrl_axi32_mig/u_memc_ui_top_axi/mem_intfc0/ddr_phy_top0/u_ddr_mc_phy_wrapper/u_ddr_mc_phy/ddr_phy_4lanes_0.u_ddr_phy_4lanes/ddr_byte_lane_D.ddr_byte_lane_D/in_fifo_gen.in_fifo/D4[0]
                                                              8.567         
i_platform/i_system_ddr/u_xilinx_ddr3_ctrl_axi32/u_xilinx_ddr3_ctrl_axi32_mig/u_memc_ui_top_axi/mem_intfc0/ddr_phy_top0/u_ddr_mc_phy_wrapper/u_ddr_mc_phy/ddr_phy_4lanes_0.u_ddr_phy_4lanes/ddr_byte_lane_D.ddr_byte_lane_D/ddr_byte_group_io/input_[4].iserdes_dq_.iserdesdq/CLKDIVP
                               i_platform/i_system_ddr/u_xilinx_ddr3_ctrl_axi32/u_xilinx_ddr3_ctrl_axi32_mig/u_memc_ui_top_axi/mem_intfc0/ddr_phy_top0/u_ddr_mc_phy_wrapper/u_ddr_mc_phy/ddr_phy_4lanes_0.u_ddr_phy_4lanes/ddr_byte_lane_D.ddr_byte_lane_D/in_fifo_gen.in_fifo/D4[1]
                                                              8.567         
i_platform/i_system_ddr/u_xilinx_ddr3_ctrl_axi32/u_xilinx_ddr3_ctrl_axi32_mig/u_memc_ui_top_axi/mem_intfc0/ddr_phy_top0/u_ddr_mc_phy_wrapper/u_ddr_mc_phy/ddr_phy_4lanes_0.u_ddr_phy_4lanes/ddr_byte_lane_B.ddr_byte_lane_B/ddr_byte_group_io/input_[4].iserdes_dq_.iserdesdq/CLKDIVP
                               i_platform/i_system_ddr/u_xilinx_ddr3_ctrl_axi32/u_xilinx_ddr3_ctrl_axi32_mig/u_memc_ui_top_axi/mem_intfc0/ddr_phy_top0/u_ddr_mc_phy_wrapper/u_ddr_mc_phy/ddr_phy_4lanes_0.u_ddr_phy_4lanes/ddr_byte_lane_B.ddr_byte_lane_B/in_fifo_gen.in_fifo/D4[3]
                                                              8.569         
i_platform/i_system_ddr/u_xilinx_ddr3_ctrl_axi32/u_xilinx_ddr3_ctrl_axi32_mig/u_memc_ui_top_axi/mem_intfc0/ddr_phy_top0/u_ddr_mc_phy_wrapper/u_ddr_mc_phy/ddr_phy_4lanes_0.u_ddr_phy_4lanes/ddr_byte_lane_B.ddr_byte_lane_B/ddr_byte_group_io/input_[7].iserdes_dq_.iserdesdq/CLKDIVP
                               i_platform/i_system_ddr/u_xilinx_ddr3_ctrl_axi32/u_xilinx_ddr3_ctrl_axi32_mig/u_memc_ui_top_axi/mem_intfc0/ddr_phy_top0/u_ddr_mc_phy_wrapper/u_ddr_mc_phy/ddr_phy_4lanes_0.u_ddr_phy_4lanes/ddr_byte_lane_B.ddr_byte_lane_B/in_fifo_gen.in_fifo/D7[0]
                                                              8.570         
i_platform/i_system_ddr/u_xilinx_ddr3_ctrl_axi32/u_xilinx_ddr3_ctrl_axi32_mig/u_memc_ui_top_axi/mem_intfc0/ddr_phy_top0/u_ddr_mc_phy_wrapper/u_ddr_mc_phy/ddr_phy_4lanes_0.u_ddr_phy_4lanes/ddr_byte_lane_B.ddr_byte_lane_B/ddr_byte_group_io/input_[7].iserdes_dq_.iserdesdq/CLKDIVP
                               i_platform/i_system_ddr/u_xilinx_ddr3_ctrl_axi32/u_xilinx_ddr3_ctrl_axi32_mig/u_memc_ui_top_axi/mem_intfc0/ddr_phy_top0/u_ddr_mc_phy_wrapper/u_ddr_mc_phy/ddr_phy_4lanes_0.u_ddr_phy_4lanes/ddr_byte_lane_B.ddr_byte_lane_B/in_fifo_gen.in_fifo/D7[1]
                                                              8.570         
i_platform/i_system_ddr/u_xilinx_ddr3_ctrl_axi32/u_xilinx_ddr3_ctrl_axi32_mig/u_memc_ui_top_axi/mem_intfc0/ddr_phy_top0/u_ddr_mc_phy_wrapper/u_ddr_mc_phy/ddr_phy_4lanes_0.u_ddr_phy_4lanes/ddr_byte_lane_C.ddr_byte_lane_C/ddr_byte_group_io/input_[6].iserdes_dq_.iserdesdq/CLKDIVP
                               i_platform/i_system_ddr/u_xilinx_ddr3_ctrl_axi32/u_xilinx_ddr3_ctrl_axi32_mig/u_memc_ui_top_axi/mem_intfc0/ddr_phy_top0/u_ddr_mc_phy_wrapper/u_ddr_mc_phy/ddr_phy_4lanes_0.u_ddr_phy_4lanes/ddr_byte_lane_C.ddr_byte_lane_C/in_fifo_gen.in_fifo/D6[3]
                                                              8.570         
i_platform/i_system_ddr/u_xilinx_ddr3_ctrl_axi32/u_xilinx_ddr3_ctrl_axi32_mig/u_memc_ui_top_axi/mem_intfc0/ddr_phy_top0/u_ddr_mc_phy_wrapper/u_ddr_mc_phy/ddr_phy_4lanes_0.u_ddr_phy_4lanes/ddr_byte_lane_B.ddr_byte_lane_B/ddr_byte_group_io/input_[4].iserdes_dq_.iserdesdq/CLKDIVP
                               i_platform/i_system_ddr/u_xilinx_ddr3_ctrl_axi32/u_xilinx_ddr3_ctrl_axi32_mig/u_memc_ui_top_axi/mem_intfc0/ddr_phy_top0/u_ddr_mc_phy_wrapper/u_ddr_mc_phy/ddr_phy_4lanes_0.u_ddr_phy_4lanes/ddr_byte_lane_B.ddr_byte_lane_B/in_fifo_gen.in_fifo/D4[2]
                                                              8.571         
i_platform/i_system_ddr/u_xilinx_ddr3_ctrl_axi32/u_xilinx_ddr3_ctrl_axi32_mig/u_memc_ui_top_axi/mem_intfc0/ddr_phy_top0/u_ddr_mc_phy_wrapper/u_ddr_mc_phy/ddr_phy_4lanes_0.u_ddr_phy_4lanes/ddr_byte_lane_B.ddr_byte_lane_B/ddr_byte_group_io/input_[6].iserdes_dq_.iserdesdq/CLKDIVP
                               i_platform/i_system_ddr/u_xilinx_ddr3_ctrl_axi32/u_xilinx_ddr3_ctrl_axi32_mig/u_memc_ui_top_axi/mem_intfc0/ddr_phy_top0/u_ddr_mc_phy_wrapper/u_ddr_mc_phy/ddr_phy_4lanes_0.u_ddr_phy_4lanes/ddr_byte_lane_B.ddr_byte_lane_B/in_fifo_gen.in_fifo/D6[0]
                                                              8.571         
i_platform/i_system_ddr/u_xilinx_ddr3_ctrl_axi32/u_xilinx_ddr3_ctrl_axi32_mig/u_memc_ui_top_axi/mem_intfc0/ddr_phy_top0/u_ddr_mc_phy_wrapper/u_ddr_mc_phy/ddr_phy_4lanes_0.u_ddr_phy_4lanes/ddr_byte_lane_B.ddr_byte_lane_B/ddr_byte_group_io/input_[6].iserdes_dq_.iserdesdq/CLKDIVP
                               i_platform/i_system_ddr/u_xilinx_ddr3_ctrl_axi32/u_xilinx_ddr3_ctrl_axi32_mig/u_memc_ui_top_axi/mem_intfc0/ddr_phy_top0/u_ddr_mc_phy_wrapper/u_ddr_mc_phy/ddr_phy_4lanes_0.u_ddr_phy_4lanes/ddr_byte_lane_B.ddr_byte_lane_B/in_fifo_gen.in_fifo/D6[1]
                                                              8.571         
i_platform/i_system_ddr/u_xilinx_ddr3_ctrl_axi32/u_xilinx_ddr3_ctrl_axi32_mig/u_memc_ui_top_axi/mem_intfc0/ddr_phy_top0/u_ddr_mc_phy_wrapper/u_ddr_mc_phy/ddr_phy_4lanes_0.u_ddr_phy_4lanes/ddr_byte_lane_A.ddr_byte_lane_A/ddr_byte_group_io/input_[5].iserdes_dq_.iserdesdq/CLKDIVP
                               i_platform/i_system_ddr/u_xilinx_ddr3_ctrl_axi32/u_xilinx_ddr3_ctrl_axi32_mig/u_memc_ui_top_axi/mem_intfc0/ddr_phy_top0/u_ddr_mc_phy_wrapper/u_ddr_mc_phy/ddr_phy_4lanes_0.u_ddr_phy_4lanes/ddr_byte_lane_A.ddr_byte_lane_A/in_fifo_gen.in_fifo/D5[0]
                                                              8.571         
i_platform/i_system_ddr/u_xilinx_ddr3_ctrl_axi32/u_xilinx_ddr3_ctrl_axi32_mig/u_memc_ui_top_axi/mem_intfc0/ddr_phy_top0/u_ddr_mc_phy_wrapper/u_ddr_mc_phy/ddr_phy_4lanes_0.u_ddr_phy_4lanes/ddr_byte_lane_A.ddr_byte_lane_A/ddr_byte_group_io/input_[5].iserdes_dq_.iserdesdq/CLKDIVP
                               i_platform/i_system_ddr/u_xilinx_ddr3_ctrl_axi32/u_xilinx_ddr3_ctrl_axi32_mig/u_memc_ui_top_axi/mem_intfc0/ddr_phy_top0/u_ddr_mc_phy_wrapper/u_ddr_mc_phy/ddr_phy_4lanes_0.u_ddr_phy_4lanes/ddr_byte_lane_A.ddr_byte_lane_A/in_fifo_gen.in_fifo/D5[1]
                                                              8.571         
i_platform/i_system_ddr/u_xilinx_ddr3_ctrl_axi32/u_xilinx_ddr3_ctrl_axi32_mig/u_memc_ui_top_axi/mem_intfc0/ddr_phy_top0/u_ddr_mc_phy_wrapper/u_ddr_mc_phy/ddr_phy_4lanes_0.u_ddr_phy_4lanes/ddr_byte_lane_D.ddr_byte_lane_D/ddr_byte_group_io/input_[5].iserdes_dq_.iserdesdq/CLKDIVP
                               i_platform/i_system_ddr/u_xilinx_ddr3_ctrl_axi32/u_xilinx_ddr3_ctrl_axi32_mig/u_memc_ui_top_axi/mem_intfc0/ddr_phy_top0/u_ddr_mc_phy_wrapper/u_ddr_mc_phy/ddr_phy_4lanes_0.u_ddr_phy_4lanes/ddr_byte_lane_D.ddr_byte_lane_D/in_fifo_gen.in_fifo/D5[3]
                                                              8.571         
i_platform/i_system_ddr/u_xilinx_ddr3_ctrl_axi32/u_xilinx_ddr3_ctrl_axi32_mig/u_memc_ui_top_axi/mem_intfc0/ddr_phy_top0/u_ddr_mc_phy_wrapper/u_ddr_mc_phy/ddr_phy_4lanes_0.u_ddr_phy_4lanes/ddr_byte_lane_C.ddr_byte_lane_C/ddr_byte_group_io/input_[6].iserdes_dq_.iserdesdq/CLKDIVP
                               i_platform/i_system_ddr/u_xilinx_ddr3_ctrl_axi32/u_xilinx_ddr3_ctrl_axi32_mig/u_memc_ui_top_axi/mem_intfc0/ddr_phy_top0/u_ddr_mc_phy_wrapper/u_ddr_mc_phy/ddr_phy_4lanes_0.u_ddr_phy_4lanes/ddr_byte_lane_C.ddr_byte_lane_C/in_fifo_gen.in_fifo/D6[2]
                                                              8.572         
i_platform/i_system_ddr/u_xilinx_ddr3_ctrl_axi32/u_xilinx_ddr3_ctrl_axi32_mig/u_memc_ui_top_axi/mem_intfc0/ddr_phy_top0/u_ddr_mc_phy_wrapper/u_ddr_mc_phy/ddr_phy_4lanes_0.u_ddr_phy_4lanes/ddr_byte_lane_C.ddr_byte_lane_C/ddr_byte_group_io/input_[4].iserdes_dq_.iserdesdq/CLKDIVP
                               i_platform/i_system_ddr/u_xilinx_ddr3_ctrl_axi32/u_xilinx_ddr3_ctrl_axi32_mig/u_memc_ui_top_axi/mem_intfc0/ddr_phy_top0/u_ddr_mc_phy_wrapper/u_ddr_mc_phy/ddr_phy_4lanes_0.u_ddr_phy_4lanes/ddr_byte_lane_C.ddr_byte_lane_C/in_fifo_gen.in_fifo/D4[3]
                                                              8.574         
i_platform/i_system_ddr/u_xilinx_ddr3_ctrl_axi32/u_xilinx_ddr3_ctrl_axi32_mig/u_memc_ui_top_axi/mem_intfc0/ddr_phy_top0/u_ddr_mc_phy_wrapper/u_ddr_mc_phy/ddr_phy_4lanes_0.u_ddr_phy_4lanes/ddr_byte_lane_B.ddr_byte_lane_B/ddr_byte_group_io/input_[4].iserdes_dq_.iserdesdq/CLKDIVP
                               i_platform/i_system_ddr/u_xilinx_ddr3_ctrl_axi32/u_xilinx_ddr3_ctrl_axi32_mig/u_memc_ui_top_axi/mem_intfc0/ddr_phy_top0/u_ddr_mc_phy_wrapper/u_ddr_mc_phy/ddr_phy_4lanes_0.u_ddr_phy_4lanes/ddr_byte_lane_B.ddr_byte_lane_B/in_fifo_gen.in_fifo/D4[0]
                                                              8.575         
i_platform/i_system_ddr/u_xilinx_ddr3_ctrl_axi32/u_xilinx_ddr3_ctrl_axi32_mig/u_memc_ui_top_axi/mem_intfc0/ddr_phy_top0/u_ddr_mc_phy_wrapper/u_ddr_mc_phy/ddr_phy_4lanes_0.u_ddr_phy_4lanes/ddr_byte_lane_B.ddr_byte_lane_B/ddr_byte_group_io/input_[4].iserdes_dq_.iserdesdq/CLKDIVP
                               i_platform/i_system_ddr/u_xilinx_ddr3_ctrl_axi32/u_xilinx_ddr3_ctrl_axi32_mig/u_memc_ui_top_axi/mem_intfc0/ddr_phy_top0/u_ddr_mc_phy_wrapper/u_ddr_mc_phy/ddr_phy_4lanes_0.u_ddr_phy_4lanes/ddr_byte_lane_B.ddr_byte_lane_B/in_fifo_gen.in_fifo/D4[1]
                                                              8.575         
i_platform/i_system_ddr/u_xilinx_ddr3_ctrl_axi32/u_xilinx_ddr3_ctrl_axi32_mig/u_memc_ui_top_axi/mem_intfc0/ddr_phy_top0/u_ddr_mc_phy_wrapper/u_ddr_mc_phy/ddr_phy_4lanes_0.u_ddr_phy_4lanes/ddr_byte_lane_C.ddr_byte_lane_C/ddr_byte_group_io/input_[7].iserdes_dq_.iserdesdq/CLKDIVP
                               i_platform/i_system_ddr/u_xilinx_ddr3_ctrl_axi32/u_xilinx_ddr3_ctrl_axi32_mig/u_memc_ui_top_axi/mem_intfc0/ddr_phy_top0/u_ddr_mc_phy_wrapper/u_ddr_mc_phy/ddr_phy_4lanes_0.u_ddr_phy_4lanes/ddr_byte_lane_C.ddr_byte_lane_C/in_fifo_gen.in_fifo/D7[0]
                                                              8.575         
i_platform/i_system_ddr/u_xilinx_ddr3_ctrl_axi32/u_xilinx_ddr3_ctrl_axi32_mig/u_memc_ui_top_axi/mem_intfc0/ddr_phy_top0/u_ddr_mc_phy_wrapper/u_ddr_mc_phy/ddr_phy_4lanes_0.u_ddr_phy_4lanes/ddr_byte_lane_C.ddr_byte_lane_C/ddr_byte_group_io/input_[7].iserdes_dq_.iserdesdq/CLKDIVP
                               i_platform/i_system_ddr/u_xilinx_ddr3_ctrl_axi32/u_xilinx_ddr3_ctrl_axi32_mig/u_memc_ui_top_axi/mem_intfc0/ddr_phy_top0/u_ddr_mc_phy_wrapper/u_ddr_mc_phy/ddr_phy_4lanes_0.u_ddr_phy_4lanes/ddr_byte_lane_C.ddr_byte_lane_C/in_fifo_gen.in_fifo/D7[1]
                                                              8.575         
i_platform/i_system_ddr/u_xilinx_ddr3_ctrl_axi32/u_xilinx_ddr3_ctrl_axi32_mig/u_memc_ui_top_axi/mem_intfc0/ddr_phy_top0/u_ddr_mc_phy_wrapper/u_ddr_mc_phy/ddr_phy_4lanes_0.u_ddr_phy_4lanes/ddr_byte_lane_C.ddr_byte_lane_C/ddr_byte_group_io/input_[6].iserdes_dq_.iserdesdq/CLKDIVP
                               i_platform/i_system_ddr/u_xilinx_ddr3_ctrl_axi32/u_xilinx_ddr3_ctrl_axi32_mig/u_memc_ui_top_axi/mem_intfc0/ddr_phy_top0/u_ddr_mc_phy_wrapper/u_ddr_mc_phy/ddr_phy_4lanes_0.u_ddr_phy_4lanes/ddr_byte_lane_C.ddr_byte_lane_C/in_fifo_gen.in_fifo/D6[0]
                                                              8.576         
i_platform/i_system_ddr/u_xilinx_ddr3_ctrl_axi32/u_xilinx_ddr3_ctrl_axi32_mig/u_memc_ui_top_axi/mem_intfc0/ddr_phy_top0/u_ddr_mc_phy_wrapper/u_ddr_mc_phy/ddr_phy_4lanes_0.u_ddr_phy_4lanes/ddr_byte_lane_C.ddr_byte_lane_C/ddr_byte_group_io/input_[6].iserdes_dq_.iserdesdq/CLKDIVP
                               i_platform/i_system_ddr/u_xilinx_ddr3_ctrl_axi32/u_xilinx_ddr3_ctrl_axi32_mig/u_memc_ui_top_axi/mem_intfc0/ddr_phy_top0/u_ddr_mc_phy_wrapper/u_ddr_mc_phy/ddr_phy_4lanes_0.u_ddr_phy_4lanes/ddr_byte_lane_C.ddr_byte_lane_C/in_fifo_gen.in_fifo/D6[1]
                                                              8.576         
i_platform/i_system_ddr/u_xilinx_ddr3_ctrl_axi32/u_xilinx_ddr3_ctrl_axi32_mig/u_memc_ui_top_axi/mem_intfc0/ddr_phy_top0/u_ddr_mc_phy_wrapper/u_ddr_mc_phy/ddr_phy_4lanes_0.u_ddr_phy_4lanes/ddr_byte_lane_C.ddr_byte_lane_C/ddr_byte_group_io/input_[4].iserdes_dq_.iserdesdq/CLKDIVP
                               i_platform/i_system_ddr/u_xilinx_ddr3_ctrl_axi32/u_xilinx_ddr3_ctrl_axi32_mig/u_memc_ui_top_axi/mem_intfc0/ddr_phy_top0/u_ddr_mc_phy_wrapper/u_ddr_mc_phy/ddr_phy_4lanes_0.u_ddr_phy_4lanes/ddr_byte_lane_C.ddr_byte_lane_C/in_fifo_gen.in_fifo/D4[2]
                                                              8.576         
i_platform/i_system_ddr/u_xilinx_ddr3_ctrl_axi32/u_xilinx_ddr3_ctrl_axi32_mig/u_memc_ui_top_axi/mem_intfc0/ddr_phy_top0/u_ddr_mc_phy_wrapper/u_ddr_mc_phy/ddr_phy_4lanes_0.u_ddr_phy_4lanes/ddr_byte_lane_D.ddr_byte_lane_D/ddr_byte_group_io/input_[5].iserdes_dq_.iserdesdq/CLKDIVP
                               i_platform/i_system_ddr/u_xilinx_ddr3_ctrl_axi32/u_xilinx_ddr3_ctrl_axi32_mig/u_memc_ui_top_axi/mem_intfc0/ddr_phy_top0/u_ddr_mc_phy_wrapper/u_ddr_mc_phy/ddr_phy_4lanes_0.u_ddr_phy_4lanes/ddr_byte_lane_D.ddr_byte_lane_D/in_fifo_gen.in_fifo/D5[0]
                                                              8.577         
i_platform/i_system_ddr/u_xilinx_ddr3_ctrl_axi32/u_xilinx_ddr3_ctrl_axi32_mig/u_memc_ui_top_axi/mem_intfc0/ddr_phy_top0/u_ddr_mc_phy_wrapper/u_ddr_mc_phy/ddr_phy_4lanes_0.u_ddr_phy_4lanes/ddr_byte_lane_D.ddr_byte_lane_D/ddr_byte_group_io/input_[5].iserdes_dq_.iserdesdq/CLKDIVP
                               i_platform/i_system_ddr/u_xilinx_ddr3_ctrl_axi32/u_xilinx_ddr3_ctrl_axi32_mig/u_memc_ui_top_axi/mem_intfc0/ddr_phy_top0/u_ddr_mc_phy_wrapper/u_ddr_mc_phy/ddr_phy_4lanes_0.u_ddr_phy_4lanes/ddr_byte_lane_D.ddr_byte_lane_D/in_fifo_gen.in_fifo/D5[1]
                                                              8.577         
i_platform/i_system_ddr/u_xilinx_ddr3_ctrl_axi32/u_xilinx_ddr3_ctrl_axi32_mig/u_memc_ui_top_axi/mem_intfc0/ddr_phy_top0/u_ddr_mc_phy_wrapper/u_ddr_mc_phy/ddr_phy_4lanes_0.u_ddr_phy_4lanes/ddr_byte_lane_B.ddr_byte_lane_B/ddr_byte_group_io/input_[5].iserdes_dq_.iserdesdq/CLKDIVP
                               i_platform/i_system_ddr/u_xilinx_ddr3_ctrl_axi32/u_xilinx_ddr3_ctrl_axi32_mig/u_memc_ui_top_axi/mem_intfc0/ddr_phy_top0/u_ddr_mc_phy_wrapper/u_ddr_mc_phy/ddr_phy_4lanes_0.u_ddr_phy_4lanes/ddr_byte_lane_B.ddr_byte_lane_B/in_fifo_gen.in_fifo/D5[3]
                                                              8.579         
i_platform/i_system_ddr/u_xilinx_ddr3_ctrl_axi32/u_xilinx_ddr3_ctrl_axi32_mig/u_memc_ui_top_axi/mem_intfc0/ddr_phy_top0/u_ddr_mc_phy_wrapper/u_ddr_mc_phy/ddr_phy_4lanes_0.u_ddr_phy_4lanes/ddr_byte_lane_C.ddr_byte_lane_C/ddr_byte_group_io/input_[4].iserdes_dq_.iserdesdq/CLKDIVP
                               i_platform/i_system_ddr/u_xilinx_ddr3_ctrl_axi32/u_xilinx_ddr3_ctrl_axi32_mig/u_memc_ui_top_axi/mem_intfc0/ddr_phy_top0/u_ddr_mc_phy_wrapper/u_ddr_mc_phy/ddr_phy_4lanes_0.u_ddr_phy_4lanes/ddr_byte_lane_C.ddr_byte_lane_C/in_fifo_gen.in_fifo/D4[0]
                                                              8.580         
i_platform/i_system_ddr/u_xilinx_ddr3_ctrl_axi32/u_xilinx_ddr3_ctrl_axi32_mig/u_memc_ui_top_axi/mem_intfc0/ddr_phy_top0/u_ddr_mc_phy_wrapper/u_ddr_mc_phy/ddr_phy_4lanes_0.u_ddr_phy_4lanes/ddr_byte_lane_C.ddr_byte_lane_C/ddr_byte_group_io/input_[4].iserdes_dq_.iserdesdq/CLKDIVP
                               i_platform/i_system_ddr/u_xilinx_ddr3_ctrl_axi32/u_xilinx_ddr3_ctrl_axi32_mig/u_memc_ui_top_axi/mem_intfc0/ddr_phy_top0/u_ddr_mc_phy_wrapper/u_ddr_mc_phy/ddr_phy_4lanes_0.u_ddr_phy_4lanes/ddr_byte_lane_C.ddr_byte_lane_C/in_fifo_gen.in_fifo/D4[1]
                                                              8.580         
i_platform/i_system_ddr/u_xilinx_ddr3_ctrl_axi32/u_xilinx_ddr3_ctrl_axi32_mig/u_memc_ui_top_axi/mem_intfc0/ddr_phy_top0/u_ddr_mc_phy_wrapper/u_ddr_mc_phy/ddr_phy_4lanes_0.u_ddr_phy_4lanes/ddr_byte_lane_B.ddr_byte_lane_B/ddr_byte_group_io/input_[5].iserdes_dq_.iserdesdq/CLKDIVP
                               i_platform/i_system_ddr/u_xilinx_ddr3_ctrl_axi32/u_xilinx_ddr3_ctrl_axi32_mig/u_memc_ui_top_axi/mem_intfc0/ddr_phy_top0/u_ddr_mc_phy_wrapper/u_ddr_mc_phy/ddr_phy_4lanes_0.u_ddr_phy_4lanes/ddr_byte_lane_B.ddr_byte_lane_B/in_fifo_gen.in_fifo/D5[2]
                                                              8.581         
i_platform/i_system_ddr/u_xilinx_ddr3_ctrl_axi32/u_xilinx_ddr3_ctrl_axi32_mig/u_memc_ui_top_axi/mem_intfc0/ddr_phy_top0/u_ddr_mc_phy_wrapper/u_ddr_mc_phy/ddr_phy_4lanes_0.u_ddr_phy_4lanes/ddr_byte_lane_C.ddr_byte_lane_C/ddr_byte_group_io/input_[5].iserdes_dq_.iserdesdq/CLKDIVP
                               i_platform/i_system_ddr/u_xilinx_ddr3_ctrl_axi32/u_xilinx_ddr3_ctrl_axi32_mig/u_memc_ui_top_axi/mem_intfc0/ddr_phy_top0/u_ddr_mc_phy_wrapper/u_ddr_mc_phy/ddr_phy_4lanes_0.u_ddr_phy_4lanes/ddr_byte_lane_C.ddr_byte_lane_C/in_fifo_gen.in_fifo/D5[3]
                                                              8.584         
i_platform/i_system_ddr/u_xilinx_ddr3_ctrl_axi32/u_xilinx_ddr3_ctrl_axi32_mig/u_memc_ui_top_axi/mem_intfc0/ddr_phy_top0/u_ddr_mc_phy_wrapper/u_ddr_mc_phy/ddr_phy_4lanes_0.u_ddr_phy_4lanes/ddr_byte_lane_B.ddr_byte_lane_B/ddr_byte_group_io/input_[5].iserdes_dq_.iserdesdq/CLKDIVP
                               i_platform/i_system_ddr/u_xilinx_ddr3_ctrl_axi32/u_xilinx_ddr3_ctrl_axi32_mig/u_memc_ui_top_axi/mem_intfc0/ddr_phy_top0/u_ddr_mc_phy_wrapper/u_ddr_mc_phy/ddr_phy_4lanes_0.u_ddr_phy_4lanes/ddr_byte_lane_B.ddr_byte_lane_B/in_fifo_gen.in_fifo/D5[0]
                                                              8.585         
i_platform/i_system_ddr/u_xilinx_ddr3_ctrl_axi32/u_xilinx_ddr3_ctrl_axi32_mig/u_memc_ui_top_axi/mem_intfc0/ddr_phy_top0/u_ddr_mc_phy_wrapper/u_ddr_mc_phy/ddr_phy_4lanes_0.u_ddr_phy_4lanes/ddr_byte_lane_B.ddr_byte_lane_B/ddr_byte_group_io/input_[5].iserdes_dq_.iserdesdq/CLKDIVP
                               i_platform/i_system_ddr/u_xilinx_ddr3_ctrl_axi32/u_xilinx_ddr3_ctrl_axi32_mig/u_memc_ui_top_axi/mem_intfc0/ddr_phy_top0/u_ddr_mc_phy_wrapper/u_ddr_mc_phy/ddr_phy_4lanes_0.u_ddr_phy_4lanes/ddr_byte_lane_B.ddr_byte_lane_B/in_fifo_gen.in_fifo/D5[1]
                                                              8.585         
i_platform/i_system_ddr/u_xilinx_ddr3_ctrl_axi32/u_xilinx_ddr3_ctrl_axi32_mig/u_memc_ui_top_axi/mem_intfc0/ddr_phy_top0/u_ddr_mc_phy_wrapper/u_ddr_mc_phy/ddr_phy_4lanes_0.u_ddr_phy_4lanes/ddr_byte_lane_C.ddr_byte_lane_C/ddr_byte_group_io/input_[5].iserdes_dq_.iserdesdq/CLKDIVP
                               i_platform/i_system_ddr/u_xilinx_ddr3_ctrl_axi32/u_xilinx_ddr3_ctrl_axi32_mig/u_memc_ui_top_axi/mem_intfc0/ddr_phy_top0/u_ddr_mc_phy_wrapper/u_ddr_mc_phy/ddr_phy_4lanes_0.u_ddr_phy_4lanes/ddr_byte_lane_C.ddr_byte_lane_C/in_fifo_gen.in_fifo/D5[2]
                                                              8.586         
i_platform/i_system_ddr/u_xilinx_ddr3_ctrl_axi32/u_xilinx_ddr3_ctrl_axi32_mig/u_memc_ui_top_axi/mem_intfc0/ddr_phy_top0/u_ddr_mc_phy_wrapper/u_ddr_mc_phy/ddr_phy_4lanes_0.u_ddr_phy_4lanes/ddr_byte_lane_C.ddr_byte_lane_C/ddr_byte_group_io/input_[5].iserdes_dq_.iserdesdq/CLKDIVP
                               i_platform/i_system_ddr/u_xilinx_ddr3_ctrl_axi32/u_xilinx_ddr3_ctrl_axi32_mig/u_memc_ui_top_axi/mem_intfc0/ddr_phy_top0/u_ddr_mc_phy_wrapper/u_ddr_mc_phy/ddr_phy_4lanes_0.u_ddr_phy_4lanes/ddr_byte_lane_C.ddr_byte_lane_C/in_fifo_gen.in_fifo/D5[0]
                                                              8.590         
i_platform/i_system_ddr/u_xilinx_ddr3_ctrl_axi32/u_xilinx_ddr3_ctrl_axi32_mig/u_memc_ui_top_axi/mem_intfc0/ddr_phy_top0/u_ddr_mc_phy_wrapper/u_ddr_mc_phy/ddr_phy_4lanes_0.u_ddr_phy_4lanes/ddr_byte_lane_C.ddr_byte_lane_C/ddr_byte_group_io/input_[5].iserdes_dq_.iserdesdq/CLKDIVP
                               i_platform/i_system_ddr/u_xilinx_ddr3_ctrl_axi32/u_xilinx_ddr3_ctrl_axi32_mig/u_memc_ui_top_axi/mem_intfc0/ddr_phy_top0/u_ddr_mc_phy_wrapper/u_ddr_mc_phy/ddr_phy_4lanes_0.u_ddr_phy_4lanes/ddr_byte_lane_C.ddr_byte_lane_C/in_fifo_gen.in_fifo/D5[1]
                                                              8.590         
i_platform/i_system_ddr/u_xilinx_ddr3_ctrl_axi32/u_xilinx_ddr3_ctrl_axi32_mig/u_memc_ui_top_axi/mem_intfc0/ddr_phy_top0/u_ddr_mc_phy_wrapper/u_ddr_mc_phy/ddr_phy_4lanes_1.u_ddr_phy_4lanes/ddr_byte_lane_D.ddr_byte_lane_D/out_fifo/RDCLK
                               i_platform/i_system_ddr/u_xilinx_ddr3_ctrl_axi32/u_xilinx_ddr3_ctrl_axi32_mig/u_memc_ui_top_axi/mem_intfc0/ddr_phy_top0/u_ddr_mc_phy_wrapper/u_ddr_mc_phy/ddr_phy_4lanes_1.u_ddr_phy_4lanes/ddr_byte_lane_D.ddr_byte_lane_D/ddr_byte_group_io/output_[2].oserdes_dq_.sdr.oserdes_dq_i/D3
                                                              8.849         
i_platform/i_system_ddr/u_xilinx_ddr3_ctrl_axi32/u_xilinx_ddr3_ctrl_axi32_mig/u_memc_ui_top_axi/mem_intfc0/ddr_phy_top0/u_ddr_mc_phy_wrapper/u_ddr_mc_phy/ddr_phy_4lanes_1.u_ddr_phy_4lanes/ddr_byte_lane_D.ddr_byte_lane_D/out_fifo/RDCLK
                               i_platform/i_system_ddr/u_xilinx_ddr3_ctrl_axi32/u_xilinx_ddr3_ctrl_axi32_mig/u_memc_ui_top_axi/mem_intfc0/ddr_phy_top0/u_ddr_mc_phy_wrapper/u_ddr_mc_phy/ddr_phy_4lanes_1.u_ddr_phy_4lanes/ddr_byte_lane_D.ddr_byte_lane_D/ddr_byte_group_io/output_[9].oserdes_dq_.sdr.oserdes_dq_i/D3
                                                              8.849         
i_platform/i_system_ddr/u_xilinx_ddr3_ctrl_axi32/u_xilinx_ddr3_ctrl_axi32_mig/u_memc_ui_top_axi/mem_intfc0/ddr_phy_top0/u_ddr_mc_phy_wrapper/u_ddr_mc_phy/ddr_phy_4lanes_1.u_ddr_phy_4lanes/ddr_byte_lane_D.ddr_byte_lane_D/out_fifo/RDCLK
                               i_platform/i_system_ddr/u_xilinx_ddr3_ctrl_axi32/u_xilinx_ddr3_ctrl_axi32_mig/u_memc_ui_top_axi/mem_intfc0/ddr_phy_top0/u_ddr_mc_phy_wrapper/u_ddr_mc_phy/ddr_phy_4lanes_1.u_ddr_phy_4lanes/ddr_byte_lane_D.ddr_byte_lane_D/ddr_byte_group_io/output_[2].oserdes_dq_.sdr.oserdes_dq_i/D1
                                                              8.858         
i_platform/i_system_ddr/u_xilinx_ddr3_ctrl_axi32/u_xilinx_ddr3_ctrl_axi32_mig/u_memc_ui_top_axi/mem_intfc0/ddr_phy_top0/u_ddr_mc_phy_wrapper/u_ddr_mc_phy/ddr_phy_4lanes_1.u_ddr_phy_4lanes/ddr_byte_lane_D.ddr_byte_lane_D/out_fifo/RDCLK
                               i_platform/i_system_ddr/u_xilinx_ddr3_ctrl_axi32/u_xilinx_ddr3_ctrl_axi32_mig/u_memc_ui_top_axi/mem_intfc0/ddr_phy_top0/u_ddr_mc_phy_wrapper/u_ddr_mc_phy/ddr_phy_4lanes_1.u_ddr_phy_4lanes/ddr_byte_lane_D.ddr_byte_lane_D/ddr_byte_group_io/output_[2].oserdes_dq_.sdr.oserdes_dq_i/D4
                                                              8.897         
i_platform/i_system_ddr/u_xilinx_ddr3_ctrl_axi32/u_xilinx_ddr3_ctrl_axi32_mig/u_memc_ui_top_axi/mem_intfc0/ddr_phy_top0/u_ddr_mc_phy_wrapper/u_ddr_mc_phy/ddr_phy_4lanes_1.u_ddr_phy_4lanes/ddr_byte_lane_D.ddr_byte_lane_D/out_fifo/RDCLK
                               i_platform/i_system_ddr/u_xilinx_ddr3_ctrl_axi32/u_xilinx_ddr3_ctrl_axi32_mig/u_memc_ui_top_axi/mem_intfc0/ddr_phy_top0/u_ddr_mc_phy_wrapper/u_ddr_mc_phy/ddr_phy_4lanes_1.u_ddr_phy_4lanes/ddr_byte_lane_D.ddr_byte_lane_D/ddr_byte_group_io/output_[9].oserdes_dq_.sdr.oserdes_dq_i/D4
                                                              8.897         
i_platform/i_system_ddr/u_xilinx_ddr3_ctrl_axi32/u_xilinx_ddr3_ctrl_axi32_mig/u_memc_ui_top_axi/mem_intfc0/ddr_phy_top0/u_ddr_mc_phy_wrapper/u_ddr_mc_phy/ddr_phy_4lanes_1.u_ddr_phy_4lanes/ddr_byte_lane_D.ddr_byte_lane_D/out_fifo/RDCLK
                               i_platform/i_system_ddr/u_xilinx_ddr3_ctrl_axi32/u_xilinx_ddr3_ctrl_axi32_mig/u_memc_ui_top_axi/mem_intfc0/ddr_phy_top0/u_ddr_mc_phy_wrapper/u_ddr_mc_phy/ddr_phy_4lanes_1.u_ddr_phy_4lanes/ddr_byte_lane_D.ddr_byte_lane_D/ddr_byte_group_io/output_[2].oserdes_dq_.sdr.oserdes_dq_i/D2
                                                              8.899         
i_platform/i_system_ddr/u_xilinx_ddr3_ctrl_axi32/u_xilinx_ddr3_ctrl_axi32_mig/u_memc_ui_top_axi/mem_intfc0/ddr_phy_top0/u_ddr_mc_phy_wrapper/u_ddr_mc_phy/ddr_phy_4lanes_1.u_ddr_phy_4lanes/ddr_byte_lane_D.ddr_byte_lane_D/out_fifo/RDCLK
                               i_platform/i_system_ddr/u_xilinx_ddr3_ctrl_axi32/u_xilinx_ddr3_ctrl_axi32_mig/u_memc_ui_top_axi/mem_intfc0/ddr_phy_top0/u_ddr_mc_phy_wrapper/u_ddr_mc_phy/ddr_phy_4lanes_1.u_ddr_phy_4lanes/ddr_byte_lane_D.ddr_byte_lane_D/ddr_byte_group_io/output_[9].oserdes_dq_.sdr.oserdes_dq_i/D2
                                                              8.899         
i_platform/i_system_ddr/u_xilinx_ddr3_ctrl_axi32/u_xilinx_ddr3_ctrl_axi32_mig/u_memc_ui_top_axi/mem_intfc0/ddr_phy_top0/u_ddr_mc_phy_wrapper/u_ddr_mc_phy/ddr_phy_4lanes_1.u_ddr_phy_4lanes/ddr_byte_lane_C.ddr_byte_lane_C/out_fifo/RDCLK
                               i_platform/i_system_ddr/u_xilinx_ddr3_ctrl_axi32/u_xilinx_ddr3_ctrl_axi32_mig/u_memc_ui_top_axi/mem_intfc0/ddr_phy_top0/u_ddr_mc_phy_wrapper/u_ddr_mc_phy/ddr_phy_4lanes_1.u_ddr_phy_4lanes/ddr_byte_lane_C.ddr_byte_lane_C/ddr_byte_group_io/output_[7].oserdes_dq_.sdr.oserdes_dq_i/D1
                                                              8.996         
i_platform/i_system_ddr/u_xilinx_ddr3_ctrl_axi32/u_xilinx_ddr3_ctrl_axi32_mig/u_memc_ui_top_axi/mem_intfc0/ddr_phy_top0/u_ddr_mc_phy_wrapper/u_ddr_mc_phy/ddr_phy_4lanes_1.u_ddr_phy_4lanes/ddr_byte_lane_B.ddr_byte_lane_B/out_fifo/RDCLK
                               i_platform/i_system_ddr/u_xilinx_ddr3_ctrl_axi32/u_xilinx_ddr3_ctrl_axi32_mig/u_memc_ui_top_axi/mem_intfc0/ddr_phy_top0/u_ddr_mc_phy_wrapper/u_ddr_mc_phy/ddr_phy_4lanes_1.u_ddr_phy_4lanes/ddr_byte_lane_B.ddr_byte_lane_B/ddr_byte_group_io/output_[10].oserdes_dq_.sdr.oserdes_dq_i/D1
                                                              9.000         
i_platform/i_system_ddr/u_xilinx_ddr3_ctrl_axi32/u_xilinx_ddr3_ctrl_axi32_mig/u_memc_ui_top_axi/mem_intfc0/ddr_phy_top0/u_ddr_mc_phy_wrapper/u_ddr_mc_phy/ddr_phy_4lanes_1.u_ddr_phy_4lanes/ddr_byte_lane_B.ddr_byte_lane_B/out_fifo/RDCLK
                               i_platform/i_system_ddr/u_xilinx_ddr3_ctrl_axi32/u_xilinx_ddr3_ctrl_axi32_mig/u_memc_ui_top_axi/mem_intfc0/ddr_phy_top0/u_ddr_mc_phy_wrapper/u_ddr_mc_phy/ddr_phy_4lanes_1.u_ddr_phy_4lanes/ddr_byte_lane_B.ddr_byte_lane_B/ddr_byte_group_io/output_[11].oserdes_dq_.sdr.oserdes_dq_i/D1
                                                              9.000         
i_platform/i_system_ddr/u_xilinx_ddr3_ctrl_axi32/u_xilinx_ddr3_ctrl_axi32_mig/u_memc_ui_top_axi/mem_intfc0/ddr_phy_top0/u_ddr_mc_phy_wrapper/u_ddr_mc_phy/ddr_phy_4lanes_1.u_ddr_phy_4lanes/ddr_byte_lane_B.ddr_byte_lane_B/out_fifo/RDCLK
                               i_platform/i_system_ddr/u_xilinx_ddr3_ctrl_axi32/u_xilinx_ddr3_ctrl_axi32_mig/u_memc_ui_top_axi/mem_intfc0/ddr_phy_top0/u_ddr_mc_phy_wrapper/u_ddr_mc_phy/ddr_phy_4lanes_1.u_ddr_phy_4lanes/ddr_byte_lane_B.ddr_byte_lane_B/ddr_byte_group_io/output_[4].oserdes_dq_.sdr.oserdes_dq_i/D1
                                                              9.001         
i_platform/i_system_ddr/u_xilinx_ddr3_ctrl_axi32/u_xilinx_ddr3_ctrl_axi32_mig/u_memc_ui_top_axi/mem_intfc0/ddr_phy_top0/u_ddr_mc_phy_wrapper/u_ddr_mc_phy/ddr_phy_4lanes_1.u_ddr_phy_4lanes/ddr_byte_lane_B.ddr_byte_lane_B/out_fifo/RDCLK
                               i_platform/i_system_ddr/u_xilinx_ddr3_ctrl_axi32/u_xilinx_ddr3_ctrl_axi32_mig/u_memc_ui_top_axi/mem_intfc0/ddr_phy_top0/u_ddr_mc_phy_wrapper/u_ddr_mc_phy/ddr_phy_4lanes_1.u_ddr_phy_4lanes/ddr_byte_lane_B.ddr_byte_lane_B/ddr_byte_group_io/output_[10].oserdes_dq_.sdr.oserdes_dq_i/D2
                                                              9.003         
i_platform/i_system_ddr/u_xilinx_ddr3_ctrl_axi32/u_xilinx_ddr3_ctrl_axi32_mig/u_memc_ui_top_axi/mem_intfc0/ddr_phy_top0/u_ddr_mc_phy_wrapper/u_ddr_mc_phy/ddr_phy_4lanes_1.u_ddr_phy_4lanes/ddr_byte_lane_B.ddr_byte_lane_B/out_fifo/RDCLK
                               i_platform/i_system_ddr/u_xilinx_ddr3_ctrl_axi32/u_xilinx_ddr3_ctrl_axi32_mig/u_memc_ui_top_axi/mem_intfc0/ddr_phy_top0/u_ddr_mc_phy_wrapper/u_ddr_mc_phy/ddr_phy_4lanes_1.u_ddr_phy_4lanes/ddr_byte_lane_B.ddr_byte_lane_B/ddr_byte_group_io/output_[10].oserdes_dq_.sdr.oserdes_dq_i/D4
                                                              9.003         
i_platform/i_system_ddr/u_xilinx_ddr3_ctrl_axi32/u_xilinx_ddr3_ctrl_axi32_mig/u_memc_ui_top_axi/mem_intfc0/ddr_phy_top0/u_ddr_mc_phy_wrapper/u_ddr_mc_phy/ddr_phy_4lanes_1.u_ddr_phy_4lanes/ddr_byte_lane_B.ddr_byte_lane_B/out_fifo/RDCLK
                               i_platform/i_system_ddr/u_xilinx_ddr3_ctrl_axi32/u_xilinx_ddr3_ctrl_axi32_mig/u_memc_ui_top_axi/mem_intfc0/ddr_phy_top0/u_ddr_mc_phy_wrapper/u_ddr_mc_phy/ddr_phy_4lanes_1.u_ddr_phy_4lanes/ddr_byte_lane_B.ddr_byte_lane_B/ddr_byte_group_io/output_[11].oserdes_dq_.sdr.oserdes_dq_i/D2
                                                              9.003         
i_platform/i_system_ddr/u_xilinx_ddr3_ctrl_axi32/u_xilinx_ddr3_ctrl_axi32_mig/u_memc_ui_top_axi/mem_intfc0/ddr_phy_top0/u_ddr_mc_phy_wrapper/u_ddr_mc_phy/ddr_phy_4lanes_1.u_ddr_phy_4lanes/ddr_byte_lane_B.ddr_byte_lane_B/out_fifo/RDCLK
                               i_platform/i_system_ddr/u_xilinx_ddr3_ctrl_axi32/u_xilinx_ddr3_ctrl_axi32_mig/u_memc_ui_top_axi/mem_intfc0/ddr_phy_top0/u_ddr_mc_phy_wrapper/u_ddr_mc_phy/ddr_phy_4lanes_1.u_ddr_phy_4lanes/ddr_byte_lane_B.ddr_byte_lane_B/ddr_byte_group_io/output_[11].oserdes_dq_.sdr.oserdes_dq_i/D4
                                                              9.003         
i_platform/i_system_ddr/u_xilinx_ddr3_ctrl_axi32/u_xilinx_ddr3_ctrl_axi32_mig/u_memc_ui_top_axi/mem_intfc0/ddr_phy_top0/u_ddr_mc_phy_wrapper/u_ddr_mc_phy/ddr_phy_4lanes_1.u_ddr_phy_4lanes/ddr_byte_lane_B.ddr_byte_lane_B/out_fifo/RDCLK
                               i_platform/i_system_ddr/u_xilinx_ddr3_ctrl_axi32/u_xilinx_ddr3_ctrl_axi32_mig/u_memc_ui_top_axi/mem_intfc0/ddr_phy_top0/u_ddr_mc_phy_wrapper/u_ddr_mc_phy/ddr_phy_4lanes_1.u_ddr_phy_4lanes/ddr_byte_lane_B.ddr_byte_lane_B/ddr_byte_group_io/output_[10].oserdes_dq_.sdr.oserdes_dq_i/D3
                                                              9.004         
i_platform/i_system_ddr/u_xilinx_ddr3_ctrl_axi32/u_xilinx_ddr3_ctrl_axi32_mig/u_memc_ui_top_axi/mem_intfc0/ddr_phy_top0/u_ddr_mc_phy_wrapper/u_ddr_mc_phy/ddr_phy_4lanes_1.u_ddr_phy_4lanes/ddr_byte_lane_B.ddr_byte_lane_B/out_fifo/RDCLK
                               i_platform/i_system_ddr/u_xilinx_ddr3_ctrl_axi32/u_xilinx_ddr3_ctrl_axi32_mig/u_memc_ui_top_axi/mem_intfc0/ddr_phy_top0/u_ddr_mc_phy_wrapper/u_ddr_mc_phy/ddr_phy_4lanes_1.u_ddr_phy_4lanes/ddr_byte_lane_B.ddr_byte_lane_B/ddr_byte_group_io/output_[11].oserdes_dq_.sdr.oserdes_dq_i/D3
                                                              9.004         
i_platform/i_system_ddr/u_xilinx_ddr3_ctrl_axi32/u_xilinx_ddr3_ctrl_axi32_mig/u_memc_ui_top_axi/mem_intfc0/ddr_phy_top0/u_ddr_mc_phy_wrapper/u_ddr_mc_phy/ddr_phy_4lanes_1.u_ddr_phy_4lanes/ddr_byte_lane_B.ddr_byte_lane_B/out_fifo/RDCLK
                               i_platform/i_system_ddr/u_xilinx_ddr3_ctrl_axi32/u_xilinx_ddr3_ctrl_axi32_mig/u_memc_ui_top_axi/mem_intfc0/ddr_phy_top0/u_ddr_mc_phy_wrapper/u_ddr_mc_phy/ddr_phy_4lanes_1.u_ddr_phy_4lanes/ddr_byte_lane_B.ddr_byte_lane_B/ddr_byte_group_io/output_[4].oserdes_dq_.sdr.oserdes_dq_i/D2
                                                              9.004         
i_platform/i_system_ddr/u_xilinx_ddr3_ctrl_axi32/u_xilinx_ddr3_ctrl_axi32_mig/u_memc_ui_top_axi/mem_intfc0/ddr_phy_top0/u_ddr_mc_phy_wrapper/u_ddr_mc_phy/ddr_phy_4lanes_1.u_ddr_phy_4lanes/ddr_byte_lane_B.ddr_byte_lane_B/out_fifo/RDCLK
                               i_platform/i_system_ddr/u_xilinx_ddr3_ctrl_axi32/u_xilinx_ddr3_ctrl_axi32_mig/u_memc_ui_top_axi/mem_intfc0/ddr_phy_top0/u_ddr_mc_phy_wrapper/u_ddr_mc_phy/ddr_phy_4lanes_1.u_ddr_phy_4lanes/ddr_byte_lane_B.ddr_byte_lane_B/ddr_byte_group_io/output_[4].oserdes_dq_.sdr.oserdes_dq_i/D4
                                                              9.004         
i_platform/i_system_ddr/u_xilinx_ddr3_ctrl_axi32/u_xilinx_ddr3_ctrl_axi32_mig/u_memc_ui_top_axi/mem_intfc0/ddr_phy_top0/u_ddr_mc_phy_wrapper/u_ddr_mc_phy/ddr_phy_4lanes_1.u_ddr_phy_4lanes/ddr_byte_lane_C.ddr_byte_lane_C/out_fifo/RDCLK
                               i_platform/i_system_ddr/u_xilinx_ddr3_ctrl_axi32/u_xilinx_ddr3_ctrl_axi32_mig/u_memc_ui_top_axi/mem_intfc0/ddr_phy_top0/u_ddr_mc_phy_wrapper/u_ddr_mc_phy/ddr_phy_4lanes_1.u_ddr_phy_4lanes/ddr_byte_lane_C.ddr_byte_lane_C/ddr_byte_group_io/output_[10].oserdes_dq_.sdr.oserdes_dq_i/D1
                                                              9.005         
i_platform/i_system_ddr/u_xilinx_ddr3_ctrl_axi32/u_xilinx_ddr3_ctrl_axi32_mig/u_memc_ui_top_axi/mem_intfc0/ddr_phy_top0/u_ddr_mc_phy_wrapper/u_ddr_mc_phy/ddr_phy_4lanes_1.u_ddr_phy_4lanes/ddr_byte_lane_C.ddr_byte_lane_C/out_fifo/RDCLK
                               i_platform/i_system_ddr/u_xilinx_ddr3_ctrl_axi32/u_xilinx_ddr3_ctrl_axi32_mig/u_memc_ui_top_axi/mem_intfc0/ddr_phy_top0/u_ddr_mc_phy_wrapper/u_ddr_mc_phy/ddr_phy_4lanes_1.u_ddr_phy_4lanes/ddr_byte_lane_C.ddr_byte_lane_C/ddr_byte_group_io/output_[11].oserdes_dq_.sdr.oserdes_dq_i/D1
                                                              9.005         
i_platform/i_system_ddr/u_xilinx_ddr3_ctrl_axi32/u_xilinx_ddr3_ctrl_axi32_mig/u_memc_ui_top_axi/mem_intfc0/ddr_phy_top0/u_ddr_mc_phy_wrapper/u_ddr_mc_phy/ddr_phy_4lanes_1.u_ddr_phy_4lanes/ddr_byte_lane_C.ddr_byte_lane_C/out_fifo/RDCLK
                               i_platform/i_system_ddr/u_xilinx_ddr3_ctrl_axi32/u_xilinx_ddr3_ctrl_axi32_mig/u_memc_ui_top_axi/mem_intfc0/ddr_phy_top0/u_ddr_mc_phy_wrapper/u_ddr_mc_phy/ddr_phy_4lanes_1.u_ddr_phy_4lanes/ddr_byte_lane_C.ddr_byte_lane_C/ddr_byte_group_io/output_[6].oserdes_dq_.sdr.oserdes_dq_i/D1
                                                              9.005         
i_platform/i_system_ddr/u_xilinx_ddr3_ctrl_axi32/u_xilinx_ddr3_ctrl_axi32_mig/u_memc_ui_top_axi/mem_intfc0/ddr_phy_top0/u_ddr_mc_phy_wrapper/u_ddr_mc_phy/ddr_phy_4lanes_1.u_ddr_phy_4lanes/ddr_byte_lane_B.ddr_byte_lane_B/out_fifo/RDCLK
                               i_platform/i_system_ddr/u_xilinx_ddr3_ctrl_axi32/u_xilinx_ddr3_ctrl_axi32_mig/u_memc_ui_top_axi/mem_intfc0/ddr_phy_top0/u_ddr_mc_phy_wrapper/u_ddr_mc_phy/ddr_phy_4lanes_1.u_ddr_phy_4lanes/ddr_byte_lane_B.ddr_byte_lane_B/ddr_byte_group_io/output_[4].oserdes_dq_.sdr.oserdes_dq_i/D3
                                                              9.005         
i_platform/i_system_ddr/u_xilinx_ddr3_ctrl_axi32/u_xilinx_ddr3_ctrl_axi32_mig/u_memc_ui_top_axi/mem_intfc0/ddr_phy_top0/u_ddr_mc_phy_wrapper/u_ddr_mc_phy/ddr_phy_4lanes_1.u_ddr_phy_4lanes/ddr_byte_lane_C.ddr_byte_lane_C/out_fifo/RDCLK
                               i_platform/i_system_ddr/u_xilinx_ddr3_ctrl_axi32/u_xilinx_ddr3_ctrl_axi32_mig/u_memc_ui_top_axi/mem_intfc0/ddr_phy_top0/u_ddr_mc_phy_wrapper/u_ddr_mc_phy/ddr_phy_4lanes_1.u_ddr_phy_4lanes/ddr_byte_lane_C.ddr_byte_lane_C/ddr_byte_group_io/output_[4].oserdes_dq_.sdr.oserdes_dq_i/D1
                                                              9.006         
i_platform/i_system_ddr/u_xilinx_ddr3_ctrl_axi32/u_xilinx_ddr3_ctrl_axi32_mig/u_memc_ui_top_axi/mem_intfc0/ddr_phy_top0/u_ddr_mc_phy_wrapper/u_ddr_mc_phy/ddr_phy_4lanes_1.u_ddr_phy_4lanes/ddr_byte_lane_C.ddr_byte_lane_C/out_fifo/RDCLK
                               i_platform/i_system_ddr/u_xilinx_ddr3_ctrl_axi32/u_xilinx_ddr3_ctrl_axi32_mig/u_memc_ui_top_axi/mem_intfc0/ddr_phy_top0/u_ddr_mc_phy_wrapper/u_ddr_mc_phy/ddr_phy_4lanes_1.u_ddr_phy_4lanes/ddr_byte_lane_C.ddr_byte_lane_C/ddr_byte_group_io/output_[5].oserdes_dq_.sdr.oserdes_dq_i/D1
                                                              9.006         
i_platform/i_system_ddr/u_xilinx_ddr3_ctrl_axi32/u_xilinx_ddr3_ctrl_axi32_mig/u_memc_ui_top_axi/mem_intfc0/ddr_phy_top0/u_ddr_mc_phy_wrapper/u_ddr_mc_phy/ddr_phy_4lanes_1.u_ddr_phy_4lanes/ddr_byte_lane_C.ddr_byte_lane_C/out_fifo/RDCLK
                               i_platform/i_system_ddr/u_xilinx_ddr3_ctrl_axi32/u_xilinx_ddr3_ctrl_axi32_mig/u_memc_ui_top_axi/mem_intfc0/ddr_phy_top0/u_ddr_mc_phy_wrapper/u_ddr_mc_phy/ddr_phy_4lanes_1.u_ddr_phy_4lanes/ddr_byte_lane_C.ddr_byte_lane_C/ddr_byte_group_io/output_[2].oserdes_dq_.sdr.oserdes_dq_i/D1
                                                              9.007         
i_platform/i_system_ddr/u_xilinx_ddr3_ctrl_axi32/u_xilinx_ddr3_ctrl_axi32_mig/u_memc_ui_top_axi/mem_intfc0/ddr_phy_top0/u_ddr_mc_phy_wrapper/u_ddr_mc_phy/ddr_phy_4lanes_1.u_ddr_phy_4lanes/ddr_byte_lane_C.ddr_byte_lane_C/out_fifo/RDCLK
                               i_platform/i_system_ddr/u_xilinx_ddr3_ctrl_axi32/u_xilinx_ddr3_ctrl_axi32_mig/u_memc_ui_top_axi/mem_intfc0/ddr_phy_top0/u_ddr_mc_phy_wrapper/u_ddr_mc_phy/ddr_phy_4lanes_1.u_ddr_phy_4lanes/ddr_byte_lane_C.ddr_byte_lane_C/ddr_byte_group_io/output_[3].oserdes_dq_.sdr.oserdes_dq_i/D1
                                                              9.007         
i_platform/i_system_ddr/u_xilinx_ddr3_ctrl_axi32/u_xilinx_ddr3_ctrl_axi32_mig/u_memc_ui_top_axi/mem_intfc0/ddr_phy_top0/u_ddr_mc_phy_wrapper/u_ddr_mc_phy/ddr_phy_4lanes_1.u_ddr_phy_4lanes/ddr_byte_lane_C.ddr_byte_lane_C/out_fifo/RDCLK
                               i_platform/i_system_ddr/u_xilinx_ddr3_ctrl_axi32/u_xilinx_ddr3_ctrl_axi32_mig/u_memc_ui_top_axi/mem_intfc0/ddr_phy_top0/u_ddr_mc_phy_wrapper/u_ddr_mc_phy/ddr_phy_4lanes_1.u_ddr_phy_4lanes/ddr_byte_lane_C.ddr_byte_lane_C/ddr_byte_group_io/output_[8].oserdes_dq_.sdr.oserdes_dq_i/D1
                                                              9.007         
i_platform/i_system_ddr/u_xilinx_ddr3_ctrl_axi32/u_xilinx_ddr3_ctrl_axi32_mig/u_memc_ui_top_axi/mem_intfc0/ddr_phy_top0/u_ddr_mc_phy_wrapper/u_ddr_mc_phy/ddr_phy_4lanes_1.u_ddr_phy_4lanes/ddr_byte_lane_C.ddr_byte_lane_C/out_fifo/RDCLK
                               i_platform/i_system_ddr/u_xilinx_ddr3_ctrl_axi32/u_xilinx_ddr3_ctrl_axi32_mig/u_memc_ui_top_axi/mem_intfc0/ddr_phy_top0/u_ddr_mc_phy_wrapper/u_ddr_mc_phy/ddr_phy_4lanes_1.u_ddr_phy_4lanes/ddr_byte_lane_C.ddr_byte_lane_C/ddr_byte_group_io/output_[9].oserdes_dq_.sdr.oserdes_dq_i/D1
                                                              9.007         
i_platform/i_system_ddr/u_xilinx_ddr3_ctrl_axi32/u_xilinx_ddr3_ctrl_axi32_mig/u_memc_ui_top_axi/mem_intfc0/ddr_phy_top0/u_ddr_mc_phy_wrapper/u_ddr_mc_phy/ddr_phy_4lanes_1.u_ddr_phy_4lanes/ddr_byte_lane_C.ddr_byte_lane_C/out_fifo/RDCLK
                               i_platform/i_system_ddr/u_xilinx_ddr3_ctrl_axi32/u_xilinx_ddr3_ctrl_axi32_mig/u_memc_ui_top_axi/mem_intfc0/ddr_phy_top0/u_ddr_mc_phy_wrapper/u_ddr_mc_phy/ddr_phy_4lanes_1.u_ddr_phy_4lanes/ddr_byte_lane_C.ddr_byte_lane_C/ddr_byte_group_io/output_[10].oserdes_dq_.sdr.oserdes_dq_i/D2
                                                              9.008         
i_platform/i_system_ddr/u_xilinx_ddr3_ctrl_axi32/u_xilinx_ddr3_ctrl_axi32_mig/u_memc_ui_top_axi/mem_intfc0/ddr_phy_top0/u_ddr_mc_phy_wrapper/u_ddr_mc_phy/ddr_phy_4lanes_1.u_ddr_phy_4lanes/ddr_byte_lane_C.ddr_byte_lane_C/out_fifo/RDCLK
                               i_platform/i_system_ddr/u_xilinx_ddr3_ctrl_axi32/u_xilinx_ddr3_ctrl_axi32_mig/u_memc_ui_top_axi/mem_intfc0/ddr_phy_top0/u_ddr_mc_phy_wrapper/u_ddr_mc_phy/ddr_phy_4lanes_1.u_ddr_phy_4lanes/ddr_byte_lane_C.ddr_byte_lane_C/ddr_byte_group_io/output_[10].oserdes_dq_.sdr.oserdes_dq_i/D4
                                                              9.008         
i_platform/i_system_ddr/u_xilinx_ddr3_ctrl_axi32/u_xilinx_ddr3_ctrl_axi32_mig/u_memc_ui_top_axi/mem_intfc0/ddr_phy_top0/u_ddr_mc_phy_wrapper/u_ddr_mc_phy/ddr_phy_4lanes_1.u_ddr_phy_4lanes/ddr_byte_lane_C.ddr_byte_lane_C/out_fifo/RDCLK
                               i_platform/i_system_ddr/u_xilinx_ddr3_ctrl_axi32/u_xilinx_ddr3_ctrl_axi32_mig/u_memc_ui_top_axi/mem_intfc0/ddr_phy_top0/u_ddr_mc_phy_wrapper/u_ddr_mc_phy/ddr_phy_4lanes_1.u_ddr_phy_4lanes/ddr_byte_lane_C.ddr_byte_lane_C/ddr_byte_group_io/output_[11].oserdes_dq_.sdr.oserdes_dq_i/D2
                                                              9.008         
i_platform/i_system_ddr/u_xilinx_ddr3_ctrl_axi32/u_xilinx_ddr3_ctrl_axi32_mig/u_memc_ui_top_axi/mem_intfc0/ddr_phy_top0/u_ddr_mc_phy_wrapper/u_ddr_mc_phy/ddr_phy_4lanes_1.u_ddr_phy_4lanes/ddr_byte_lane_C.ddr_byte_lane_C/out_fifo/RDCLK
                               i_platform/i_system_ddr/u_xilinx_ddr3_ctrl_axi32/u_xilinx_ddr3_ctrl_axi32_mig/u_memc_ui_top_axi/mem_intfc0/ddr_phy_top0/u_ddr_mc_phy_wrapper/u_ddr_mc_phy/ddr_phy_4lanes_1.u_ddr_phy_4lanes/ddr_byte_lane_C.ddr_byte_lane_C/ddr_byte_group_io/output_[11].oserdes_dq_.sdr.oserdes_dq_i/D4
                                                              9.008         
i_platform/i_system_ddr/u_xilinx_ddr3_ctrl_axi32/u_xilinx_ddr3_ctrl_axi32_mig/u_memc_ui_top_axi/mem_intfc0/ddr_phy_top0/u_ddr_mc_phy_wrapper/u_ddr_mc_phy/ddr_phy_4lanes_1.u_ddr_phy_4lanes/ddr_byte_lane_C.ddr_byte_lane_C/out_fifo/RDCLK
                               i_platform/i_system_ddr/u_xilinx_ddr3_ctrl_axi32/u_xilinx_ddr3_ctrl_axi32_mig/u_memc_ui_top_axi/mem_intfc0/ddr_phy_top0/u_ddr_mc_phy_wrapper/u_ddr_mc_phy/ddr_phy_4lanes_1.u_ddr_phy_4lanes/ddr_byte_lane_C.ddr_byte_lane_C/ddr_byte_group_io/output_[6].oserdes_dq_.sdr.oserdes_dq_i/D2
                                                              9.008         
i_platform/i_system_ddr/u_xilinx_ddr3_ctrl_axi32/u_xilinx_ddr3_ctrl_axi32_mig/u_memc_ui_top_axi/mem_intfc0/ddr_phy_top0/u_ddr_mc_phy_wrapper/u_ddr_mc_phy/ddr_phy_4lanes_1.u_ddr_phy_4lanes/ddr_byte_lane_C.ddr_byte_lane_C/out_fifo/RDCLK
                               i_platform/i_system_ddr/u_xilinx_ddr3_ctrl_axi32/u_xilinx_ddr3_ctrl_axi32_mig/u_memc_ui_top_axi/mem_intfc0/ddr_phy_top0/u_ddr_mc_phy_wrapper/u_ddr_mc_phy/ddr_phy_4lanes_1.u_ddr_phy_4lanes/ddr_byte_lane_C.ddr_byte_lane_C/ddr_byte_group_io/output_[6].oserdes_dq_.sdr.oserdes_dq_i/D4
                                                              9.008         
i_platform/i_system_ddr/u_xilinx_ddr3_ctrl_axi32/u_xilinx_ddr3_ctrl_axi32_mig/u_memc_ui_top_axi/mem_intfc0/ddr_phy_top0/u_ddr_mc_phy_wrapper/u_ddr_mc_phy/ddr_phy_4lanes_1.u_ddr_phy_4lanes/ddr_byte_lane_C.ddr_byte_lane_C/out_fifo/RDCLK
                               i_platform/i_system_ddr/u_xilinx_ddr3_ctrl_axi32/u_xilinx_ddr3_ctrl_axi32_mig/u_memc_ui_top_axi/mem_intfc0/ddr_phy_top0/u_ddr_mc_phy_wrapper/u_ddr_mc_phy/ddr_phy_4lanes_1.u_ddr_phy_4lanes/ddr_byte_lane_C.ddr_byte_lane_C/ddr_byte_group_io/output_[4].oserdes_dq_.sdr.oserdes_dq_i/D2
                                                              9.009         
i_platform/i_system_ddr/u_xilinx_ddr3_ctrl_axi32/u_xilinx_ddr3_ctrl_axi32_mig/u_memc_ui_top_axi/mem_intfc0/ddr_phy_top0/u_ddr_mc_phy_wrapper/u_ddr_mc_phy/ddr_phy_4lanes_1.u_ddr_phy_4lanes/ddr_byte_lane_C.ddr_byte_lane_C/out_fifo/RDCLK
                               i_platform/i_system_ddr/u_xilinx_ddr3_ctrl_axi32/u_xilinx_ddr3_ctrl_axi32_mig/u_memc_ui_top_axi/mem_intfc0/ddr_phy_top0/u_ddr_mc_phy_wrapper/u_ddr_mc_phy/ddr_phy_4lanes_1.u_ddr_phy_4lanes/ddr_byte_lane_C.ddr_byte_lane_C/ddr_byte_group_io/output_[4].oserdes_dq_.sdr.oserdes_dq_i/D4
                                                              9.009         
i_platform/i_system_ddr/u_xilinx_ddr3_ctrl_axi32/u_xilinx_ddr3_ctrl_axi32_mig/u_memc_ui_top_axi/mem_intfc0/ddr_phy_top0/u_ddr_mc_phy_wrapper/u_ddr_mc_phy/ddr_phy_4lanes_1.u_ddr_phy_4lanes/ddr_byte_lane_C.ddr_byte_lane_C/out_fifo/RDCLK
                               i_platform/i_system_ddr/u_xilinx_ddr3_ctrl_axi32/u_xilinx_ddr3_ctrl_axi32_mig/u_memc_ui_top_axi/mem_intfc0/ddr_phy_top0/u_ddr_mc_phy_wrapper/u_ddr_mc_phy/ddr_phy_4lanes_1.u_ddr_phy_4lanes/ddr_byte_lane_C.ddr_byte_lane_C/ddr_byte_group_io/output_[5].oserdes_dq_.sdr.oserdes_dq_i/D2
                                                              9.009         
i_platform/i_system_ddr/u_xilinx_ddr3_ctrl_axi32/u_xilinx_ddr3_ctrl_axi32_mig/u_memc_ui_top_axi/mem_intfc0/ddr_phy_top0/u_ddr_mc_phy_wrapper/u_ddr_mc_phy/ddr_phy_4lanes_1.u_ddr_phy_4lanes/ddr_byte_lane_C.ddr_byte_lane_C/out_fifo/RDCLK
                               i_platform/i_system_ddr/u_xilinx_ddr3_ctrl_axi32/u_xilinx_ddr3_ctrl_axi32_mig/u_memc_ui_top_axi/mem_intfc0/ddr_phy_top0/u_ddr_mc_phy_wrapper/u_ddr_mc_phy/ddr_phy_4lanes_1.u_ddr_phy_4lanes/ddr_byte_lane_C.ddr_byte_lane_C/ddr_byte_group_io/output_[5].oserdes_dq_.sdr.oserdes_dq_i/D4
                                                              9.009         
i_platform/i_system_ddr/u_xilinx_ddr3_ctrl_axi32/u_xilinx_ddr3_ctrl_axi32_mig/u_memc_ui_top_axi/mem_intfc0/ddr_phy_top0/u_ddr_mc_phy_wrapper/u_ddr_mc_phy/ddr_phy_4lanes_1.u_ddr_phy_4lanes/ddr_byte_lane_C.ddr_byte_lane_C/out_fifo/RDCLK
                               i_platform/i_system_ddr/u_xilinx_ddr3_ctrl_axi32/u_xilinx_ddr3_ctrl_axi32_mig/u_memc_ui_top_axi/mem_intfc0/ddr_phy_top0/u_ddr_mc_phy_wrapper/u_ddr_mc_phy/ddr_phy_4lanes_1.u_ddr_phy_4lanes/ddr_byte_lane_C.ddr_byte_lane_C/ddr_byte_group_io/output_[10].oserdes_dq_.sdr.oserdes_dq_i/D3
                                                              9.009         
i_platform/i_system_ddr/u_xilinx_ddr3_ctrl_axi32/u_xilinx_ddr3_ctrl_axi32_mig/u_memc_ui_top_axi/mem_intfc0/ddr_phy_top0/u_ddr_mc_phy_wrapper/u_ddr_mc_phy/ddr_phy_4lanes_1.u_ddr_phy_4lanes/ddr_byte_lane_C.ddr_byte_lane_C/out_fifo/RDCLK
                               i_platform/i_system_ddr/u_xilinx_ddr3_ctrl_axi32/u_xilinx_ddr3_ctrl_axi32_mig/u_memc_ui_top_axi/mem_intfc0/ddr_phy_top0/u_ddr_mc_phy_wrapper/u_ddr_mc_phy/ddr_phy_4lanes_1.u_ddr_phy_4lanes/ddr_byte_lane_C.ddr_byte_lane_C/ddr_byte_group_io/output_[11].oserdes_dq_.sdr.oserdes_dq_i/D3
                                                              9.009         
i_platform/i_system_ddr/u_xilinx_ddr3_ctrl_axi32/u_xilinx_ddr3_ctrl_axi32_mig/u_memc_ui_top_axi/mem_intfc0/ddr_phy_top0/u_ddr_mc_phy_wrapper/u_ddr_mc_phy/ddr_phy_4lanes_1.u_ddr_phy_4lanes/ddr_byte_lane_C.ddr_byte_lane_C/out_fifo/RDCLK
                               i_platform/i_system_ddr/u_xilinx_ddr3_ctrl_axi32/u_xilinx_ddr3_ctrl_axi32_mig/u_memc_ui_top_axi/mem_intfc0/ddr_phy_top0/u_ddr_mc_phy_wrapper/u_ddr_mc_phy/ddr_phy_4lanes_1.u_ddr_phy_4lanes/ddr_byte_lane_C.ddr_byte_lane_C/ddr_byte_group_io/output_[6].oserdes_dq_.sdr.oserdes_dq_i/D3
                                                              9.009         
i_platform/i_system_ddr/u_xilinx_ddr3_ctrl_axi32/u_xilinx_ddr3_ctrl_axi32_mig/u_memc_ui_top_axi/mem_intfc0/ddr_phy_top0/u_ddr_mc_phy_wrapper/u_ddr_mc_phy/ddr_phy_4lanes_1.u_ddr_phy_4lanes/ddr_byte_lane_D.ddr_byte_lane_D/out_fifo/RDCLK
                               i_platform/i_system_ddr/u_xilinx_ddr3_ctrl_axi32/u_xilinx_ddr3_ctrl_axi32_mig/u_memc_ui_top_axi/mem_intfc0/ddr_phy_top0/u_ddr_mc_phy_wrapper/u_ddr_mc_phy/ddr_phy_4lanes_1.u_ddr_phy_4lanes/ddr_byte_lane_D.ddr_byte_lane_D/ddr_byte_group_io/output_[9].oserdes_dq_.sdr.oserdes_dq_i/D1
                                                              9.009         
i_platform/i_system_ddr/u_xilinx_ddr3_ctrl_axi32/u_xilinx_ddr3_ctrl_axi32_mig/u_memc_ui_top_axi/mem_intfc0/ddr_phy_top0/u_ddr_mc_phy_wrapper/u_ddr_mc_phy/ddr_phy_4lanes_1.u_ddr_phy_4lanes/ddr_byte_lane_C.ddr_byte_lane_C/out_fifo/RDCLK
                               i_platform/i_system_ddr/u_xilinx_ddr3_ctrl_axi32/u_xilinx_ddr3_ctrl_axi32_mig/u_memc_ui_top_axi/mem_intfc0/ddr_phy_top0/u_ddr_mc_phy_wrapper/u_ddr_mc_phy/ddr_phy_4lanes_1.u_ddr_phy_4lanes/ddr_byte_lane_C.ddr_byte_lane_C/ddr_byte_group_io/output_[4].oserdes_dq_.sdr.oserdes_dq_i/D3
                                                              9.010         
i_platform/i_system_ddr/u_xilinx_ddr3_ctrl_axi32/u_xilinx_ddr3_ctrl_axi32_mig/u_memc_ui_top_axi/mem_intfc0/ddr_phy_top0/u_ddr_mc_phy_wrapper/u_ddr_mc_phy/ddr_phy_4lanes_1.u_ddr_phy_4lanes/ddr_byte_lane_C.ddr_byte_lane_C/out_fifo/RDCLK
                               i_platform/i_system_ddr/u_xilinx_ddr3_ctrl_axi32/u_xilinx_ddr3_ctrl_axi32_mig/u_memc_ui_top_axi/mem_intfc0/ddr_phy_top0/u_ddr_mc_phy_wrapper/u_ddr_mc_phy/ddr_phy_4lanes_1.u_ddr_phy_4lanes/ddr_byte_lane_C.ddr_byte_lane_C/ddr_byte_group_io/output_[5].oserdes_dq_.sdr.oserdes_dq_i/D3
                                                              9.010         
i_platform/i_system_ddr/u_xilinx_ddr3_ctrl_axi32/u_xilinx_ddr3_ctrl_axi32_mig/u_memc_ui_top_axi/mem_intfc0/ddr_phy_top0/u_ddr_mc_phy_wrapper/u_ddr_mc_phy/ddr_phy_4lanes_1.u_ddr_phy_4lanes/ddr_byte_lane_C.ddr_byte_lane_C/out_fifo/RDCLK
                               i_platform/i_system_ddr/u_xilinx_ddr3_ctrl_axi32/u_xilinx_ddr3_ctrl_axi32_mig/u_memc_ui_top_axi/mem_intfc0/ddr_phy_top0/u_ddr_mc_phy_wrapper/u_ddr_mc_phy/ddr_phy_4lanes_1.u_ddr_phy_4lanes/ddr_byte_lane_C.ddr_byte_lane_C/ddr_byte_group_io/output_[2].oserdes_dq_.sdr.oserdes_dq_i/D2
                                                              9.010         
i_platform/i_system_ddr/u_xilinx_ddr3_ctrl_axi32/u_xilinx_ddr3_ctrl_axi32_mig/u_memc_ui_top_axi/mem_intfc0/ddr_phy_top0/u_ddr_mc_phy_wrapper/u_ddr_mc_phy/ddr_phy_4lanes_1.u_ddr_phy_4lanes/ddr_byte_lane_C.ddr_byte_lane_C/out_fifo/RDCLK
                               i_platform/i_system_ddr/u_xilinx_ddr3_ctrl_axi32/u_xilinx_ddr3_ctrl_axi32_mig/u_memc_ui_top_axi/mem_intfc0/ddr_phy_top0/u_ddr_mc_phy_wrapper/u_ddr_mc_phy/ddr_phy_4lanes_1.u_ddr_phy_4lanes/ddr_byte_lane_C.ddr_byte_lane_C/ddr_byte_group_io/output_[2].oserdes_dq_.sdr.oserdes_dq_i/D4
                                                              9.010         
i_platform/i_system_ddr/u_xilinx_ddr3_ctrl_axi32/u_xilinx_ddr3_ctrl_axi32_mig/u_memc_ui_top_axi/mem_intfc0/ddr_phy_top0/u_ddr_mc_phy_wrapper/u_ddr_mc_phy/ddr_phy_4lanes_1.u_ddr_phy_4lanes/ddr_byte_lane_C.ddr_byte_lane_C/out_fifo/RDCLK
                               i_platform/i_system_ddr/u_xilinx_ddr3_ctrl_axi32/u_xilinx_ddr3_ctrl_axi32_mig/u_memc_ui_top_axi/mem_intfc0/ddr_phy_top0/u_ddr_mc_phy_wrapper/u_ddr_mc_phy/ddr_phy_4lanes_1.u_ddr_phy_4lanes/ddr_byte_lane_C.ddr_byte_lane_C/ddr_byte_group_io/output_[3].oserdes_dq_.sdr.oserdes_dq_i/D2
                                                              9.010         
i_platform/i_system_ddr/u_xilinx_ddr3_ctrl_axi32/u_xilinx_ddr3_ctrl_axi32_mig/u_memc_ui_top_axi/mem_intfc0/ddr_phy_top0/u_ddr_mc_phy_wrapper/u_ddr_mc_phy/ddr_phy_4lanes_1.u_ddr_phy_4lanes/ddr_byte_lane_C.ddr_byte_lane_C/out_fifo/RDCLK
                               i_platform/i_system_ddr/u_xilinx_ddr3_ctrl_axi32/u_xilinx_ddr3_ctrl_axi32_mig/u_memc_ui_top_axi/mem_intfc0/ddr_phy_top0/u_ddr_mc_phy_wrapper/u_ddr_mc_phy/ddr_phy_4lanes_1.u_ddr_phy_4lanes/ddr_byte_lane_C.ddr_byte_lane_C/ddr_byte_group_io/output_[3].oserdes_dq_.sdr.oserdes_dq_i/D4
                                                              9.010         
i_platform/i_system_ddr/u_xilinx_ddr3_ctrl_axi32/u_xilinx_ddr3_ctrl_axi32_mig/u_memc_ui_top_axi/mem_intfc0/ddr_phy_top0/u_ddr_mc_phy_wrapper/u_ddr_mc_phy/ddr_phy_4lanes_1.u_ddr_phy_4lanes/ddr_byte_lane_C.ddr_byte_lane_C/out_fifo/RDCLK
                               i_platform/i_system_ddr/u_xilinx_ddr3_ctrl_axi32/u_xilinx_ddr3_ctrl_axi32_mig/u_memc_ui_top_axi/mem_intfc0/ddr_phy_top0/u_ddr_mc_phy_wrapper/u_ddr_mc_phy/ddr_phy_4lanes_1.u_ddr_phy_4lanes/ddr_byte_lane_C.ddr_byte_lane_C/ddr_byte_group_io/output_[7].oserdes_dq_.sdr.oserdes_dq_i/D2
                                                              9.010         
i_platform/i_system_ddr/u_xilinx_ddr3_ctrl_axi32/u_xilinx_ddr3_ctrl_axi32_mig/u_memc_ui_top_axi/mem_intfc0/ddr_phy_top0/u_ddr_mc_phy_wrapper/u_ddr_mc_phy/ddr_phy_4lanes_1.u_ddr_phy_4lanes/ddr_byte_lane_C.ddr_byte_lane_C/out_fifo/RDCLK
                               i_platform/i_system_ddr/u_xilinx_ddr3_ctrl_axi32/u_xilinx_ddr3_ctrl_axi32_mig/u_memc_ui_top_axi/mem_intfc0/ddr_phy_top0/u_ddr_mc_phy_wrapper/u_ddr_mc_phy/ddr_phy_4lanes_1.u_ddr_phy_4lanes/ddr_byte_lane_C.ddr_byte_lane_C/ddr_byte_group_io/output_[7].oserdes_dq_.sdr.oserdes_dq_i/D4
                                                              9.010         
i_platform/i_system_ddr/u_xilinx_ddr3_ctrl_axi32/u_xilinx_ddr3_ctrl_axi32_mig/u_memc_ui_top_axi/mem_intfc0/ddr_phy_top0/u_ddr_mc_phy_wrapper/u_ddr_mc_phy/ddr_phy_4lanes_1.u_ddr_phy_4lanes/ddr_byte_lane_C.ddr_byte_lane_C/out_fifo/RDCLK
                               i_platform/i_system_ddr/u_xilinx_ddr3_ctrl_axi32/u_xilinx_ddr3_ctrl_axi32_mig/u_memc_ui_top_axi/mem_intfc0/ddr_phy_top0/u_ddr_mc_phy_wrapper/u_ddr_mc_phy/ddr_phy_4lanes_1.u_ddr_phy_4lanes/ddr_byte_lane_C.ddr_byte_lane_C/ddr_byte_group_io/output_[8].oserdes_dq_.sdr.oserdes_dq_i/D2
                                                              9.010         
i_platform/i_system_ddr/u_xilinx_ddr3_ctrl_axi32/u_xilinx_ddr3_ctrl_axi32_mig/u_memc_ui_top_axi/mem_intfc0/ddr_phy_top0/u_ddr_mc_phy_wrapper/u_ddr_mc_phy/ddr_phy_4lanes_1.u_ddr_phy_4lanes/ddr_byte_lane_C.ddr_byte_lane_C/out_fifo/RDCLK
                               i_platform/i_system_ddr/u_xilinx_ddr3_ctrl_axi32/u_xilinx_ddr3_ctrl_axi32_mig/u_memc_ui_top_axi/mem_intfc0/ddr_phy_top0/u_ddr_mc_phy_wrapper/u_ddr_mc_phy/ddr_phy_4lanes_1.u_ddr_phy_4lanes/ddr_byte_lane_C.ddr_byte_lane_C/ddr_byte_group_io/output_[8].oserdes_dq_.sdr.oserdes_dq_i/D4
                                                              9.010         
i_platform/i_system_ddr/u_xilinx_ddr3_ctrl_axi32/u_xilinx_ddr3_ctrl_axi32_mig/u_memc_ui_top_axi/mem_intfc0/ddr_phy_top0/u_ddr_mc_phy_wrapper/u_ddr_mc_phy/ddr_phy_4lanes_1.u_ddr_phy_4lanes/ddr_byte_lane_C.ddr_byte_lane_C/out_fifo/RDCLK
                               i_platform/i_system_ddr/u_xilinx_ddr3_ctrl_axi32/u_xilinx_ddr3_ctrl_axi32_mig/u_memc_ui_top_axi/mem_intfc0/ddr_phy_top0/u_ddr_mc_phy_wrapper/u_ddr_mc_phy/ddr_phy_4lanes_1.u_ddr_phy_4lanes/ddr_byte_lane_C.ddr_byte_lane_C/ddr_byte_group_io/output_[9].oserdes_dq_.sdr.oserdes_dq_i/D2
                                                              9.010         
i_platform/i_system_ddr/u_xilinx_ddr3_ctrl_axi32/u_xilinx_ddr3_ctrl_axi32_mig/u_memc_ui_top_axi/mem_intfc0/ddr_phy_top0/u_ddr_mc_phy_wrapper/u_ddr_mc_phy/ddr_phy_4lanes_1.u_ddr_phy_4lanes/ddr_byte_lane_C.ddr_byte_lane_C/out_fifo/RDCLK
                               i_platform/i_system_ddr/u_xilinx_ddr3_ctrl_axi32/u_xilinx_ddr3_ctrl_axi32_mig/u_memc_ui_top_axi/mem_intfc0/ddr_phy_top0/u_ddr_mc_phy_wrapper/u_ddr_mc_phy/ddr_phy_4lanes_1.u_ddr_phy_4lanes/ddr_byte_lane_C.ddr_byte_lane_C/ddr_byte_group_io/output_[9].oserdes_dq_.sdr.oserdes_dq_i/D4
                                                              9.010         
i_platform/i_system_ddr/u_xilinx_ddr3_ctrl_axi32/u_xilinx_ddr3_ctrl_axi32_mig/u_memc_ui_top_axi/mem_intfc0/ddr_phy_top0/u_ddr_mc_phy_wrapper/u_ddr_mc_phy/ddr_phy_4lanes_1.u_ddr_phy_4lanes/ddr_byte_lane_C.ddr_byte_lane_C/out_fifo/RDCLK
                               i_platform/i_system_ddr/u_xilinx_ddr3_ctrl_axi32/u_xilinx_ddr3_ctrl_axi32_mig/u_memc_ui_top_axi/mem_intfc0/ddr_phy_top0/u_ddr_mc_phy_wrapper/u_ddr_mc_phy/ddr_phy_4lanes_1.u_ddr_phy_4lanes/ddr_byte_lane_C.ddr_byte_lane_C/ddr_byte_group_io/output_[2].oserdes_dq_.sdr.oserdes_dq_i/D3
                                                              9.011         
i_platform/i_system_ddr/u_xilinx_ddr3_ctrl_axi32/u_xilinx_ddr3_ctrl_axi32_mig/u_memc_ui_top_axi/mem_intfc0/ddr_phy_top0/u_ddr_mc_phy_wrapper/u_ddr_mc_phy/ddr_phy_4lanes_1.u_ddr_phy_4lanes/ddr_byte_lane_C.ddr_byte_lane_C/out_fifo/RDCLK
                               i_platform/i_system_ddr/u_xilinx_ddr3_ctrl_axi32/u_xilinx_ddr3_ctrl_axi32_mig/u_memc_ui_top_axi/mem_intfc0/ddr_phy_top0/u_ddr_mc_phy_wrapper/u_ddr_mc_phy/ddr_phy_4lanes_1.u_ddr_phy_4lanes/ddr_byte_lane_C.ddr_byte_lane_C/ddr_byte_group_io/output_[3].oserdes_dq_.sdr.oserdes_dq_i/D3
                                                              9.011         
i_platform/i_system_ddr/u_xilinx_ddr3_ctrl_axi32/u_xilinx_ddr3_ctrl_axi32_mig/u_memc_ui_top_axi/mem_intfc0/ddr_phy_top0/u_ddr_mc_phy_wrapper/u_ddr_mc_phy/ddr_phy_4lanes_1.u_ddr_phy_4lanes/ddr_byte_lane_C.ddr_byte_lane_C/out_fifo/RDCLK
                               i_platform/i_system_ddr/u_xilinx_ddr3_ctrl_axi32/u_xilinx_ddr3_ctrl_axi32_mig/u_memc_ui_top_axi/mem_intfc0/ddr_phy_top0/u_ddr_mc_phy_wrapper/u_ddr_mc_phy/ddr_phy_4lanes_1.u_ddr_phy_4lanes/ddr_byte_lane_C.ddr_byte_lane_C/ddr_byte_group_io/output_[7].oserdes_dq_.sdr.oserdes_dq_i/D3
                                                              9.011         
i_platform/i_system_ddr/u_xilinx_ddr3_ctrl_axi32/u_xilinx_ddr3_ctrl_axi32_mig/u_memc_ui_top_axi/mem_intfc0/ddr_phy_top0/u_ddr_mc_phy_wrapper/u_ddr_mc_phy/ddr_phy_4lanes_1.u_ddr_phy_4lanes/ddr_byte_lane_C.ddr_byte_lane_C/out_fifo/RDCLK
                               i_platform/i_system_ddr/u_xilinx_ddr3_ctrl_axi32/u_xilinx_ddr3_ctrl_axi32_mig/u_memc_ui_top_axi/mem_intfc0/ddr_phy_top0/u_ddr_mc_phy_wrapper/u_ddr_mc_phy/ddr_phy_4lanes_1.u_ddr_phy_4lanes/ddr_byte_lane_C.ddr_byte_lane_C/ddr_byte_group_io/output_[8].oserdes_dq_.sdr.oserdes_dq_i/D3
                                                              9.011         
i_platform/i_system_ddr/u_xilinx_ddr3_ctrl_axi32/u_xilinx_ddr3_ctrl_axi32_mig/u_memc_ui_top_axi/mem_intfc0/ddr_phy_top0/u_ddr_mc_phy_wrapper/u_ddr_mc_phy/ddr_phy_4lanes_1.u_ddr_phy_4lanes/ddr_byte_lane_C.ddr_byte_lane_C/out_fifo/RDCLK
                               i_platform/i_system_ddr/u_xilinx_ddr3_ctrl_axi32/u_xilinx_ddr3_ctrl_axi32_mig/u_memc_ui_top_axi/mem_intfc0/ddr_phy_top0/u_ddr_mc_phy_wrapper/u_ddr_mc_phy/ddr_phy_4lanes_1.u_ddr_phy_4lanes/ddr_byte_lane_C.ddr_byte_lane_C/ddr_byte_group_io/output_[9].oserdes_dq_.sdr.oserdes_dq_i/D3
                                                              9.011         
i_platform/i_system_ddr/u_xilinx_ddr3_ctrl_axi32/u_xilinx_ddr3_ctrl_axi32_mig/u_memc_ui_top_axi/mem_intfc0/ddr_phy_top0/u_ddr_mc_phy_wrapper/u_ddr_mc_phy/ddr_phy_4lanes_1.u_ddr_phy_4lanes/ddr_byte_lane_A.ddr_byte_lane_A/out_fifo/RDCLK
                               i_platform/i_system_ddr/u_xilinx_ddr3_ctrl_axi32/u_xilinx_ddr3_ctrl_axi32_mig/u_memc_ui_top_axi/mem_intfc0/ddr_phy_top0/u_ddr_mc_phy_wrapper/u_ddr_mc_phy/ddr_phy_4lanes_1.u_ddr_phy_4lanes/ddr_byte_lane_A.ddr_byte_lane_A/ddr_byte_group_io/output_[0].oserdes_dq_.sdr.oserdes_dq_i/D1
                                                              9.012         
i_platform/i_system_ddr/u_xilinx_ddr3_ctrl_axi32/u_xilinx_ddr3_ctrl_axi32_mig/u_memc_ui_top_axi/mem_intfc0/ddr_phy_top0/u_ddr_mc_phy_wrapper/u_ddr_mc_phy/ddr_phy_4lanes_1.u_ddr_phy_4lanes/ddr_byte_lane_A.ddr_byte_lane_A/out_fifo/RDCLK
                               i_platform/i_system_ddr/u_xilinx_ddr3_ctrl_axi32/u_xilinx_ddr3_ctrl_axi32_mig/u_memc_ui_top_axi/mem_intfc0/ddr_phy_top0/u_ddr_mc_phy_wrapper/u_ddr_mc_phy/ddr_phy_4lanes_1.u_ddr_phy_4lanes/ddr_byte_lane_A.ddr_byte_lane_A/ddr_byte_group_io/output_[1].oserdes_dq_.sdr.oserdes_dq_i/D1
                                                              9.012         
i_platform/i_system_ddr/u_xilinx_ddr3_ctrl_axi32/u_xilinx_ddr3_ctrl_axi32_mig/u_memc_ui_top_axi/mem_intfc0/ddr_phy_top0/u_ddr_mc_phy_wrapper/u_ddr_mc_phy/ddr_phy_4lanes_1.u_ddr_phy_4lanes/ddr_byte_lane_A.ddr_byte_lane_A/out_fifo/RDCLK
                               i_platform/i_system_ddr/u_xilinx_ddr3_ctrl_axi32/u_xilinx_ddr3_ctrl_axi32_mig/u_memc_ui_top_axi/mem_intfc0/ddr_phy_top0/u_ddr_mc_phy_wrapper/u_ddr_mc_phy/ddr_phy_4lanes_1.u_ddr_phy_4lanes/ddr_byte_lane_A.ddr_byte_lane_A/ddr_byte_group_io/output_[0].oserdes_dq_.sdr.oserdes_dq_i/D2
                                                              9.015         
i_platform/i_system_ddr/u_xilinx_ddr3_ctrl_axi32/u_xilinx_ddr3_ctrl_axi32_mig/u_memc_ui_top_axi/mem_intfc0/ddr_phy_top0/u_ddr_mc_phy_wrapper/u_ddr_mc_phy/ddr_phy_4lanes_1.u_ddr_phy_4lanes/ddr_byte_lane_A.ddr_byte_lane_A/out_fifo/RDCLK
                               i_platform/i_system_ddr/u_xilinx_ddr3_ctrl_axi32/u_xilinx_ddr3_ctrl_axi32_mig/u_memc_ui_top_axi/mem_intfc0/ddr_phy_top0/u_ddr_mc_phy_wrapper/u_ddr_mc_phy/ddr_phy_4lanes_1.u_ddr_phy_4lanes/ddr_byte_lane_A.ddr_byte_lane_A/ddr_byte_group_io/output_[0].oserdes_dq_.sdr.oserdes_dq_i/D4
                                                              9.015         
i_platform/i_system_ddr/u_xilinx_ddr3_ctrl_axi32/u_xilinx_ddr3_ctrl_axi32_mig/u_memc_ui_top_axi/mem_intfc0/ddr_phy_top0/u_ddr_mc_phy_wrapper/u_ddr_mc_phy/ddr_phy_4lanes_1.u_ddr_phy_4lanes/ddr_byte_lane_A.ddr_byte_lane_A/out_fifo/RDCLK
                               i_platform/i_system_ddr/u_xilinx_ddr3_ctrl_axi32/u_xilinx_ddr3_ctrl_axi32_mig/u_memc_ui_top_axi/mem_intfc0/ddr_phy_top0/u_ddr_mc_phy_wrapper/u_ddr_mc_phy/ddr_phy_4lanes_1.u_ddr_phy_4lanes/ddr_byte_lane_A.ddr_byte_lane_A/ddr_byte_group_io/output_[1].oserdes_dq_.sdr.oserdes_dq_i/D2
                                                              9.015         
i_platform/i_system_ddr/u_xilinx_ddr3_ctrl_axi32/u_xilinx_ddr3_ctrl_axi32_mig/u_memc_ui_top_axi/mem_intfc0/ddr_phy_top0/u_ddr_mc_phy_wrapper/u_ddr_mc_phy/ddr_phy_4lanes_1.u_ddr_phy_4lanes/ddr_byte_lane_A.ddr_byte_lane_A/out_fifo/RDCLK
                               i_platform/i_system_ddr/u_xilinx_ddr3_ctrl_axi32/u_xilinx_ddr3_ctrl_axi32_mig/u_memc_ui_top_axi/mem_intfc0/ddr_phy_top0/u_ddr_mc_phy_wrapper/u_ddr_mc_phy/ddr_phy_4lanes_1.u_ddr_phy_4lanes/ddr_byte_lane_A.ddr_byte_lane_A/ddr_byte_group_io/output_[1].oserdes_dq_.sdr.oserdes_dq_i/D4
                                                              9.015         
i_platform/i_system_ddr/u_xilinx_ddr3_ctrl_axi32/u_xilinx_ddr3_ctrl_axi32_mig/u_memc_ui_top_axi/mem_intfc0/ddr_phy_top0/u_ddr_mc_phy_wrapper/u_ddr_mc_phy/ddr_phy_4lanes_1.u_ddr_phy_4lanes/ddr_byte_lane_A.ddr_byte_lane_A/out_fifo/RDCLK
                               i_platform/i_system_ddr/u_xilinx_ddr3_ctrl_axi32/u_xilinx_ddr3_ctrl_axi32_mig/u_memc_ui_top_axi/mem_intfc0/ddr_phy_top0/u_ddr_mc_phy_wrapper/u_ddr_mc_phy/ddr_phy_4lanes_1.u_ddr_phy_4lanes/ddr_byte_lane_A.ddr_byte_lane_A/ddr_byte_group_io/output_[0].oserdes_dq_.sdr.oserdes_dq_i/D3
                                                              9.016         
i_platform/i_system_ddr/u_xilinx_ddr3_ctrl_axi32/u_xilinx_ddr3_ctrl_axi32_mig/u_memc_ui_top_axi/mem_intfc0/ddr_phy_top0/u_ddr_mc_phy_wrapper/u_ddr_mc_phy/ddr_phy_4lanes_1.u_ddr_phy_4lanes/ddr_byte_lane_A.ddr_byte_lane_A/out_fifo/RDCLK
                               i_platform/i_system_ddr/u_xilinx_ddr3_ctrl_axi32/u_xilinx_ddr3_ctrl_axi32_mig/u_memc_ui_top_axi/mem_intfc0/ddr_phy_top0/u_ddr_mc_phy_wrapper/u_ddr_mc_phy/ddr_phy_4lanes_1.u_ddr_phy_4lanes/ddr_byte_lane_A.ddr_byte_lane_A/ddr_byte_group_io/output_[1].oserdes_dq_.sdr.oserdes_dq_i/D3
                                                              9.016         
i_platform/i_system_ddr/u_xilinx_ddr3_ctrl_axi32/u_xilinx_ddr3_ctrl_axi32_mig/u_memc_ui_top_axi/mem_intfc0/ddr_phy_top0/u_ddr_mc_phy_wrapper/u_ddr_mc_phy/ddr_phy_4lanes_1.u_ddr_phy_4lanes/ddr_byte_lane_D.ddr_byte_lane_D/out_fifo/RDCLK
                               i_platform/i_system_ddr/u_xilinx_ddr3_ctrl_axi32/u_xilinx_ddr3_ctrl_axi32_mig/u_memc_ui_top_axi/mem_intfc0/ddr_phy_top0/u_ddr_mc_phy_wrapper/u_ddr_mc_phy/ddr_phy_4lanes_1.u_ddr_phy_4lanes/ddr_byte_lane_D.ddr_byte_lane_D/ddr_byte_group_io/output_[6].oserdes_dq_.sdr.oserdes_dq_i/D1
                                                              9.018         
i_platform/i_system_ddr/u_xilinx_ddr3_ctrl_axi32/u_xilinx_ddr3_ctrl_axi32_mig/u_memc_ui_top_axi/mem_intfc0/ddr_phy_top0/u_ddr_mc_phy_wrapper/u_ddr_mc_phy/ddr_phy_4lanes_1.u_ddr_phy_4lanes/ddr_byte_lane_D.ddr_byte_lane_D/out_fifo/RDCLK
                               i_platform/i_system_ddr/u_xilinx_ddr3_ctrl_axi32/u_xilinx_ddr3_ctrl_axi32_mig/u_memc_ui_top_axi/mem_intfc0/ddr_phy_top0/u_ddr_mc_phy_wrapper/u_ddr_mc_phy/ddr_phy_4lanes_1.u_ddr_phy_4lanes/ddr_byte_lane_D.ddr_byte_lane_D/ddr_byte_group_io/output_[4].oserdes_dq_.sdr.oserdes_dq_i/D1
                                                              9.019         
i_platform/i_system_ddr/u_xilinx_ddr3_ctrl_axi32/u_xilinx_ddr3_ctrl_axi32_mig/u_memc_ui_top_axi/mem_intfc0/ddr_phy_top0/u_ddr_mc_phy_wrapper/u_ddr_mc_phy/ddr_phy_4lanes_1.u_ddr_phy_4lanes/ddr_byte_lane_D.ddr_byte_lane_D/out_fifo/RDCLK
                               i_platform/i_system_ddr/u_xilinx_ddr3_ctrl_axi32/u_xilinx_ddr3_ctrl_axi32_mig/u_memc_ui_top_axi/mem_intfc0/ddr_phy_top0/u_ddr_mc_phy_wrapper/u_ddr_mc_phy/ddr_phy_4lanes_1.u_ddr_phy_4lanes/ddr_byte_lane_D.ddr_byte_lane_D/ddr_byte_group_io/output_[5].oserdes_dq_.sdr.oserdes_dq_i/D1
                                                              9.019         
i_platform/i_system_ddr/u_xilinx_ddr3_ctrl_axi32/u_xilinx_ddr3_ctrl_axi32_mig/u_memc_ui_top_axi/mem_intfc0/ddr_phy_top0/u_ddr_mc_phy_wrapper/u_ddr_mc_phy/ddr_phy_4lanes_1.u_ddr_phy_4lanes/ddr_byte_lane_D.ddr_byte_lane_D/out_fifo/RDCLK
                               i_platform/i_system_ddr/u_xilinx_ddr3_ctrl_axi32/u_xilinx_ddr3_ctrl_axi32_mig/u_memc_ui_top_axi/mem_intfc0/ddr_phy_top0/u_ddr_mc_phy_wrapper/u_ddr_mc_phy/ddr_phy_4lanes_1.u_ddr_phy_4lanes/ddr_byte_lane_D.ddr_byte_lane_D/ddr_byte_group_io/output_[1].oserdes_dq_.sdr.oserdes_dq_i/D1
                                                              9.020         
i_platform/i_system_ddr/u_xilinx_ddr3_ctrl_axi32/u_xilinx_ddr3_ctrl_axi32_mig/u_memc_ui_top_axi/mem_intfc0/ddr_phy_top0/u_ddr_mc_phy_wrapper/u_ddr_mc_phy/ddr_phy_4lanes_1.u_ddr_phy_4lanes/ddr_byte_lane_D.ddr_byte_lane_D/out_fifo/RDCLK
                               i_platform/i_system_ddr/u_xilinx_ddr3_ctrl_axi32/u_xilinx_ddr3_ctrl_axi32_mig/u_memc_ui_top_axi/mem_intfc0/ddr_phy_top0/u_ddr_mc_phy_wrapper/u_ddr_mc_phy/ddr_phy_4lanes_1.u_ddr_phy_4lanes/ddr_byte_lane_D.ddr_byte_lane_D/ddr_byte_group_io/output_[3].oserdes_dq_.sdr.oserdes_dq_i/D1
                                                              9.020         
i_platform/i_system_ddr/u_xilinx_ddr3_ctrl_axi32/u_xilinx_ddr3_ctrl_axi32_mig/u_memc_ui_top_axi/mem_intfc0/ddr_phy_top0/u_ddr_mc_phy_wrapper/u_ddr_mc_phy/ddr_phy_4lanes_1.u_ddr_phy_4lanes/ddr_byte_lane_D.ddr_byte_lane_D/out_fifo/RDCLK
                               i_platform/i_system_ddr/u_xilinx_ddr3_ctrl_axi32/u_xilinx_ddr3_ctrl_axi32_mig/u_memc_ui_top_axi/mem_intfc0/ddr_phy_top0/u_ddr_mc_phy_wrapper/u_ddr_mc_phy/ddr_phy_4lanes_1.u_ddr_phy_4lanes/ddr_byte_lane_D.ddr_byte_lane_D/ddr_byte_group_io/output_[7].oserdes_dq_.sdr.oserdes_dq_i/D1
                                                              9.020         
i_platform/i_system_ddr/u_xilinx_ddr3_ctrl_axi32/u_xilinx_ddr3_ctrl_axi32_mig/u_memc_ui_top_axi/mem_intfc0/ddr_phy_top0/u_ddr_mc_phy_wrapper/u_ddr_mc_phy/ddr_phy_4lanes_1.u_ddr_phy_4lanes/ddr_byte_lane_D.ddr_byte_lane_D/out_fifo/RDCLK
                               i_platform/i_system_ddr/u_xilinx_ddr3_ctrl_axi32/u_xilinx_ddr3_ctrl_axi32_mig/u_memc_ui_top_axi/mem_intfc0/ddr_phy_top0/u_ddr_mc_phy_wrapper/u_ddr_mc_phy/ddr_phy_4lanes_1.u_ddr_phy_4lanes/ddr_byte_lane_D.ddr_byte_lane_D/ddr_byte_group_io/output_[8].oserdes_dq_.sdr.oserdes_dq_i/D1
                                                              9.020         
i_platform/i_system_ddr/u_xilinx_ddr3_ctrl_axi32/u_xilinx_ddr3_ctrl_axi32_mig/u_memc_ui_top_axi/mem_intfc0/ddr_phy_top0/u_ddr_mc_phy_wrapper/u_ddr_mc_phy/ddr_phy_4lanes_1.u_ddr_phy_4lanes/ddr_byte_lane_D.ddr_byte_lane_D/out_fifo/RDCLK
                               i_platform/i_system_ddr/u_xilinx_ddr3_ctrl_axi32/u_xilinx_ddr3_ctrl_axi32_mig/u_memc_ui_top_axi/mem_intfc0/ddr_phy_top0/u_ddr_mc_phy_wrapper/u_ddr_mc_phy/ddr_phy_4lanes_1.u_ddr_phy_4lanes/ddr_byte_lane_D.ddr_byte_lane_D/ddr_byte_group_io/output_[6].oserdes_dq_.sdr.oserdes_dq_i/D2
                                                              9.021         
i_platform/i_system_ddr/u_xilinx_ddr3_ctrl_axi32/u_xilinx_ddr3_ctrl_axi32_mig/u_memc_ui_top_axi/mem_intfc0/ddr_phy_top0/u_ddr_mc_phy_wrapper/u_ddr_mc_phy/ddr_phy_4lanes_1.u_ddr_phy_4lanes/ddr_byte_lane_D.ddr_byte_lane_D/out_fifo/RDCLK
                               i_platform/i_system_ddr/u_xilinx_ddr3_ctrl_axi32/u_xilinx_ddr3_ctrl_axi32_mig/u_memc_ui_top_axi/mem_intfc0/ddr_phy_top0/u_ddr_mc_phy_wrapper/u_ddr_mc_phy/ddr_phy_4lanes_1.u_ddr_phy_4lanes/ddr_byte_lane_D.ddr_byte_lane_D/ddr_byte_group_io/output_[6].oserdes_dq_.sdr.oserdes_dq_i/D4
                                                              9.021         
i_platform/i_system_ddr/u_xilinx_ddr3_ctrl_axi32/u_xilinx_ddr3_ctrl_axi32_mig/u_memc_ui_top_axi/mem_intfc0/ddr_phy_top0/u_ddr_mc_phy_wrapper/u_ddr_mc_phy/ddr_phy_4lanes_1.u_ddr_phy_4lanes/ddr_byte_lane_D.ddr_byte_lane_D/out_fifo/RDCLK
                               i_platform/i_system_ddr/u_xilinx_ddr3_ctrl_axi32/u_xilinx_ddr3_ctrl_axi32_mig/u_memc_ui_top_axi/mem_intfc0/ddr_phy_top0/u_ddr_mc_phy_wrapper/u_ddr_mc_phy/ddr_phy_4lanes_1.u_ddr_phy_4lanes/ddr_byte_lane_D.ddr_byte_lane_D/ddr_byte_group_io/output_[4].oserdes_dq_.sdr.oserdes_dq_i/D2
                                                              9.022         
i_platform/i_system_ddr/u_xilinx_ddr3_ctrl_axi32/u_xilinx_ddr3_ctrl_axi32_mig/u_memc_ui_top_axi/mem_intfc0/ddr_phy_top0/u_ddr_mc_phy_wrapper/u_ddr_mc_phy/ddr_phy_4lanes_1.u_ddr_phy_4lanes/ddr_byte_lane_D.ddr_byte_lane_D/out_fifo/RDCLK
                               i_platform/i_system_ddr/u_xilinx_ddr3_ctrl_axi32/u_xilinx_ddr3_ctrl_axi32_mig/u_memc_ui_top_axi/mem_intfc0/ddr_phy_top0/u_ddr_mc_phy_wrapper/u_ddr_mc_phy/ddr_phy_4lanes_1.u_ddr_phy_4lanes/ddr_byte_lane_D.ddr_byte_lane_D/ddr_byte_group_io/output_[4].oserdes_dq_.sdr.oserdes_dq_i/D4
                                                              9.022         
i_platform/i_system_ddr/u_xilinx_ddr3_ctrl_axi32/u_xilinx_ddr3_ctrl_axi32_mig/u_memc_ui_top_axi/mem_intfc0/ddr_phy_top0/u_ddr_mc_phy_wrapper/u_ddr_mc_phy/ddr_phy_4lanes_1.u_ddr_phy_4lanes/ddr_byte_lane_D.ddr_byte_lane_D/out_fifo/RDCLK
                               i_platform/i_system_ddr/u_xilinx_ddr3_ctrl_axi32/u_xilinx_ddr3_ctrl_axi32_mig/u_memc_ui_top_axi/mem_intfc0/ddr_phy_top0/u_ddr_mc_phy_wrapper/u_ddr_mc_phy/ddr_phy_4lanes_1.u_ddr_phy_4lanes/ddr_byte_lane_D.ddr_byte_lane_D/ddr_byte_group_io/output_[5].oserdes_dq_.sdr.oserdes_dq_i/D2
                                                              9.022         
i_platform/i_system_ddr/u_xilinx_ddr3_ctrl_axi32/u_xilinx_ddr3_ctrl_axi32_mig/u_memc_ui_top_axi/mem_intfc0/ddr_phy_top0/u_ddr_mc_phy_wrapper/u_ddr_mc_phy/ddr_phy_4lanes_1.u_ddr_phy_4lanes/ddr_byte_lane_D.ddr_byte_lane_D/out_fifo/RDCLK
                               i_platform/i_system_ddr/u_xilinx_ddr3_ctrl_axi32/u_xilinx_ddr3_ctrl_axi32_mig/u_memc_ui_top_axi/mem_intfc0/ddr_phy_top0/u_ddr_mc_phy_wrapper/u_ddr_mc_phy/ddr_phy_4lanes_1.u_ddr_phy_4lanes/ddr_byte_lane_D.ddr_byte_lane_D/ddr_byte_group_io/output_[5].oserdes_dq_.sdr.oserdes_dq_i/D4
                                                              9.022         
i_platform/i_system_ddr/u_xilinx_ddr3_ctrl_axi32/u_xilinx_ddr3_ctrl_axi32_mig/u_memc_ui_top_axi/mem_intfc0/ddr_phy_top0/u_ddr_mc_phy_wrapper/u_ddr_mc_phy/ddr_phy_4lanes_1.u_ddr_phy_4lanes/ddr_byte_lane_D.ddr_byte_lane_D/out_fifo/RDCLK
                               i_platform/i_system_ddr/u_xilinx_ddr3_ctrl_axi32/u_xilinx_ddr3_ctrl_axi32_mig/u_memc_ui_top_axi/mem_intfc0/ddr_phy_top0/u_ddr_mc_phy_wrapper/u_ddr_mc_phy/ddr_phy_4lanes_1.u_ddr_phy_4lanes/ddr_byte_lane_D.ddr_byte_lane_D/ddr_byte_group_io/output_[6].oserdes_dq_.sdr.oserdes_dq_i/D3
                                                              9.022         
i_platform/i_system_ddr/u_xilinx_ddr3_ctrl_axi32/u_xilinx_ddr3_ctrl_axi32_mig/u_memc_ui_top_axi/mem_intfc0/ddr_phy_top0/u_ddr_mc_phy_wrapper/u_ddr_mc_phy/ddr_phy_4lanes_1.u_ddr_phy_4lanes/ddr_byte_lane_D.ddr_byte_lane_D/out_fifo/RDCLK
                               i_platform/i_system_ddr/u_xilinx_ddr3_ctrl_axi32/u_xilinx_ddr3_ctrl_axi32_mig/u_memc_ui_top_axi/mem_intfc0/ddr_phy_top0/u_ddr_mc_phy_wrapper/u_ddr_mc_phy/ddr_phy_4lanes_1.u_ddr_phy_4lanes/ddr_byte_lane_D.ddr_byte_lane_D/ddr_byte_group_io/output_[1].oserdes_dq_.sdr.oserdes_dq_i/D2
                                                              9.023         
i_platform/i_system_ddr/u_xilinx_ddr3_ctrl_axi32/u_xilinx_ddr3_ctrl_axi32_mig/u_memc_ui_top_axi/mem_intfc0/ddr_phy_top0/u_ddr_mc_phy_wrapper/u_ddr_mc_phy/ddr_phy_4lanes_1.u_ddr_phy_4lanes/ddr_byte_lane_D.ddr_byte_lane_D/out_fifo/RDCLK
                               i_platform/i_system_ddr/u_xilinx_ddr3_ctrl_axi32/u_xilinx_ddr3_ctrl_axi32_mig/u_memc_ui_top_axi/mem_intfc0/ddr_phy_top0/u_ddr_mc_phy_wrapper/u_ddr_mc_phy/ddr_phy_4lanes_1.u_ddr_phy_4lanes/ddr_byte_lane_D.ddr_byte_lane_D/ddr_byte_group_io/output_[1].oserdes_dq_.sdr.oserdes_dq_i/D4
                                                              9.023         
i_platform/i_system_ddr/u_xilinx_ddr3_ctrl_axi32/u_xilinx_ddr3_ctrl_axi32_mig/u_memc_ui_top_axi/mem_intfc0/ddr_phy_top0/u_ddr_mc_phy_wrapper/u_ddr_mc_phy/ddr_phy_4lanes_1.u_ddr_phy_4lanes/ddr_byte_lane_D.ddr_byte_lane_D/out_fifo/RDCLK
                               i_platform/i_system_ddr/u_xilinx_ddr3_ctrl_axi32/u_xilinx_ddr3_ctrl_axi32_mig/u_memc_ui_top_axi/mem_intfc0/ddr_phy_top0/u_ddr_mc_phy_wrapper/u_ddr_mc_phy/ddr_phy_4lanes_1.u_ddr_phy_4lanes/ddr_byte_lane_D.ddr_byte_lane_D/ddr_byte_group_io/output_[3].oserdes_dq_.sdr.oserdes_dq_i/D2
                                                              9.023         
i_platform/i_system_ddr/u_xilinx_ddr3_ctrl_axi32/u_xilinx_ddr3_ctrl_axi32_mig/u_memc_ui_top_axi/mem_intfc0/ddr_phy_top0/u_ddr_mc_phy_wrapper/u_ddr_mc_phy/ddr_phy_4lanes_1.u_ddr_phy_4lanes/ddr_byte_lane_D.ddr_byte_lane_D/out_fifo/RDCLK
                               i_platform/i_system_ddr/u_xilinx_ddr3_ctrl_axi32/u_xilinx_ddr3_ctrl_axi32_mig/u_memc_ui_top_axi/mem_intfc0/ddr_phy_top0/u_ddr_mc_phy_wrapper/u_ddr_mc_phy/ddr_phy_4lanes_1.u_ddr_phy_4lanes/ddr_byte_lane_D.ddr_byte_lane_D/ddr_byte_group_io/output_[3].oserdes_dq_.sdr.oserdes_dq_i/D4
                                                              9.023         
i_platform/i_system_ddr/u_xilinx_ddr3_ctrl_axi32/u_xilinx_ddr3_ctrl_axi32_mig/u_memc_ui_top_axi/mem_intfc0/ddr_phy_top0/u_ddr_mc_phy_wrapper/u_ddr_mc_phy/ddr_phy_4lanes_1.u_ddr_phy_4lanes/ddr_byte_lane_D.ddr_byte_lane_D/out_fifo/RDCLK
                               i_platform/i_system_ddr/u_xilinx_ddr3_ctrl_axi32/u_xilinx_ddr3_ctrl_axi32_mig/u_memc_ui_top_axi/mem_intfc0/ddr_phy_top0/u_ddr_mc_phy_wrapper/u_ddr_mc_phy/ddr_phy_4lanes_1.u_ddr_phy_4lanes/ddr_byte_lane_D.ddr_byte_lane_D/ddr_byte_group_io/output_[4].oserdes_dq_.sdr.oserdes_dq_i/D3
                                                              9.023         
i_platform/i_system_ddr/u_xilinx_ddr3_ctrl_axi32/u_xilinx_ddr3_ctrl_axi32_mig/u_memc_ui_top_axi/mem_intfc0/ddr_phy_top0/u_ddr_mc_phy_wrapper/u_ddr_mc_phy/ddr_phy_4lanes_1.u_ddr_phy_4lanes/ddr_byte_lane_D.ddr_byte_lane_D/out_fifo/RDCLK
                               i_platform/i_system_ddr/u_xilinx_ddr3_ctrl_axi32/u_xilinx_ddr3_ctrl_axi32_mig/u_memc_ui_top_axi/mem_intfc0/ddr_phy_top0/u_ddr_mc_phy_wrapper/u_ddr_mc_phy/ddr_phy_4lanes_1.u_ddr_phy_4lanes/ddr_byte_lane_D.ddr_byte_lane_D/ddr_byte_group_io/output_[5].oserdes_dq_.sdr.oserdes_dq_i/D3
                                                              9.023         
i_platform/i_system_ddr/u_xilinx_ddr3_ctrl_axi32/u_xilinx_ddr3_ctrl_axi32_mig/u_memc_ui_top_axi/mem_intfc0/ddr_phy_top0/u_ddr_mc_phy_wrapper/u_ddr_mc_phy/ddr_phy_4lanes_1.u_ddr_phy_4lanes/ddr_byte_lane_D.ddr_byte_lane_D/out_fifo/RDCLK
                               i_platform/i_system_ddr/u_xilinx_ddr3_ctrl_axi32/u_xilinx_ddr3_ctrl_axi32_mig/u_memc_ui_top_axi/mem_intfc0/ddr_phy_top0/u_ddr_mc_phy_wrapper/u_ddr_mc_phy/ddr_phy_4lanes_1.u_ddr_phy_4lanes/ddr_byte_lane_D.ddr_byte_lane_D/ddr_byte_group_io/output_[7].oserdes_dq_.sdr.oserdes_dq_i/D2
                                                              9.023         
i_platform/i_system_ddr/u_xilinx_ddr3_ctrl_axi32/u_xilinx_ddr3_ctrl_axi32_mig/u_memc_ui_top_axi/mem_intfc0/ddr_phy_top0/u_ddr_mc_phy_wrapper/u_ddr_mc_phy/ddr_phy_4lanes_1.u_ddr_phy_4lanes/ddr_byte_lane_D.ddr_byte_lane_D/out_fifo/RDCLK
                               i_platform/i_system_ddr/u_xilinx_ddr3_ctrl_axi32/u_xilinx_ddr3_ctrl_axi32_mig/u_memc_ui_top_axi/mem_intfc0/ddr_phy_top0/u_ddr_mc_phy_wrapper/u_ddr_mc_phy/ddr_phy_4lanes_1.u_ddr_phy_4lanes/ddr_byte_lane_D.ddr_byte_lane_D/ddr_byte_group_io/output_[7].oserdes_dq_.sdr.oserdes_dq_i/D4
                                                              9.023         
i_platform/i_system_ddr/u_xilinx_ddr3_ctrl_axi32/u_xilinx_ddr3_ctrl_axi32_mig/u_memc_ui_top_axi/mem_intfc0/ddr_phy_top0/u_ddr_mc_phy_wrapper/u_ddr_mc_phy/ddr_phy_4lanes_1.u_ddr_phy_4lanes/ddr_byte_lane_D.ddr_byte_lane_D/out_fifo/RDCLK
                               i_platform/i_system_ddr/u_xilinx_ddr3_ctrl_axi32/u_xilinx_ddr3_ctrl_axi32_mig/u_memc_ui_top_axi/mem_intfc0/ddr_phy_top0/u_ddr_mc_phy_wrapper/u_ddr_mc_phy/ddr_phy_4lanes_1.u_ddr_phy_4lanes/ddr_byte_lane_D.ddr_byte_lane_D/ddr_byte_group_io/output_[8].oserdes_dq_.sdr.oserdes_dq_i/D2
                                                              9.023         
i_platform/i_system_ddr/u_xilinx_ddr3_ctrl_axi32/u_xilinx_ddr3_ctrl_axi32_mig/u_memc_ui_top_axi/mem_intfc0/ddr_phy_top0/u_ddr_mc_phy_wrapper/u_ddr_mc_phy/ddr_phy_4lanes_1.u_ddr_phy_4lanes/ddr_byte_lane_D.ddr_byte_lane_D/out_fifo/RDCLK
                               i_platform/i_system_ddr/u_xilinx_ddr3_ctrl_axi32/u_xilinx_ddr3_ctrl_axi32_mig/u_memc_ui_top_axi/mem_intfc0/ddr_phy_top0/u_ddr_mc_phy_wrapper/u_ddr_mc_phy/ddr_phy_4lanes_1.u_ddr_phy_4lanes/ddr_byte_lane_D.ddr_byte_lane_D/ddr_byte_group_io/output_[8].oserdes_dq_.sdr.oserdes_dq_i/D4
                                                              9.023         
i_platform/i_system_ddr/u_xilinx_ddr3_ctrl_axi32/u_xilinx_ddr3_ctrl_axi32_mig/u_memc_ui_top_axi/mem_intfc0/ddr_phy_top0/u_ddr_mc_phy_wrapper/u_ddr_mc_phy/ddr_phy_4lanes_1.u_ddr_phy_4lanes/ddr_byte_lane_D.ddr_byte_lane_D/out_fifo/RDCLK
                               i_platform/i_system_ddr/u_xilinx_ddr3_ctrl_axi32/u_xilinx_ddr3_ctrl_axi32_mig/u_memc_ui_top_axi/mem_intfc0/ddr_phy_top0/u_ddr_mc_phy_wrapper/u_ddr_mc_phy/ddr_phy_4lanes_1.u_ddr_phy_4lanes/ddr_byte_lane_D.ddr_byte_lane_D/ddr_byte_group_io/output_[1].oserdes_dq_.sdr.oserdes_dq_i/D3
                                                              9.024         
i_platform/i_system_ddr/u_xilinx_ddr3_ctrl_axi32/u_xilinx_ddr3_ctrl_axi32_mig/u_memc_ui_top_axi/mem_intfc0/ddr_phy_top0/u_ddr_mc_phy_wrapper/u_ddr_mc_phy/ddr_phy_4lanes_1.u_ddr_phy_4lanes/ddr_byte_lane_D.ddr_byte_lane_D/out_fifo/RDCLK
                               i_platform/i_system_ddr/u_xilinx_ddr3_ctrl_axi32/u_xilinx_ddr3_ctrl_axi32_mig/u_memc_ui_top_axi/mem_intfc0/ddr_phy_top0/u_ddr_mc_phy_wrapper/u_ddr_mc_phy/ddr_phy_4lanes_1.u_ddr_phy_4lanes/ddr_byte_lane_D.ddr_byte_lane_D/ddr_byte_group_io/output_[3].oserdes_dq_.sdr.oserdes_dq_i/D3
                                                              9.024         
i_platform/i_system_ddr/u_xilinx_ddr3_ctrl_axi32/u_xilinx_ddr3_ctrl_axi32_mig/u_memc_ui_top_axi/mem_intfc0/ddr_phy_top0/u_ddr_mc_phy_wrapper/u_ddr_mc_phy/ddr_phy_4lanes_1.u_ddr_phy_4lanes/ddr_byte_lane_D.ddr_byte_lane_D/out_fifo/RDCLK
                               i_platform/i_system_ddr/u_xilinx_ddr3_ctrl_axi32/u_xilinx_ddr3_ctrl_axi32_mig/u_memc_ui_top_axi/mem_intfc0/ddr_phy_top0/u_ddr_mc_phy_wrapper/u_ddr_mc_phy/ddr_phy_4lanes_1.u_ddr_phy_4lanes/ddr_byte_lane_D.ddr_byte_lane_D/ddr_byte_group_io/output_[7].oserdes_dq_.sdr.oserdes_dq_i/D3
                                                              9.024         
i_platform/i_system_ddr/u_xilinx_ddr3_ctrl_axi32/u_xilinx_ddr3_ctrl_axi32_mig/u_memc_ui_top_axi/mem_intfc0/ddr_phy_top0/u_ddr_mc_phy_wrapper/u_ddr_mc_phy/ddr_phy_4lanes_1.u_ddr_phy_4lanes/ddr_byte_lane_D.ddr_byte_lane_D/out_fifo/RDCLK
                               i_platform/i_system_ddr/u_xilinx_ddr3_ctrl_axi32/u_xilinx_ddr3_ctrl_axi32_mig/u_memc_ui_top_axi/mem_intfc0/ddr_phy_top0/u_ddr_mc_phy_wrapper/u_ddr_mc_phy/ddr_phy_4lanes_1.u_ddr_phy_4lanes/ddr_byte_lane_D.ddr_byte_lane_D/ddr_byte_group_io/output_[8].oserdes_dq_.sdr.oserdes_dq_i/D3
                                                              9.024         
i_platform/i_system_ddr/u_xilinx_ddr3_ctrl_axi32/u_xilinx_ddr3_ctrl_axi32_mig/u_memc_ui_top_axi/mem_intfc0/ddr_phy_top0/u_ddr_mc_phy_wrapper/u_ddr_mc_phy/ddr_phy_4lanes_0.u_ddr_phy_4lanes/ddr_byte_lane_B.ddr_byte_lane_B/phaser_in_gen.phaser_in/ICLKDIV
                               i_platform/i_system_ddr/u_xilinx_ddr3_ctrl_axi32/u_xilinx_ddr3_ctrl_axi32_mig/u_memc_ui_top_axi/mem_intfc0/ddr_phy_top0/u_ddr_mc_phy_wrapper/u_ddr_mc_phy/ddr_phy_4lanes_0.u_ddr_phy_4lanes/ddr_byte_lane_B.ddr_byte_lane_B/in_fifo_gen.in_fifo/WREN
                                                              9.423         
i_platform/i_system_ddr/u_xilinx_ddr3_ctrl_axi32/u_xilinx_ddr3_ctrl_axi32_mig/u_memc_ui_top_axi/mem_intfc0/ddr_phy_top0/u_ddr_mc_phy_wrapper/u_ddr_mc_phy/ddr_phy_4lanes_0.u_ddr_phy_4lanes/ddr_byte_lane_C.ddr_byte_lane_C/phaser_in_gen.phaser_in/ICLKDIV
                               i_platform/i_system_ddr/u_xilinx_ddr3_ctrl_axi32/u_xilinx_ddr3_ctrl_axi32_mig/u_memc_ui_top_axi/mem_intfc0/ddr_phy_top0/u_ddr_mc_phy_wrapper/u_ddr_mc_phy/ddr_phy_4lanes_0.u_ddr_phy_4lanes/ddr_byte_lane_C.ddr_byte_lane_C/in_fifo_gen.in_fifo/WREN
                                                              9.423         
i_platform/i_system_ddr/u_xilinx_ddr3_ctrl_axi32/u_xilinx_ddr3_ctrl_axi32_mig/u_memc_ui_top_axi/mem_intfc0/ddr_phy_top0/u_ddr_mc_phy_wrapper/u_ddr_mc_phy/ddr_phy_4lanes_0.u_ddr_phy_4lanes/ddr_byte_lane_A.ddr_byte_lane_A/phaser_in_gen.phaser_in/ICLKDIV
                               i_platform/i_system_ddr/u_xilinx_ddr3_ctrl_axi32/u_xilinx_ddr3_ctrl_axi32_mig/u_memc_ui_top_axi/mem_intfc0/ddr_phy_top0/u_ddr_mc_phy_wrapper/u_ddr_mc_phy/ddr_phy_4lanes_0.u_ddr_phy_4lanes/ddr_byte_lane_A.ddr_byte_lane_A/in_fifo_gen.in_fifo/WREN
                                                              9.423         
i_platform/i_system_ddr/u_xilinx_ddr3_ctrl_axi32/u_xilinx_ddr3_ctrl_axi32_mig/u_memc_ui_top_axi/mem_intfc0/ddr_phy_top0/u_ddr_mc_phy_wrapper/u_ddr_mc_phy/ddr_phy_4lanes_0.u_ddr_phy_4lanes/ddr_byte_lane_D.ddr_byte_lane_D/phaser_in_gen.phaser_in/ICLKDIV
                               i_platform/i_system_ddr/u_xilinx_ddr3_ctrl_axi32/u_xilinx_ddr3_ctrl_axi32_mig/u_memc_ui_top_axi/mem_intfc0/ddr_phy_top0/u_ddr_mc_phy_wrapper/u_ddr_mc_phy/ddr_phy_4lanes_0.u_ddr_phy_4lanes/ddr_byte_lane_D.ddr_byte_lane_D/in_fifo_gen.in_fifo/WREN
                                                              9.423         
i_platform/i_rtl/platform_controller/i_jtag_controller/i_tap_controller/jtag_tdo_reg/C
                               pjtag_rtdo                     11.313        
pjtag_rtms                     i_platform/i_rtl/platform_controller/i_jtag_controller/i_tap_controller/i_ireg/scan_reg_slave_reg[1]/CE
                                                              22.546        
pjtag_rtms                     i_platform/i_rtl/platform_controller/i_jtag_controller/i_tap_controller/i_ireg/scan_reg_slave_reg[7]/CE
                                                              22.546        
pjtag_rtms                     i_platform/i_rtl/platform_controller/i_jtag_controller/i_tap_controller/i_ireg/scan_reg_slave_reg[0]/CE
                                                              22.549        
pjtag_rtms                     i_platform/i_rtl/platform_controller/i_jtag_controller/i_tap_controller/i_ireg/scan_reg_slave_reg[2]/CE
                                                              22.549        
pjtag_rtms                     i_platform/i_rtl/platform_controller/i_jtag_controller/i_tap_controller/i_ireg/scan_reg_slave_reg[3]/CE
                                                              22.549        
pjtag_rtms                     i_platform/i_rtl/platform_controller/i_jtag_controller/i_tap_controller/i_ireg/scan_reg_slave_reg[4]/CE
                                                              22.549        
pjtag_rtms                     i_platform/i_rtl/platform_controller/i_jtag_controller/i_tap_controller/i_ireg/scan_reg_slave_reg[5]/CE
                                                              22.549        
pjtag_rtms                     i_platform/i_rtl/platform_controller/i_jtag_controller/i_tap_controller/i_ireg/scan_reg_slave_reg[6]/CE
                                                              22.549        
pjtag_rtdi                     i_platform/i_rtl/platform_controller/i_jtag_controller/i_tap_controller/jtag_tdo_reg/D
                                                              22.830        
pjtag_rtms                     i_platform/i_rtl/platform_controller/i_jtag_controller/i_tap_controller/jtag_tdo_reg/CE
                                                              23.101        
pjtag_rtms                     i_platform/i_rtl/platform_controller/i_jtag_controller/i_tap_controller/i_ireg/scan_reg_slave_reg[3]/D
                                                              23.242        
pjtag_rtms                     i_platform/i_rtl/platform_controller/i_jtag_controller/i_tap_controller/i_ireg/scan_reg_slave_reg[0]/D
                                                              23.250        
pjtag_rtms                     i_platform/i_rtl/platform_controller/i_jtag_controller/i_tap_controller/i_ireg/scan_reg_slave_reg[4]/D
                                                              23.256        
pjtag_rtms                     i_platform/i_rtl/platform_controller/i_jtag_controller/i_tap_controller/i_ireg/scan_reg_slave_reg[2]/D
                                                              23.268        
pjtag_rtms                     i_platform/i_rtl/platform_controller/i_jtag_controller/i_tap_controller/i_ireg/scan_reg_slave_reg[5]/D
                                                              23.339        
pjtag_rtms                     i_platform/i_rtl/platform_controller/i_jtag_controller/i_tap_controller/i_ireg/scan_reg_slave_reg[6]/D
                                                              23.354        
pjtag_rtms                     i_platform/i_rtl/platform_controller/i_jtag_controller/i_tap_controller/i_ireg/scan_reg_slave_reg[1]/D
                                                              23.369        
pjtag_rtms                     i_platform/i_rtl/platform_controller/i_jtag_controller/i_tap_controller/i_ireg/scan_reg_slave_reg[7]/D
                                                              23.411        
i_platform/i_rtl/platform_controller/i_jtag_controller/i_tap_controller/i_ireg/scan_reg_slave_reg[0]/C
                               i_platform/i_rtl/platform_controller/i_jtag_controller/i_interpreter/request_data_reg[24]/CE
                                                              45.302        
i_platform/i_rtl/platform_controller/i_jtag_controller/i_tap_controller/i_ireg/scan_reg_slave_reg[0]/C
                               i_platform/i_rtl/platform_controller/i_jtag_controller/i_interpreter/request_data_reg[3]/CE
                                                              45.302        
i_platform/i_rtl/platform_controller/i_jtag_controller/i_tap_controller/i_ireg/scan_reg_slave_reg[0]/C
                               i_platform/i_rtl/platform_controller/i_jtag_controller/i_interpreter/request_data_reg[4]/CE
                                                              45.302        
i_platform/i_rtl/platform_controller/i_jtag_controller/i_tap_controller/i_ireg/scan_reg_slave_reg[0]/C
                               i_platform/i_rtl/platform_controller/i_jtag_controller/i_interpreter/request_data_reg[6]/CE
                                                              45.302        
i_platform/i_rtl/platform_controller/i_jtag_controller/i_tap_controller/i_ireg/scan_reg_slave_reg[0]/C
                               i_platform/i_rtl/platform_controller/i_jtag_controller/i_interpreter/request_data_reg[8]/CE
                                                              45.463        
i_platform/i_rtl/platform_controller/i_jtag_controller/i_tap_controller/i_ireg/scan_reg_slave_reg[0]/C
                               i_platform/i_rtl/platform_controller/i_jtag_controller/i_interpreter/request_data_reg[10]/CE
                                                              45.645        
i_platform/i_rtl/platform_controller/i_jtag_controller/i_tap_controller/i_ireg/scan_reg_slave_reg[0]/C
                               i_platform/i_rtl/platform_controller/i_jtag_controller/i_interpreter/request_data_reg[22]/CE
                                                              45.645        
i_platform/i_rtl/platform_controller/i_jtag_controller/i_tap_controller/i_ireg/scan_reg_slave_reg[0]/C
                               i_platform/i_rtl/platform_controller/i_jtag_controller/i_interpreter/request_data_reg[25]/CE
                                                              45.645        
i_platform/i_rtl/platform_controller/i_jtag_controller/i_tap_controller/i_ireg/scan_reg_slave_reg[0]/C
                               i_platform/i_rtl/platform_controller/i_jtag_controller/i_interpreter/request_data_reg[29]/CE
                                                              45.645        
i_platform/i_rtl/platform_controller/i_jtag_controller/i_tap_controller/i_ireg/scan_reg_slave_reg[0]/C
                               i_platform/i_rtl/platform_controller/i_jtag_controller/i_interpreter/request_data_reg[5]/CE
                                                              45.645        
i_platform/i_rtl/platform_controller/i_jtag_controller/i_tap_controller/i_ireg/scan_reg_slave_reg[0]/C
                               i_platform/i_rtl/platform_controller/i_jtag_controller/i_interpreter/request_data_reg[11]/CE
                                                              45.714        
i_platform/i_rtl/platform_controller/i_jtag_controller/i_tap_controller/i_ireg/scan_reg_slave_reg[0]/C
                               i_platform/i_rtl/platform_controller/i_jtag_controller/i_interpreter/request_data_reg[15]/CE
                                                              45.714        
i_platform/i_rtl/platform_controller/i_jtag_controller/i_tap_controller/i_ireg/scan_reg_slave_reg[0]/C
                               i_platform/i_rtl/platform_controller/i_jtag_controller/i_interpreter/request_data_reg[17]/CE
                                                              45.714        
i_platform/i_rtl/platform_controller/i_jtag_controller/i_tap_controller/i_ireg/scan_reg_slave_reg[0]/C
                               i_platform/i_rtl/platform_controller/i_jtag_controller/i_interpreter/request_data_reg[19]/CE
                                                              45.714        
i_platform/i_rtl/platform_controller/i_jtag_controller/i_tap_controller/i_ireg/scan_reg_slave_reg[0]/C
                               i_platform/i_rtl/platform_controller/i_jtag_controller/i_interpreter/request_data_reg[20]/CE
                                                              45.714        
i_platform/i_rtl/platform_controller/i_jtag_controller/i_tap_controller/i_ireg/scan_reg_slave_reg[0]/C
                               i_platform/i_rtl/platform_controller/i_jtag_controller/i_interpreter/request_data_reg[21]/CE
                                                              45.714        
i_platform/i_rtl/platform_controller/i_jtag_controller/i_tap_controller/i_ireg/scan_reg_slave_reg[0]/C
                               i_platform/i_rtl/platform_controller/i_jtag_controller/i_interpreter/request_data_reg[23]/CE
                                                              45.714        
i_platform/i_rtl/platform_controller/i_jtag_controller/i_tap_controller/i_ireg/scan_reg_slave_reg[0]/C
                               i_platform/i_rtl/platform_controller/i_jtag_controller/i_interpreter/request_data_reg[31]/CE
                                                              45.714        
i_platform/i_rtl/platform_controller/i_jtag_controller/i_tap_controller/i_ireg/scan_reg_slave_reg[0]/C
                               i_platform/i_rtl/platform_controller/i_jtag_controller/i_interpreter/request_data_reg[28]/CE
                                                              45.741        
i_platform/i_rtl/platform_controller/i_jtag_controller/i_tap_controller/i_ireg/scan_reg_slave_reg[0]/C
                               i_platform/i_rtl/platform_controller/i_jtag_controller/i_interpreter/request_data_reg[9]/CE
                                                              45.741        
i_platform/i_rtl/platform_controller/i_jtag_controller/i_tap_controller/i_ireg/scan_reg_slave_reg[0]/C
                               i_platform/i_rtl/platform_controller/i_jtag_controller/i_interpreter/request_data_reg[13]/CE
                                                              45.809        
i_platform/i_rtl/platform_controller/i_jtag_controller/i_tap_controller/i_ireg/scan_reg_slave_reg[0]/C
                               i_platform/i_rtl/platform_controller/i_jtag_controller/i_interpreter/request_data_reg[16]/CE
                                                              45.809        
i_platform/i_rtl/platform_controller/i_jtag_controller/i_tap_controller/i_ireg/scan_reg_slave_reg[0]/C
                               i_platform/i_rtl/platform_controller/i_jtag_controller/i_interpreter/request_data_reg[7]/CE
                                                              45.809        
i_platform/i_rtl/platform_controller/i_jtag_controller/i_tap_controller/i_ireg/scan_reg_slave_reg[0]/C
                               i_platform/i_rtl/platform_controller/i_jtag_controller/i_interpreter/request_data_reg[12]/CE
                                                              45.915        
i_platform/i_rtl/platform_controller/i_jtag_controller/i_tap_controller/i_ireg/scan_reg_slave_reg[0]/C
                               i_platform/i_rtl/platform_controller/i_jtag_controller/i_interpreter/request_data_reg[14]/CE
                                                              46.029        
i_platform/i_rtl/platform_controller/i_jtag_controller/i_tap_controller/i_ireg/scan_reg_slave_reg[0]/C
                               i_platform/i_rtl/platform_controller/i_jtag_controller/i_interpreter/request_data_reg[18]/CE
                                                              46.029        
i_platform/i_rtl/platform_controller/i_jtag_controller/i_tap_controller/i_ireg/scan_reg_slave_reg[0]/C
                               i_platform/i_rtl/platform_controller/i_jtag_controller/i_interpreter/request_data_reg[30]/CE
                                                              46.029        
i_platform/i_rtl/platform_controller/i_jtag_controller/i_tap_controller/i_ireg/scan_reg_slave_reg[0]/C
                               i_platform/i_rtl/platform_controller/i_jtag_controller/i_interpreter/request_data_reg[26]/CE
                                                              46.066        
i_platform/i_rtl/platform_controller/i_jtag_controller/i_tap_controller/i_ireg/scan_reg_slave_reg[0]/C
                               i_platform/i_rtl/platform_controller/i_jtag_controller/i_interpreter/request_data_reg[2]/CE
                                                              46.066        
i_platform/i_rtl/platform_controller/i_jtag_controller/i_tap_controller/i_ireg/scan_reg_slave_reg[0]/C
                               i_platform/i_rtl/platform_controller/i_jtag_controller/i_tap_controller/i_dreg/scan_reg_master_reg[0]/CE
                                                              46.229        
i_platform/i_rtl/platform_controller/i_jtag_controller/i_tap_controller/i_ireg/scan_reg_slave_reg[0]/C
                               i_platform/i_rtl/platform_controller/i_jtag_controller/i_tap_controller/i_dreg/scan_reg_master_reg[1]/CE
                                                              46.229        
i_platform/i_rtl/platform_controller/i_jtag_controller/i_tap_controller/i_ireg/scan_reg_slave_reg[0]/C
                               i_platform/i_rtl/platform_controller/i_jtag_controller/i_tap_controller/i_dreg/scan_reg_master_reg[26]/CE
                                                              46.229        
i_platform/i_rtl/platform_controller/i_jtag_controller/i_tap_controller/i_ireg/scan_reg_slave_reg[0]/C
                               i_platform/i_rtl/platform_controller/i_jtag_controller/i_interpreter/request_data_reg[0]/CE
                                                              46.262        
i_platform/i_rtl/platform_controller/i_jtag_controller/i_tap_controller/i_ireg/scan_reg_slave_reg[0]/C
                               i_platform/i_rtl/platform_controller/i_jtag_controller/i_interpreter/request_data_reg[1]/CE
                                                              46.262        
i_platform/i_rtl/platform_controller/i_jtag_controller/i_tap_controller/i_ireg/scan_reg_slave_reg[0]/C
                               i_platform/i_rtl/platform_controller/i_jtag_controller/i_interpreter/request_data_reg[27]/CE
                                                              46.262        
i_platform/i_rtl/platform_controller/i_jtag_controller/i_tap_controller/i_ireg/scan_reg_slave_reg[0]/C
                               i_platform/i_rtl/platform_controller/i_jtag_controller/i_tap_controller/i_dreg/scan_reg_master_reg[15]/CE
                                                              46.264        
i_platform/i_rtl/platform_controller/i_jtag_controller/i_tap_controller/i_ireg/scan_reg_slave_reg[0]/C
                               i_platform/i_rtl/platform_controller/i_jtag_controller/i_tap_controller/i_dreg/scan_reg_master_reg[16]/CE
                                                              46.264        
i_platform/i_rtl/platform_controller/i_jtag_controller/i_tap_controller/i_ireg/scan_reg_slave_reg[0]/C
                               i_platform/i_rtl/platform_controller/i_jtag_controller/i_tap_controller/i_dreg/scan_reg_master_reg[8]/CE
                                                              46.264        
i_platform/i_rtl/platform_controller/i_jtag_controller/i_tap_controller/i_ireg/scan_reg_slave_reg[0]/C
                               i_platform/i_rtl/platform_controller/i_jtag_controller/i_tap_controller/i_dreg/scan_reg_master_reg[9]/CE
                                                              46.264        
i_platform/i_rtl/platform_controller/i_jtag_controller/i_tap_controller/i_ireg/scan_reg_slave_reg[0]/C
                               i_platform/i_rtl/platform_controller/i_jtag_controller/i_tap_controller/i_dreg/scan_reg_master_reg[10]/CE
                                                              46.303        
i_platform/i_rtl/platform_controller/i_jtag_controller/i_tap_controller/i_ireg/scan_reg_slave_reg[0]/C
                               i_platform/i_rtl/platform_controller/i_jtag_controller/i_tap_controller/i_dreg/scan_reg_master_reg[11]/CE
                                                              46.303        
i_platform/i_rtl/platform_controller/i_jtag_controller/i_tap_controller/i_ireg/scan_reg_slave_reg[0]/C
                               i_platform/i_rtl/platform_controller/i_jtag_controller/i_tap_controller/i_dreg/scan_reg_master_reg[13]/CE
                                                              46.303        
i_platform/i_rtl/platform_controller/i_jtag_controller/i_tap_controller/i_ireg/scan_reg_slave_reg[0]/C
                               i_platform/i_rtl/platform_controller/i_jtag_controller/i_tap_controller/i_dreg/scan_reg_master_reg[14]/CE
                                                              46.303        
i_platform/i_rtl/platform_controller/i_jtag_controller/i_tap_controller/i_ireg/scan_reg_slave_reg[0]/C
                               i_platform/i_rtl/platform_controller/i_jtag_controller/i_tap_controller/i_dreg/scan_reg_master_reg[12]/CE
                                                              46.356        
i_platform/i_rtl/platform_controller/i_jtag_controller/i_tap_controller/i_ireg/scan_reg_slave_reg[0]/C
                               i_platform/i_rtl/platform_controller/i_jtag_controller/i_tap_controller/i_dreg/scan_reg_master_reg[17]/CE
                                                              46.356        
i_platform/i_rtl/platform_controller/i_jtag_controller/i_tap_controller/i_ireg/scan_reg_slave_reg[0]/C
                               i_platform/i_rtl/platform_controller/i_jtag_controller/i_tap_controller/i_dreg/scan_reg_master_reg[20]/CE
                                                              46.356        
i_platform/i_rtl/platform_controller/i_jtag_controller/i_tap_controller/i_ireg/scan_reg_slave_reg[0]/C
                               i_platform/i_rtl/platform_controller/i_jtag_controller/i_tap_controller/i_dreg/scan_reg_master_reg[21]/CE
                                                              46.356        
i_platform/i_rtl/platform_controller/i_jtag_controller/i_tap_controller/i_ireg/scan_reg_slave_reg[0]/C
                               i_platform/i_rtl/platform_controller/i_jtag_controller/i_tap_controller/i_dreg/scan_reg_master_reg[23]/CE
                                                              46.383        
i_platform/i_rtl/platform_controller/i_jtag_controller/i_tap_controller/i_ireg/scan_reg_slave_reg[0]/C
                               i_platform/i_rtl/platform_controller/i_jtag_controller/i_tap_controller/i_dreg/scan_reg_master_reg[24]/CE
                                                              46.383        
i_platform/i_rtl/platform_controller/i_jtag_controller/i_tap_controller/i_ireg/scan_reg_slave_reg[0]/C
                               i_platform/i_rtl/platform_controller/i_jtag_controller/i_tap_controller/i_dreg/scan_reg_master_reg[25]/CE
                                                              46.383        
i_platform/i_rtl/platform_controller/i_jtag_controller/i_tap_controller/i_ireg/scan_reg_slave_reg[0]/C
                               i_platform/i_rtl/platform_controller/i_jtag_controller/i_tap_controller/i_dreg/scan_reg_master_reg[20]/D
                                                              46.404        
i_platform/i_rtl/platform_controller/i_jtag_controller/i_tap_controller/i_ireg/scan_reg_slave_reg[0]/C
                               i_platform/i_rtl/platform_controller/i_jtag_controller/i_tap_controller/i_dreg/scan_reg_master_reg[9]/D
                                                              46.412        
i_platform/i_rtl/platform_controller/i_jtag_controller/i_tap_controller/i_ireg/scan_reg_slave_reg[0]/C
                               i_platform/i_rtl/platform_controller/i_jtag_controller/i_tap_controller/i_dreg/scan_reg_master_reg[8]/D
                                                              46.417        
i_platform/i_rtl/platform_controller/i_jtag_controller/i_tap_controller/i_ireg/scan_reg_slave_reg[0]/C
                               i_platform/i_rtl/platform_controller/i_jtag_controller/i_tap_controller/i_dreg/scan_reg_master_reg[22]/CE
                                                              46.481        
i_platform/i_rtl/platform_controller/i_jtag_controller/i_tap_controller/i_ireg/scan_reg_slave_reg[0]/C
                               i_platform/i_rtl/platform_controller/i_jtag_controller/i_tap_controller/i_dreg/scan_reg_master_reg[6]/CE
                                                              46.481        
i_platform/i_rtl/platform_controller/i_jtag_controller/i_tap_controller/i_ireg/scan_reg_slave_reg[0]/C
                               i_platform/i_rtl/platform_controller/i_jtag_controller/i_tap_controller/i_dreg/scan_reg_master_reg[30]/CE
                                                              46.482        
i_platform/i_rtl/platform_controller/i_jtag_controller/i_tap_controller/i_ireg/scan_reg_slave_reg[0]/C
                               i_platform/i_rtl/platform_controller/i_jtag_controller/i_tap_controller/i_dreg/scan_reg_master_reg[31]/CE
                                                              46.482        
i_platform/i_rtl/platform_controller/i_jtag_controller/i_tap_controller/i_ireg/scan_reg_slave_reg[0]/C
                               i_platform/i_rtl/platform_controller/i_jtag_controller/i_tap_controller/i_dreg/scan_reg_master_reg[17]/D
                                                              46.492        
i_platform/i_rtl/platform_controller/i_jtag_controller/i_tap_controller/i_ireg/scan_reg_slave_reg[0]/C
                               i_platform/i_rtl/platform_controller/i_jtag_controller/i_tap_controller/i_dreg/scan_reg_master_reg[12]/D
                                                              46.498        
i_platform/i_rtl/platform_controller/i_jtag_controller/i_tap_controller/i_ireg/scan_reg_slave_reg[0]/C
                               i_platform/i_rtl/platform_controller/i_jtag_controller/i_tap_controller/i_dreg/scan_reg_master_reg[31]/D
                                                              46.539        
i_platform/i_rtl/platform_controller/i_jtag_controller/i_tap_controller/i_ireg/scan_reg_slave_reg[0]/C
                               i_platform/i_rtl/platform_controller/i_jtag_controller/i_tap_controller/i_dreg/scan_reg_master_reg[15]/D
                                                              46.540        
i_platform/i_rtl/platform_controller/i_jtag_controller/i_tap_controller/i_ireg/scan_reg_slave_reg[0]/C
                               i_platform/i_rtl/platform_controller/i_jtag_controller/i_tap_controller/i_dreg/scan_reg_master_reg[24]/D
                                                              46.564        
i_platform/i_rtl/platform_controller/i_jtag_controller/i_tap_controller/i_ireg/scan_reg_slave_reg[0]/C
                               i_platform/i_rtl/platform_controller/i_jtag_controller/i_tap_controller/i_dreg/scan_reg_master_reg[18]/CE
                                                              46.576        
i_platform/i_rtl/platform_controller/i_jtag_controller/i_tap_controller/i_ireg/scan_reg_slave_reg[0]/C
                               i_platform/i_rtl/platform_controller/i_jtag_controller/i_tap_controller/i_dreg/scan_reg_master_reg[19]/CE
                                                              46.576        
i_platform/i_rtl/platform_controller/i_jtag_controller/i_tap_controller/i_ireg/scan_reg_slave_reg[0]/C
                               i_platform/i_rtl/platform_controller/i_jtag_controller/i_tap_controller/i_dreg/scan_reg_master_reg[7]/CE
                                                              46.576        
i_platform/i_rtl/platform_controller/i_jtag_controller/i_tap_controller/i_ireg/scan_reg_slave_reg[0]/C
                               i_platform/i_rtl/platform_controller/i_jtag_controller/i_tap_controller/i_dreg/scan_reg_master_reg[21]/D
                                                              46.586        
i_platform/i_rtl/platform_controller/i_jtag_controller/i_tap_controller/i_ireg/scan_reg_slave_reg[0]/C
                               i_platform/i_rtl/platform_controller/i_jtag_controller/i_tap_controller/i_dreg/scan_reg_master_reg[16]/D
                                                              46.588        
i_platform/i_rtl/platform_controller/i_jtag_controller/i_tap_controller/i_ireg/scan_reg_slave_reg[0]/C
                               i_platform/i_rtl/platform_controller/i_jtag_controller/i_tap_controller/i_dreg/scan_reg_master_reg[14]/D
                                                              46.589        
i_platform/i_rtl/platform_controller/i_jtag_controller/i_tap_controller/i_ireg/scan_reg_slave_reg[0]/C
                               i_platform/i_rtl/platform_controller/i_jtag_controller/i_tap_controller/i_dreg/scan_reg_master_reg[23]/D
                                                              46.594        
i_platform/i_rtl/platform_controller/i_jtag_controller/i_tap_controller/i_ireg/scan_reg_slave_reg[0]/C
                               i_platform/i_rtl/platform_controller/i_jtag_controller/i_tap_controller/i_dreg/scan_reg_master_reg[13]/D
                                                              46.597        
i_platform/i_rtl/platform_controller/i_jtag_controller/i_tap_controller/i_ireg/scan_reg_slave_reg[0]/C
                               i_platform/i_rtl/platform_controller/i_jtag_controller/i_tap_controller/i_dreg/scan_reg_master_reg[6]/D
                                                              46.618        
i_platform/i_rtl/platform_controller/i_jtag_controller/i_tap_controller/FSM_onehot_state_reg[14]/C
                               i_platform/i_rtl/platform_controller/i_jtag_controller/i_tap_controller/i_dreg/scan_reg_slave_reg[11]/CE
                                                              46.645        
i_platform/i_rtl/platform_controller/i_jtag_controller/i_tap_controller/FSM_onehot_state_reg[14]/C
                               i_platform/i_rtl/platform_controller/i_jtag_controller/i_tap_controller/i_dreg/scan_reg_slave_reg[17]/CE
                                                              46.645        
i_platform/i_rtl/platform_controller/i_jtag_controller/i_tap_controller/FSM_onehot_state_reg[14]/C
                               i_platform/i_rtl/platform_controller/i_jtag_controller/i_tap_controller/i_dreg/scan_reg_slave_reg[19]/CE
                                                              46.645        
i_platform/i_rtl/platform_controller/i_jtag_controller/i_tap_controller/FSM_onehot_state_reg[14]/C
                               i_platform/i_rtl/platform_controller/i_jtag_controller/i_tap_controller/i_dreg/scan_reg_slave_reg[20]/CE
                                                              46.645        
i_platform/i_rtl/platform_controller/i_jtag_controller/i_tap_controller/FSM_onehot_state_reg[14]/C
                               i_platform/i_rtl/platform_controller/i_jtag_controller/i_tap_controller/i_dreg/scan_reg_slave_reg[21]/CE
                                                              46.645        
i_platform/i_rtl/platform_controller/i_jtag_controller/i_tap_controller/FSM_onehot_state_reg[14]/C
                               i_platform/i_rtl/platform_controller/i_jtag_controller/i_tap_controller/i_dreg/scan_reg_slave_reg[31]/CE
                                                              46.645        
i_platform/i_rtl/platform_controller/i_jtag_controller/i_tap_controller/FSM_onehot_state_reg[14]/C
                               i_platform/i_rtl/platform_controller/i_jtag_controller/i_tap_controller/i_dreg/scan_reg_slave_reg[23]/CE
                                                              46.650        
i_platform/i_rtl/platform_controller/i_jtag_controller/i_tap_controller/FSM_onehot_state_reg[14]/C
                               i_platform/i_rtl/platform_controller/i_jtag_controller/i_tap_controller/i_dreg/scan_reg_slave_reg[28]/CE
                                                              46.650        
i_platform/i_rtl/platform_controller/i_jtag_controller/i_tap_controller/FSM_onehot_state_reg[14]/C
                               i_platform/i_rtl/platform_controller/i_jtag_controller/i_tap_controller/i_dreg/scan_reg_slave_reg[7]/CE
                                                              46.650        
i_platform/i_rtl/platform_controller/i_jtag_controller/i_tap_controller/i_ireg/scan_reg_slave_reg[0]/C
                               i_platform/i_rtl/platform_controller/i_jtag_controller/i_tap_controller/i_dreg/scan_reg_master_reg[27]/CE
                                                              46.654        



