Copyright 1986-2022 Xilinx, Inc. All Rights Reserved. Copyright 2022-2025 Advanced Micro Devices, Inc. All Rights Reserved.
------------------------------------------------------------------------------------------------------------------------------------------------------------------------------------------------
| Tool Version : Vivado v.2025.2 (lin64) Build 6299465 Fri Nov 14 12:34:56 MST 2025
| Date         : Tue Sep 29 10:30:21 2026
| Host         : localhost.localdomain running 64-bit Red Hat Enterprise Linux release 8.10 (Ootpa)
| Command      : report_timing -sort_by group -max_paths 100 -path_type summary -file /home/kshan/rvx_etri/platform_repo/starc_vera1/imp_genesys2-eb_2026-09-29/imp_result/route_timing_max.rpt
| Design       : STARC_VERA1_FPGA
| Device       : 7k325t-ffg900
| Speed File   : -2  PRODUCTION 1.12 2017-02-17
| Design State : Routed
------------------------------------------------------------------------------------------------------------------------------------------------------------------------------------------------

Timing Report

Startpoint                     Endpoint                       Slack(ns)     
----------------------------------------------------------------------------
i_platform/i_rtl/i_main_core/i_rocket/frontend/icache/data_arrays_0/data_arrays_0_0_ext/ram_reg_2/CLKBWRCLK
                               i_platform/i_rtl/i_main_core/i_rocket/frontend/fq/elts_3_data_reg[3]/CE
                                                              0.477         
i_platform/i_rtl/i_main_core/i_rocket/frontend/icache/data_arrays_0/data_arrays_0_0_ext/ram_reg_2/CLKBWRCLK
                               i_platform/i_rtl/i_main_core/i_rocket/frontend/fq/elts_3_data_reg[4]/CE
                                                              0.477         
i_platform/i_rtl/i_main_core/i_rocket/frontend/icache/data_arrays_0/data_arrays_0_0_ext/ram_reg_2/CLKBWRCLK
                               i_platform/i_rtl/i_main_core/i_rocket/frontend/fq/elts_3_pc_reg[20]/CE
                                                              0.477         
i_platform/i_rtl/i_main_core/i_rocket/frontend/icache/data_arrays_0/data_arrays_0_0_ext/ram_reg_2/CLKBWRCLK
                               i_platform/i_rtl/i_main_core/i_rocket/frontend/fq/elts_3_pc_reg[21]/CE
                                                              0.477         
i_platform/i_rtl/i_main_core/i_rocket/frontend/icache/data_arrays_0/data_arrays_0_0_ext/ram_reg_2/CLKBWRCLK
                               i_platform/i_rtl/i_main_core/i_rocket/frontend/fq/elts_3_pc_reg[6]/CE
                                                              0.477         
i_platform/i_rtl/i_main_core/i_rocket/frontend/icache/data_arrays_0/data_arrays_0_0_ext/ram_reg_2/CLKBWRCLK
                               i_platform/i_rtl/i_main_core/i_rocket/frontend/fq/elts_3_pc_reg[7]/CE
                                                              0.477         
i_platform/i_rtl/i_main_core/i_rocket/frontend/icache/data_arrays_0/data_arrays_0_0_ext/ram_reg_2/CLKBWRCLK
                               i_platform/i_rtl/i_main_core/i_rocket/frontend/fq/elts_4_btb_entry_reg[1]/CE
                                                              0.479         
i_platform/i_rtl/i_main_core/i_rocket/frontend/icache/data_arrays_0/data_arrays_0_0_ext/ram_reg_2/CLKBWRCLK
                               i_platform/i_rtl/i_main_core/i_rocket/frontend/fq/elts_4_btb_entry_reg[2]/CE
                                                              0.479         
i_platform/i_rtl/i_main_core/i_rocket/frontend/icache/data_arrays_0/data_arrays_0_0_ext/ram_reg_2/CLKBWRCLK
                               i_platform/i_rtl/i_main_core/i_rocket/frontend/fq/elts_3_btb_bht_history_reg[6]/CE
                                                              0.480         
i_platform/i_rtl/i_main_core/i_rocket/frontend/icache/data_arrays_0/data_arrays_0_0_ext/ram_reg_2/CLKBWRCLK
                               i_platform/i_rtl/i_main_core/i_rocket/frontend/fq/elts_3_btb_bht_history_reg[7]/CE
                                                              0.480         
i_platform/i_rtl/i_main_core/i_rocket/frontend/icache/data_arrays_0/data_arrays_0_0_ext/ram_reg_2/CLKBWRCLK
                               i_platform/i_rtl/i_main_core/i_rocket/frontend/fq/elts_3_data_reg[25]/CE
                                                              0.480         
i_platform/i_rtl/i_main_core/i_rocket/frontend/icache/data_arrays_0/data_arrays_0_0_ext/ram_reg_2/CLKBWRCLK
                               i_platform/i_rtl/i_main_core/i_rocket/frontend/fq/elts_3_data_reg[26]/CE
                                                              0.480         
i_platform/i_rtl/i_main_core/i_rocket/frontend/icache/data_arrays_0/data_arrays_0_0_ext/ram_reg_2/CLKBWRCLK
                               i_platform/i_rtl/i_main_core/i_rocket/frontend/fq/elts_3_data_reg[29]/CE
                                                              0.480         
i_platform/i_rtl/i_main_core/i_rocket/frontend/icache/data_arrays_0/data_arrays_0_0_ext/ram_reg_2/CLKBWRCLK
                               i_platform/i_rtl/i_main_core/i_rocket/frontend/fq/elts_3_data_reg[30]/CE
                                                              0.480         
i_platform/i_rtl/i_main_core/i_rocket/frontend/icache/data_arrays_0/data_arrays_0_0_ext/ram_reg_2/CLKBWRCLK
                               i_platform/i_rtl/i_main_core/i_rocket/frontend/fq/elts_1_btb_entry_reg[1]/CE
                                                              0.482         
i_platform/i_rtl/i_main_core/i_rocket/frontend/icache/data_arrays_0/data_arrays_0_0_ext/ram_reg_2/CLKBWRCLK
                               i_platform/i_rtl/i_main_core/i_rocket/frontend/fq/elts_3_btb_entry_reg[0]/CE
                                                              0.500         
i_platform/i_rtl/i_main_core/i_rocket/frontend/icache/data_arrays_0/data_arrays_0_0_ext/ram_reg_2/CLKBWRCLK
                               i_platform/i_rtl/i_main_core/i_rocket/frontend/fq/elts_3_btb_entry_reg[3]/CE
                                                              0.500         
i_platform/i_rtl/i_main_core/i_rocket/frontend/icache/data_arrays_0/data_arrays_0_0_ext/ram_reg_2/CLKBWRCLK
                               i_platform/i_rtl/i_main_core/i_rocket/frontend/fq/elts_3_pc_reg[1]/CE
                                                              0.500         
i_platform/i_rtl/i_main_core/i_rocket/frontend/icache/data_arrays_0/data_arrays_0_0_ext/ram_reg_2/CLKBWRCLK
                               i_platform/i_rtl/i_main_core/i_rocket/frontend/fq/elts_3_xcpt_ae_inst_reg/CE
                                                              0.500         
i_platform/i_rtl/i_main_core/i_rocket/frontend/icache/data_arrays_0/data_arrays_0_0_ext/ram_reg_2/CLKBWRCLK
                               i_platform/i_rtl/i_main_core/i_rocket/frontend/fq/elts_4_data_reg[29]/CE
                                                              0.506         
i_platform/i_rtl/i_main_core/i_rocket/frontend/icache/data_arrays_0/data_arrays_0_0_ext/ram_reg_2/CLKBWRCLK
                               i_platform/i_rtl/i_main_core/i_rocket/frontend/fq/elts_4_data_reg[3]/CE
                                                              0.506         
i_platform/i_rtl/i_main_core/i_rocket/frontend/icache/data_arrays_0/data_arrays_0_0_ext/ram_reg_2/CLKBWRCLK
                               i_platform/i_rtl/i_main_core/i_rocket/frontend/fq/elts_4_data_reg[4]/CE
                                                              0.506         
i_platform/i_rtl/i_main_core/i_rocket/frontend/icache/data_arrays_0/data_arrays_0_0_ext/ram_reg_2/CLKBWRCLK
                               i_platform/i_rtl/i_main_core/i_rocket/frontend/fq/elts_4_data_reg[6]/CE
                                                              0.506         
i_platform/i_rtl/i_main_core/i_rocket/frontend/icache/data_arrays_0/data_arrays_0_0_ext/ram_reg_2/CLKBWRCLK
                               i_platform/i_rtl/i_main_core/i_rocket/frontend/fq/elts_4_data_reg[9]/CE
                                                              0.506         
i_platform/i_rtl/i_main_core/i_rocket/frontend/icache/data_arrays_0/data_arrays_0_0_ext/ram_reg_2/CLKBWRCLK
                               i_platform/i_rtl/i_main_core/i_rocket/frontend/fq/elts_4_pc_reg[12]/CE
                                                              0.506         
i_platform/i_rtl/i_main_core/i_rocket/frontend/icache/data_arrays_0/data_arrays_0_0_ext/ram_reg_2/CLKBWRCLK
                               i_platform/i_rtl/i_main_core/i_rocket/frontend/fq/elts_4_pc_reg[20]/CE
                                                              0.506         
i_platform/i_rtl/i_main_core/i_rocket/frontend/icache/data_arrays_0/data_arrays_0_0_ext/ram_reg_2/CLKBWRCLK
                               i_platform/i_rtl/i_main_core/i_rocket/frontend/fq/elts_4_pc_reg[30]/CE
                                                              0.506         
i_platform/i_rtl/i_main_core/i_rocket/frontend/icache/data_arrays_0/data_arrays_0_0_ext/ram_reg_2/CLKBWRCLK
                               i_platform/i_rtl/i_main_core/i_rocket/fpuOpt/ex_ra_1_reg[0]/CE
                                                              0.524         
i_platform/i_rtl/i_main_core/i_rocket/frontend/icache/data_arrays_0/data_arrays_0_0_ext/ram_reg_2/CLKBWRCLK
                               i_platform/i_rtl/i_main_core/i_rocket/fpuOpt/ex_ra_1_reg[0]_rep/CE
                                                              0.524         
i_platform/i_rtl/i_main_core/i_rocket/frontend/icache/data_arrays_0/data_arrays_0_0_ext/ram_reg_2/CLKBWRCLK
                               i_platform/i_rtl/i_main_core/i_rocket/fpuOpt/ex_ra_1_reg[0]_rep__0/CE
                                                              0.524         
i_platform/i_rtl/i_main_core/i_rocket/frontend/icache/data_arrays_0/data_arrays_0_0_ext/ram_reg_2/CLKBWRCLK
                               i_platform/i_rtl/i_main_core/i_rocket/fpuOpt/ex_ra_1_reg[1]/CE
                                                              0.524         
i_platform/i_rtl/i_main_core/i_rocket/frontend/icache/data_arrays_0/data_arrays_0_0_ext/ram_reg_2/CLKBWRCLK
                               i_platform/i_rtl/i_main_core/i_rocket/fpuOpt/ex_ra_1_reg[1]_rep/CE
                                                              0.524         
i_platform/i_rtl/i_main_core/i_rocket/frontend/icache/data_arrays_0/data_arrays_0_0_ext/ram_reg_2/CLKBWRCLK
                               i_platform/i_rtl/i_main_core/i_rocket/fpuOpt/ex_ra_1_reg[1]_rep__0/CE
                                                              0.524         
i_platform/i_rtl/i_main_core/i_rocket/frontend/icache/data_arrays_0/data_arrays_0_0_ext/ram_reg_2/CLKBWRCLK
                               i_platform/i_rtl/i_main_core/i_rocket/fpuOpt/ex_ra_1_reg[2]/CE
                                                              0.524         
i_platform/i_system_ddr/u_xilinx_ddr3_ctrl_axi32/u_xilinx_ddr3_ctrl_axi32_mig/u_ddr3_infrastructure/rstdiv0_sync_r1_reg/C
                               i_platform/i_system_ddr/u_xilinx_ddr3_ctrl_axi32/u_xilinx_ddr3_ctrl_axi32_mig/u_memc_ui_top_axi/mem_intfc0/ddr_phy_top0/u_ddr_mc_phy_wrapper/u_ddr_mc_phy/ddr_phy_4lanes_1.u_ddr_phy_4lanes/phy_control_i/RESET
                                                              0.526         
i_platform/i_rtl/i_main_core/i_rocket/frontend/icache/data_arrays_0/data_arrays_0_0_ext/ram_reg_2/CLKBWRCLK
                               i_platform/i_rtl/i_main_core/i_rocket/fpuOpt/ex_ra_0_reg[3]/CE
                                                              0.532         
i_platform/i_rtl/i_main_core/i_rocket/frontend/icache/data_arrays_0/data_arrays_0_0_ext/ram_reg_2/CLKBWRCLK
                               i_platform/i_rtl/i_main_core/i_rocket/fpuOpt/ex_ra_0_reg[4]/CE
                                                              0.532         
i_platform/i_rtl/i_main_core/i_rocket/frontend/icache/data_arrays_0/data_arrays_0_0_ext/ram_reg_2/CLKBWRCLK
                               i_platform/i_rtl/i_main_core/i_rocket/frontend/fq/elts_3_data_reg[27]/CE
                                                              0.543         
i_platform/i_rtl/i_main_core/i_rocket/frontend/icache/data_arrays_0/data_arrays_0_0_ext/ram_reg_2/CLKBWRCLK
                               i_platform/i_rtl/i_main_core/i_rocket/frontend/fq/elts_3_data_reg[28]/CE
                                                              0.543         
i_platform/i_rtl/i_main_core/i_rocket/frontend/icache/data_arrays_0/data_arrays_0_0_ext/ram_reg_2/CLKBWRCLK
                               i_platform/i_rtl/i_main_core/i_rocket/frontend/fq/elts_3_pc_reg[14]/CE
                                                              0.543         
i_platform/i_rtl/i_main_core/i_rocket/frontend/icache/data_arrays_0/data_arrays_0_0_ext/ram_reg_2/CLKBWRCLK
                               i_platform/i_rtl/i_main_core/i_rocket/frontend/fq/elts_3_pc_reg[15]/CE
                                                              0.543         
i_platform/i_rtl/i_main_core/i_rocket/frontend/icache/data_arrays_0/data_arrays_0_0_ext/ram_reg_2/CLKBWRCLK
                               i_platform/i_rtl/i_main_core/i_rocket/frontend/fq/elts_3_pc_reg[16]/CE
                                                              0.543         
i_platform/i_rtl/i_main_core/i_rocket/frontend/icache/data_arrays_0/data_arrays_0_0_ext/ram_reg_2/CLKBWRCLK
                               i_platform/i_rtl/i_main_core/i_rocket/frontend/fq/elts_3_pc_reg[17]/CE
                                                              0.543         
i_platform/i_rtl/i_main_core/i_rocket/frontend/icache/data_arrays_0/data_arrays_0_0_ext/ram_reg_2/CLKBWRCLK
                               i_platform/i_rtl/i_main_core/i_rocket/frontend/fq/elts_3_pc_reg[4]/CE
                                                              0.543         
i_platform/i_rtl/i_main_core/i_rocket/frontend/icache/data_arrays_0/data_arrays_0_0_ext/ram_reg_2/CLKBWRCLK
                               i_platform/i_rtl/i_main_core/i_rocket/frontend/fq/elts_3_pc_reg[5]/CE
                                                              0.543         
i_platform/i_rtl/i_main_core/i_rocket/frontend/icache/data_arrays_0/data_arrays_0_0_ext/ram_reg_2/CLKBWRCLK
                               i_platform/i_rtl/i_main_core/i_rocket/frontend/fq/elts_1_btb_entry_reg[2]/CE
                                                              0.544         
i_platform/i_rtl/i_main_core/i_rocket/frontend/icache/data_arrays_0/data_arrays_0_0_ext/ram_reg_2/CLKBWRCLK
                               i_platform/i_rtl/i_main_core/i_rocket/frontend/fq/elts_1_data_reg[13]/CE
                                                              0.544         
i_platform/i_rtl/i_main_core/i_rocket/frontend/icache/data_arrays_0/data_arrays_0_0_ext/ram_reg_2/CLKBWRCLK
                               i_platform/i_rtl/i_main_core/i_rocket/frontend/fq/elts_1_data_reg[14]/CE
                                                              0.544         
i_platform/i_rtl/i_main_core/i_rocket/frontend/icache/data_arrays_0/data_arrays_0_0_ext/ram_reg_2/CLKBWRCLK
                               i_platform/i_rtl/i_main_core/i_rocket/frontend/fq/elts_1_data_reg[15]/CE
                                                              0.544         
i_platform/i_rtl/i_main_core/i_rocket/frontend/icache/data_arrays_0/data_arrays_0_0_ext/ram_reg_2/CLKBWRCLK
                               i_platform/i_rtl/i_main_core/i_rocket/frontend/fq/elts_1_data_reg[16]/CE
                                                              0.544         
i_platform/i_rtl/i_main_core/i_rocket/frontend/icache/data_arrays_0/data_arrays_0_0_ext/ram_reg_2/CLKBWRCLK
                               i_platform/i_rtl/i_main_core/i_rocket/frontend/fq/elts_1_data_reg[7]/CE
                                                              0.544         
i_platform/i_rtl/i_main_core/i_rocket/frontend/icache/data_arrays_0/data_arrays_0_0_ext/ram_reg_2/CLKBWRCLK
                               i_platform/i_rtl/i_main_core/i_rocket/frontend/fq/elts_1_data_reg[8]/CE
                                                              0.544         
i_platform/i_rtl/i_main_core/i_rocket/frontend/icache/data_arrays_0/data_arrays_0_0_ext/ram_reg_2/CLKBWRCLK
                               i_platform/i_rtl/i_main_core/i_rocket/frontend/fq/elts_0_data_reg[13]/CE
                                                              0.549         
i_platform/i_rtl/i_main_core/i_rocket/frontend/icache/data_arrays_0/data_arrays_0_0_ext/ram_reg_2/CLKBWRCLK
                               i_platform/i_rtl/i_main_core/i_rocket/frontend/fq/elts_0_data_reg[14]/CE
                                                              0.549         
i_platform/i_rtl/i_main_core/i_rocket/frontend/icache/data_arrays_0/data_arrays_0_0_ext/ram_reg_2/CLKBWRCLK
                               i_platform/i_rtl/i_main_core/i_rocket/frontend/fq/elts_4_data_reg[11]/CE
                                                              0.551         
i_platform/i_rtl/i_main_core/i_rocket/frontend/icache/data_arrays_0/data_arrays_0_0_ext/ram_reg_2/CLKBWRCLK
                               i_platform/i_rtl/i_main_core/i_rocket/frontend/fq/elts_4_pc_reg[17]/CE
                                                              0.551         
i_platform/i_rtl/i_main_core/i_rocket/frontend/icache/data_arrays_0/data_arrays_0_0_ext/ram_reg_2/CLKBWRCLK
                               i_platform/i_rtl/i_main_core/i_rocket/frontend/fq/elts_4_pc_reg[19]/CE
                                                              0.551         
i_platform/i_rtl/i_main_core/i_rocket/frontend/icache/data_arrays_0/data_arrays_0_0_ext/ram_reg_2/CLKBWRCLK
                               i_platform/i_rtl/i_main_core/i_rocket/frontend/fq/elts_4_pc_reg[25]/CE
                                                              0.551         
i_platform/i_rtl/i_main_core/i_rocket/frontend/icache/data_arrays_0/data_arrays_0_0_ext/ram_reg_2/CLKBWRCLK
                               i_platform/i_rtl/i_main_core/i_rocket/frontend/fq/elts_4_pc_reg[26]/CE
                                                              0.551         
i_platform/i_rtl/i_main_core/i_rocket/frontend/icache/data_arrays_0/data_arrays_0_0_ext/ram_reg_2/CLKBWRCLK
                               i_platform/i_rtl/i_main_core/i_rocket/frontend/fq/elts_4_pc_reg[28]/CE
                                                              0.551         
i_platform/i_rtl/i_main_core/i_rocket/frontend/icache/data_arrays_0/data_arrays_0_0_ext/ram_reg_2/CLKBWRCLK
                               i_platform/i_rtl/i_main_core/i_rocket/frontend/fq/elts_4_pc_reg[6]/CE
                                                              0.551         
i_platform/i_rtl/i_main_core/i_rocket/frontend/icache/data_arrays_0/data_arrays_0_0_ext/ram_reg_2/CLKBWRCLK
                               i_platform/i_rtl/i_main_core/i_rocket/frontend/fq/elts_1_btb_entry_reg[3]/CE
                                                              0.553         
i_platform/i_rtl/i_main_core/i_rocket/frontend/icache/data_arrays_0/data_arrays_0_0_ext/ram_reg_2/CLKBWRCLK
                               i_platform/i_rtl/i_main_core/i_rocket/fpuOpt/ex_ra_2_reg[0]/CE
                                                              0.554         
i_platform/i_rtl/i_main_core/i_rocket/frontend/icache/data_arrays_0/data_arrays_0_0_ext/ram_reg_2/CLKBWRCLK
                               i_platform/i_rtl/i_main_core/i_rocket/fpuOpt/ex_ra_2_reg[0]_rep/CE
                                                              0.554         
i_platform/i_rtl/i_main_core/i_rocket/frontend/icache/data_arrays_0/data_arrays_0_0_ext/ram_reg_2/CLKBWRCLK
                               i_platform/i_rtl/i_main_core/i_rocket/fpuOpt/ex_ra_2_reg[1]/CE
                                                              0.554         
i_platform/i_rtl/i_main_core/i_rocket/frontend/icache/data_arrays_0/data_arrays_0_0_ext/ram_reg_2/CLKBWRCLK
                               i_platform/i_rtl/i_main_core/i_rocket/fpuOpt/ex_ra_2_reg[1]_rep/CE
                                                              0.554         
i_platform/i_rtl/i_main_core/i_rocket/frontend/icache/data_arrays_0/data_arrays_0_0_ext/ram_reg_2/CLKBWRCLK
                               i_platform/i_rtl/i_main_core/i_rocket/fpuOpt/ex_ra_2_reg[2]/CE
                                                              0.554         
i_platform/i_rtl/i_main_core/i_rocket/frontend/icache/data_arrays_0/data_arrays_0_0_ext/ram_reg_2/CLKBWRCLK
                               i_platform/i_rtl/i_main_core/i_rocket/fpuOpt/ex_ra_2_reg[3]/CE
                                                              0.554         
i_platform/i_rtl/i_main_core/i_rocket/frontend/icache/data_arrays_0/data_arrays_0_0_ext/ram_reg_2/CLKBWRCLK
                               i_platform/i_rtl/i_main_core/i_rocket/frontend/fq/elts_3_data_reg[10]/CE
                                                              0.555         
i_platform/i_rtl/i_main_core/i_rocket/frontend/icache/data_arrays_0/data_arrays_0_0_ext/ram_reg_2/CLKBWRCLK
                               i_platform/i_rtl/i_main_core/i_rocket/frontend/fq/elts_3_data_reg[17]/CE
                                                              0.555         
i_platform/i_rtl/i_main_core/i_rocket/frontend/icache/data_arrays_0/data_arrays_0_0_ext/ram_reg_2/CLKBWRCLK
                               i_platform/i_rtl/i_main_core/i_rocket/frontend/fq/elts_3_data_reg[18]/CE
                                                              0.555         
i_platform/i_rtl/i_main_core/i_rocket/frontend/icache/data_arrays_0/data_arrays_0_0_ext/ram_reg_2/CLKBWRCLK
                               i_platform/i_rtl/i_main_core/i_rocket/frontend/fq/elts_3_data_reg[1]/CE
                                                              0.555         
i_platform/i_rtl/i_main_core/i_rocket/frontend/icache/data_arrays_0/data_arrays_0_0_ext/ram_reg_2/CLKBWRCLK
                               i_platform/i_rtl/i_main_core/i_rocket/frontend/fq/elts_3_data_reg[2]/CE
                                                              0.555         
i_platform/i_rtl/i_main_core/i_rocket/frontend/icache/data_arrays_0/data_arrays_0_0_ext/ram_reg_2/CLKBWRCLK
                               i_platform/i_rtl/i_main_core/i_rocket/frontend/fq/elts_3_data_reg[9]/CE
                                                              0.555         
i_platform/i_rtl/i_main_core/i_rocket/frontend/icache/data_arrays_0/data_arrays_0_0_ext/ram_reg_2/CLKBWRCLK
                               i_platform/i_rtl/i_main_core/i_rocket/frontend/fq/elts_3_pc_reg[8]/CE
                                                              0.555         
i_platform/i_rtl/i_main_core/i_rocket/frontend/icache/data_arrays_0/data_arrays_0_0_ext/ram_reg_2/CLKBWRCLK
                               i_platform/i_rtl/i_main_core/i_rocket/frontend/fq/elts_3_pc_reg[9]/CE
                                                              0.555         
i_platform/i_rtl/i_main_core/i_rocket/frontend/icache/data_arrays_0/data_arrays_0_0_ext/ram_reg_2/CLKBWRCLK
                               i_platform/i_rtl/i_main_core/i_rocket/fpuOpt/ex_ra_1_reg[3]/CE
                                                              0.557         
i_platform/i_rtl/i_main_core/i_rocket/frontend/icache/data_arrays_0/data_arrays_0_0_ext/ram_reg_2/CLKBWRCLK
                               i_platform/i_rtl/i_main_core/i_rocket/fpuOpt/ex_ra_1_reg[4]/CE
                                                              0.557         
i_platform/i_rtl/i_main_core/i_rocket/frontend/icache/data_arrays_0/data_arrays_0_0_ext/ram_reg_2/CLKBWRCLK
                               i_platform/i_rtl/i_main_core/i_rocket/frontend/fq/elts_4_btb_bht_history_reg[2]/CE
                                                              0.558         
i_platform/i_rtl/i_main_core/i_rocket/frontend/icache/data_arrays_0/data_arrays_0_0_ext/ram_reg_2/CLKBWRCLK
                               i_platform/i_rtl/i_main_core/i_rocket/frontend/fq/elts_4_pc_reg[18]/CE
                                                              0.558         
i_platform/i_rtl/i_main_core/i_rocket/frontend/icache/data_arrays_0/data_arrays_0_0_ext/ram_reg_2/CLKBWRCLK
                               i_platform/i_rtl/i_main_core/i_rocket/frontend/fq/elts_4_pc_reg[23]/CE
                                                              0.558         
i_platform/i_rtl/i_main_core/i_rocket/frontend/icache/data_arrays_0/data_arrays_0_0_ext/ram_reg_2/CLKBWRCLK
                               i_platform/i_rtl/i_main_core/i_rocket/frontend/fq/elts_4_pc_reg[27]/CE
                                                              0.558         
i_platform/i_rtl/i_main_core/i_rocket/frontend/icache/data_arrays_0/data_arrays_0_0_ext/ram_reg_2/CLKBWRCLK
                               i_platform/i_rtl/i_main_core/i_rocket/frontend/fq/elts_4_pc_reg[2]/CE
                                                              0.558         
i_platform/i_rtl/i_main_core/i_rocket/frontend/icache/data_arrays_0/data_arrays_0_0_ext/ram_reg_2/CLKBWRCLK
                               i_platform/i_rtl/i_main_core/i_rocket/frontend/fq/elts_4_pc_reg[31]/CE
                                                              0.558         
i_platform/i_rtl/i_main_core/i_rocket/frontend/icache/data_arrays_0/data_arrays_0_0_ext/ram_reg_2/CLKBWRCLK
                               i_platform/i_rtl/i_main_core/i_rocket/frontend/fq/elts_4_pc_reg[3]/CE
                                                              0.558         
i_platform/i_rtl/i_main_core/i_rocket/frontend/icache/data_arrays_0/data_arrays_0_0_ext/ram_reg_2/CLKBWRCLK
                               i_platform/i_rtl/i_main_core/i_rocket/frontend/fq/elts_4_pc_reg[9]/CE
                                                              0.558         
i_platform/i_rtl/i_main_core/i_rocket/frontend/icache/data_arrays_0/data_arrays_0_0_ext/ram_reg_2/CLKBWRCLK
                               i_platform/i_rtl/i_main_core/i_rocket/frontend/fq/elts_2_pc_reg[20]/CE
                                                              0.559         
i_platform/i_rtl/i_main_core/i_rocket/frontend/icache/data_arrays_0/data_arrays_0_0_ext/ram_reg_2/CLKBWRCLK
                               i_platform/i_rtl/i_main_core/i_rocket/frontend/fq/elts_2_pc_reg[21]/CE
                                                              0.559         
i_platform/i_rtl/i_main_core/i_rocket/frontend/icache/data_arrays_0/data_arrays_0_0_ext/ram_reg_2/CLKBWRCLK
                               i_platform/i_rtl/i_main_core/i_rocket/frontend/fq/elts_2_pc_reg[6]/CE
                                                              0.559         
i_platform/i_rtl/i_main_core/i_rocket/frontend/icache/data_arrays_0/data_arrays_0_0_ext/ram_reg_2/CLKBWRCLK
                               i_platform/i_rtl/i_main_core/i_rocket/frontend/fq/elts_2_pc_reg[7]/CE
                                                              0.559         
i_platform/i_rtl/i_main_core/i_rocket/frontend/icache/data_arrays_0/data_arrays_0_0_ext/ram_reg_1/CLKBWRCLK
                               i_platform/i_rtl/i_main_core/i_rocket/core/ex_reg_rs_msb_0_reg[14]/CE
                                                              0.564         
i_platform/i_rtl/i_main_core/i_rocket/frontend/icache/data_arrays_0/data_arrays_0_0_ext/ram_reg_1/CLKBWRCLK
                               i_platform/i_rtl/i_main_core/i_rocket/core/ex_reg_rs_msb_0_reg[7]/CE
                                                              0.564         
i_platform/i_rtl/i_main_core/i_rocket/frontend/icache/data_arrays_0/data_arrays_0_0_ext/ram_reg_2/CLKBWRCLK
                               i_platform/i_rtl/i_main_core/i_rocket/frontend/fq/elts_1_data_reg[23]/CE
                                                              0.570         
i_platform/i_rtl/i_main_core/i_rocket/frontend/icache/data_arrays_0/data_arrays_0_0_ext/ram_reg_2/CLKBWRCLK
                               i_platform/i_rtl/i_main_core/i_rocket/frontend/fq/elts_1_data_reg[24]/CE
                                                              0.570         
i_platform/i_rtl/i_main_core/i_rocket/frontend/icache/data_arrays_0/data_arrays_0_0_ext/ram_reg_2/CLKBWRCLK
                               i_platform/i_rtl/i_main_core/i_rocket/frontend/fq/elts_4_btb_bht_history_reg[0]/CE
                                                              0.570         
i_platform/i_rtl/i_main_core/i_rocket/frontend/icache/data_arrays_0/data_arrays_0_0_ext/ram_reg_2/CLKBWRCLK
                               i_platform/i_rtl/i_main_core/i_rocket/frontend/fq/elts_4_btb_bht_history_reg[4]/CE
                                                              0.570         
i_platform/i_rtl/i_main_core/i_rocket/frontend/icache/data_arrays_0/data_arrays_0_0_ext/ram_reg_2/CLKBWRCLK
                               i_platform/i_rtl/i_main_core/i_rocket/frontend/fq/elts_4_btb_bht_history_reg[5]/CE
                                                              0.570         
i_platform/i_rtl/i_main_core/i_rocket/frontend/icache/data_arrays_0/data_arrays_0_0_ext/ram_reg_2/CLKBWRCLK
                               i_platform/i_rtl/i_main_core/i_rocket/frontend/fq/elts_4_btb_bht_history_reg[6]/CE
                                                              0.570         
i_platform/i_rtl/i_main_core/i_rocket/frontend/icache/data_arrays_0/data_arrays_0_0_ext/ram_reg_2/CLKBWRCLK
                               i_platform/i_rtl/i_main_core/i_rocket/frontend/fq/elts_4_btb_bht_history_reg[7]/CE
                                                              0.570         
i_platform/i_rtl/i_main_core/i_rocket/frontend/icache/data_arrays_0/data_arrays_0_0_ext/ram_reg_2/CLKBWRCLK
                               i_platform/i_rtl/i_main_core/i_rocket/frontend/fq/elts_4_data_reg[10]/CE
                                                              0.570         
i_platform/i_rtl/i_main_core/i_rocket/frontend/icache/data_arrays_0/data_arrays_0_0_ext/ram_reg_2/CLKBWRCLK
                               i_platform/i_rtl/i_main_core/i_rocket/frontend/fq/elts_4_data_reg[12]/CE
                                                              0.570         
i_platform/i_system_ddr/u_xilinx_ddr3_ctrl_axi32/u_xilinx_ddr3_ctrl_axi32_mig/u_ddr3_infrastructure/rstdiv0_sync_r1_reg/C
                               i_platform/i_system_ddr/u_xilinx_ddr3_ctrl_axi32/u_xilinx_ddr3_ctrl_axi32_mig/u_memc_ui_top_axi/mem_intfc0/ddr_phy_top0/u_ddr_mc_phy_wrapper/u_ddr_mc_phy/ddr_phy_4lanes_0.u_ddr_phy_4lanes/phy_control_i/RESET
                                                              1.266         
i_platform/i_system_ddr/u_xilinx_ddr3_ctrl_axi32/u_xilinx_ddr3_ctrl_axi32_mig/u_memc_ui_top_axi/mem_intfc0/ddr_phy_top0/u_ddr_mc_phy_wrapper/u_ddr_mc_phy/ddr_phy_4lanes_1.u_ddr_phy_4lanes/phy_control_i/MEMREFCLK
                               i_platform/i_system_ddr/u_xilinx_ddr3_ctrl_axi32/u_xilinx_ddr3_ctrl_axi32_mig/u_memc_ui_top_axi/mem_intfc0/ddr_phy_top0/u_ddr_mc_phy_wrapper/u_ddr_mc_phy/ddr_phy_4lanes_0.u_ddr_phy_4lanes/phy_control_i/PHYCTLMSTREMPTY
                                                              1.417         
i_platform/i_system_ddr/u_xilinx_ddr3_ctrl_axi32/u_xilinx_ddr3_ctrl_axi32_mig/u_memc_ui_top_axi/mem_intfc0/ddr_phy_top0/u_ddr_mc_phy_wrapper/u_ddr_mc_phy/ddr_phy_4lanes_0.u_ddr_phy_4lanes/ddr_byte_lane_B.ddr_byte_lane_B/phaser_out/OCLKDELAYED
                               i_platform/i_system_ddr/u_xilinx_ddr3_ctrl_axi32/u_xilinx_ddr3_ctrl_axi32_mig/u_memc_ui_top_axi/mem_intfc0/ddr_phy_top0/u_ddr_mc_phy_wrapper/u_ddr_mc_phy/ddr_phy_4lanes_0.u_ddr_phy_4lanes/ddr_byte_lane_B.ddr_byte_lane_B/ddr_byte_group_io/dqs_gen.oddr_dqsts/D1
                                                              1.423         
i_platform/i_system_ddr/u_xilinx_ddr3_ctrl_axi32/u_xilinx_ddr3_ctrl_axi32_mig/u_memc_ui_top_axi/mem_intfc0/ddr_phy_top0/u_ddr_mc_phy_wrapper/u_ddr_mc_phy/ddr_phy_4lanes_0.u_ddr_phy_4lanes/ddr_byte_lane_C.ddr_byte_lane_C/phaser_out/OCLKDELAYED
                               i_platform/i_system_ddr/u_xilinx_ddr3_ctrl_axi32/u_xilinx_ddr3_ctrl_axi32_mig/u_memc_ui_top_axi/mem_intfc0/ddr_phy_top0/u_ddr_mc_phy_wrapper/u_ddr_mc_phy/ddr_phy_4lanes_0.u_ddr_phy_4lanes/ddr_byte_lane_C.ddr_byte_lane_C/ddr_byte_group_io/dqs_gen.oddr_dqsts/D1
                                                              1.431         
i_platform/i_system_ddr/u_xilinx_ddr3_ctrl_axi32/u_xilinx_ddr3_ctrl_axi32_mig/u_memc_ui_top_axi/mem_intfc0/ddr_phy_top0/u_ddr_mc_phy_wrapper/u_ddr_mc_phy/ddr_phy_4lanes_0.u_ddr_phy_4lanes/ddr_byte_lane_A.ddr_byte_lane_A/phaser_out/OCLKDELAYED
                               i_platform/i_system_ddr/u_xilinx_ddr3_ctrl_axi32/u_xilinx_ddr3_ctrl_axi32_mig/u_memc_ui_top_axi/mem_intfc0/ddr_phy_top0/u_ddr_mc_phy_wrapper/u_ddr_mc_phy/ddr_phy_4lanes_0.u_ddr_phy_4lanes/ddr_byte_lane_A.ddr_byte_lane_A/ddr_byte_group_io/dqs_gen.oddr_dqsts/D1
                                                              1.436         
i_platform/i_system_ddr/u_xilinx_ddr3_ctrl_axi32/u_xilinx_ddr3_ctrl_axi32_mig/u_memc_ui_top_axi/mem_intfc0/ddr_phy_top0/u_ddr_mc_phy_wrapper/u_ddr_mc_phy/ddr_phy_4lanes_0.u_ddr_phy_4lanes/ddr_byte_lane_D.ddr_byte_lane_D/phaser_out/OCLKDELAYED
                               i_platform/i_system_ddr/u_xilinx_ddr3_ctrl_axi32/u_xilinx_ddr3_ctrl_axi32_mig/u_memc_ui_top_axi/mem_intfc0/ddr_phy_top0/u_ddr_mc_phy_wrapper/u_ddr_mc_phy/ddr_phy_4lanes_0.u_ddr_phy_4lanes/ddr_byte_lane_D.ddr_byte_lane_D/ddr_byte_group_io/dqs_gen.oddr_dqsts/D1
                                                              1.443         
i_platform/i_system_ddr/u_xilinx_ddr3_ctrl_axi32/u_xilinx_ddr3_ctrl_axi32_mig/u_memc_ui_top_axi/mem_intfc0/ddr_phy_top0/u_ddr_mc_phy_wrapper/u_ddr_mc_phy/ddr_phy_4lanes_0.u_ddr_phy_4lanes/ddr_byte_lane_B.ddr_byte_lane_B/phaser_out/OCLKDELAYED
                               i_platform/i_system_ddr/u_xilinx_ddr3_ctrl_axi32/u_xilinx_ddr3_ctrl_axi32_mig/u_memc_ui_top_axi/mem_intfc0/ddr_phy_top0/u_ddr_mc_phy_wrapper/u_ddr_mc_phy/ddr_phy_4lanes_0.u_ddr_phy_4lanes/ddr_byte_lane_B.ddr_byte_lane_B/ddr_byte_group_io/dqs_gen.oddr_dqs/D1
                                                              1.466         
i_platform/i_system_ddr/u_xilinx_ddr3_ctrl_axi32/u_xilinx_ddr3_ctrl_axi32_mig/u_memc_ui_top_axi/mem_intfc0/ddr_phy_top0/u_ddr_mc_phy_wrapper/u_ddr_mc_phy/ddr_phy_4lanes_0.u_ddr_phy_4lanes/ddr_byte_lane_C.ddr_byte_lane_C/phaser_out/OCLKDELAYED
                               i_platform/i_system_ddr/u_xilinx_ddr3_ctrl_axi32/u_xilinx_ddr3_ctrl_axi32_mig/u_memc_ui_top_axi/mem_intfc0/ddr_phy_top0/u_ddr_mc_phy_wrapper/u_ddr_mc_phy/ddr_phy_4lanes_0.u_ddr_phy_4lanes/ddr_byte_lane_C.ddr_byte_lane_C/ddr_byte_group_io/dqs_gen.oddr_dqs/D1
                                                              1.474         
i_platform/i_system_ddr/u_xilinx_ddr3_ctrl_axi32/u_xilinx_ddr3_ctrl_axi32_mig/u_memc_ui_top_axi/mem_intfc0/ddr_phy_top0/u_ddr_mc_phy_wrapper/u_ddr_mc_phy/ddr_phy_4lanes_0.u_ddr_phy_4lanes/ddr_byte_lane_A.ddr_byte_lane_A/phaser_out/OCLKDELAYED
                               i_platform/i_system_ddr/u_xilinx_ddr3_ctrl_axi32/u_xilinx_ddr3_ctrl_axi32_mig/u_memc_ui_top_axi/mem_intfc0/ddr_phy_top0/u_ddr_mc_phy_wrapper/u_ddr_mc_phy/ddr_phy_4lanes_0.u_ddr_phy_4lanes/ddr_byte_lane_A.ddr_byte_lane_A/ddr_byte_group_io/dqs_gen.oddr_dqs/D1
                                                              1.479         
i_platform/i_system_ddr/u_xilinx_ddr3_ctrl_axi32/u_xilinx_ddr3_ctrl_axi32_mig/u_memc_ui_top_axi/mem_intfc0/ddr_phy_top0/u_ddr_mc_phy_wrapper/u_ddr_mc_phy/ddr_phy_4lanes_1.u_ddr_phy_4lanes/phy_control_i/MEMREFCLK
                               i_platform/i_system_ddr/u_xilinx_ddr3_ctrl_axi32/u_xilinx_ddr3_ctrl_axi32_mig/u_memc_ui_top_axi/mem_intfc0/ddr_phy_top0/u_ddr_mc_phy_wrapper/u_ddr_mc_phy/ddr_phy_4lanes_1.u_ddr_phy_4lanes/phy_control_i/PHYCTLMSTREMPTY
                                                              1.485         
i_platform/i_system_ddr/u_xilinx_ddr3_ctrl_axi32/u_xilinx_ddr3_ctrl_axi32_mig/u_memc_ui_top_axi/mem_intfc0/ddr_phy_top0/u_ddr_mc_phy_wrapper/u_ddr_mc_phy/ddr_phy_4lanes_0.u_ddr_phy_4lanes/ddr_byte_lane_D.ddr_byte_lane_D/phaser_out/OCLKDELAYED
                               i_platform/i_system_ddr/u_xilinx_ddr3_ctrl_axi32/u_xilinx_ddr3_ctrl_axi32_mig/u_memc_ui_top_axi/mem_intfc0/ddr_phy_top0/u_ddr_mc_phy_wrapper/u_ddr_mc_phy/ddr_phy_4lanes_0.u_ddr_phy_4lanes/ddr_byte_lane_D.ddr_byte_lane_D/ddr_byte_group_io/dqs_gen.oddr_dqs/D1
                                                              1.486         
i_platform/i_system_ddr/u_xilinx_ddr3_ctrl_axi32/u_xilinx_ddr3_ctrl_axi32_mig/u_memc_ui_top_axi/mem_intfc0/ddr_phy_top0/u_ddr_mc_phy_wrapper/u_ddr_mc_phy/ddr_phy_4lanes_0.u_ddr_phy_4lanes/ddr_byte_lane_B.ddr_byte_lane_B/phaser_out/OCLKDELAYED
                               i_platform/i_system_ddr/u_xilinx_ddr3_ctrl_axi32/u_xilinx_ddr3_ctrl_axi32_mig/u_memc_ui_top_axi/mem_intfc0/ddr_phy_top0/u_ddr_mc_phy_wrapper/u_ddr_mc_phy/ddr_phy_4lanes_0.u_ddr_phy_4lanes/ddr_byte_lane_B.ddr_byte_lane_B/ddr_byte_group_io/dqs_gen.oddr_dqs/D2
                                                              1.496         
i_platform/i_system_ddr/u_xilinx_ddr3_ctrl_axi32/u_xilinx_ddr3_ctrl_axi32_mig/u_memc_ui_top_axi/mem_intfc0/ddr_phy_top0/u_ddr_mc_phy_wrapper/u_ddr_mc_phy/ddr_phy_4lanes_0.u_ddr_phy_4lanes/ddr_byte_lane_C.ddr_byte_lane_C/phaser_out/OCLKDELAYED
                               i_platform/i_system_ddr/u_xilinx_ddr3_ctrl_axi32/u_xilinx_ddr3_ctrl_axi32_mig/u_memc_ui_top_axi/mem_intfc0/ddr_phy_top0/u_ddr_mc_phy_wrapper/u_ddr_mc_phy/ddr_phy_4lanes_0.u_ddr_phy_4lanes/ddr_byte_lane_C.ddr_byte_lane_C/ddr_byte_group_io/dqs_gen.oddr_dqs/D2
                                                              1.504         
i_platform/i_system_ddr/u_xilinx_ddr3_ctrl_axi32/u_xilinx_ddr3_ctrl_axi32_mig/u_memc_ui_top_axi/mem_intfc0/ddr_phy_top0/u_ddr_mc_phy_wrapper/u_ddr_mc_phy/ddr_phy_4lanes_0.u_ddr_phy_4lanes/ddr_byte_lane_A.ddr_byte_lane_A/phaser_out/OCLKDELAYED
                               i_platform/i_system_ddr/u_xilinx_ddr3_ctrl_axi32/u_xilinx_ddr3_ctrl_axi32_mig/u_memc_ui_top_axi/mem_intfc0/ddr_phy_top0/u_ddr_mc_phy_wrapper/u_ddr_mc_phy/ddr_phy_4lanes_0.u_ddr_phy_4lanes/ddr_byte_lane_A.ddr_byte_lane_A/ddr_byte_group_io/dqs_gen.oddr_dqs/D2
                                                              1.509         
i_platform/i_system_ddr/u_xilinx_ddr3_ctrl_axi32/u_xilinx_ddr3_ctrl_axi32_mig/u_memc_ui_top_axi/mem_intfc0/ddr_phy_top0/u_ddr_mc_phy_wrapper/u_ddr_mc_phy/ddr_phy_4lanes_0.u_ddr_phy_4lanes/ddr_byte_lane_D.ddr_byte_lane_D/phaser_out/OCLKDELAYED
                               i_platform/i_system_ddr/u_xilinx_ddr3_ctrl_axi32/u_xilinx_ddr3_ctrl_axi32_mig/u_memc_ui_top_axi/mem_intfc0/ddr_phy_top0/u_ddr_mc_phy_wrapper/u_ddr_mc_phy/ddr_phy_4lanes_0.u_ddr_phy_4lanes/ddr_byte_lane_D.ddr_byte_lane_D/ddr_byte_group_io/dqs_gen.oddr_dqs/D2
                                                              1.516         
i_platform/i_system_ddr/u_xilinx_ddr3_ctrl_axi32/u_xilinx_ddr3_ctrl_axi32_mig/u_memc_ui_top_axi/mem_intfc0/ddr_phy_top0/u_ddr_mc_phy_wrapper/u_ddr_mc_phy/ddr_phy_4lanes_0.u_ddr_phy_4lanes/ddr_byte_lane_B.ddr_byte_lane_B/phaser_out/OCLKDELAYED
                               i_platform/i_system_ddr/u_xilinx_ddr3_ctrl_axi32/u_xilinx_ddr3_ctrl_axi32_mig/u_memc_ui_top_axi/mem_intfc0/ddr_phy_top0/u_ddr_mc_phy_wrapper/u_ddr_mc_phy/ddr_phy_4lanes_0.u_ddr_phy_4lanes/ddr_byte_lane_B.ddr_byte_lane_B/ddr_byte_group_io/dqs_gen.oddr_dqsts/D2
                                                              1.549         
i_platform/i_rtl/i_snim_i_system_ddr_no_name/i_munoc_instance_3/i_munoc_instance_1/i_munoc_instance_0/i_gen_buffer[0].i_munoc_instance_1/i_rindexer/value_reg[0]/C
                               i_platform/i_system_ddr/u_xilinx_ddr3_ctrl_axi32/u_xilinx_ddr3_ctrl_axi32_mig/u_memc_ui_top_axi/u_axi_mc/USE_UPSIZER.upsizer_d2/USE_WRITE.write_data_inst/WORD_LANE[0].USE_ALWAYS_PACKER.BYTE_LANE[2].USE_FPGA_DATA.BIT_LANE[7].FDRE_wdata_inst/D
                                                              1.551         
i_platform/i_system_ddr/u_xilinx_ddr3_ctrl_axi32/u_xilinx_ddr3_ctrl_axi32_mig/u_memc_ui_top_axi/mem_intfc0/ddr_phy_top0/u_ddr_mc_phy_wrapper/u_ddr_mc_phy/ddr_phy_4lanes_0.u_ddr_phy_4lanes/ddr_byte_lane_C.ddr_byte_lane_C/phaser_out/OCLKDELAYED
                               i_platform/i_system_ddr/u_xilinx_ddr3_ctrl_axi32/u_xilinx_ddr3_ctrl_axi32_mig/u_memc_ui_top_axi/mem_intfc0/ddr_phy_top0/u_ddr_mc_phy_wrapper/u_ddr_mc_phy/ddr_phy_4lanes_0.u_ddr_phy_4lanes/ddr_byte_lane_C.ddr_byte_lane_C/ddr_byte_group_io/dqs_gen.oddr_dqsts/D2
                                                              1.557         
i_platform/i_system_ddr/u_xilinx_ddr3_ctrl_axi32/u_xilinx_ddr3_ctrl_axi32_mig/u_memc_ui_top_axi/mem_intfc0/ddr_phy_top0/u_ddr_mc_phy_wrapper/u_ddr_mc_phy/ddr_phy_4lanes_0.u_ddr_phy_4lanes/ddr_byte_lane_A.ddr_byte_lane_A/phaser_out/OCLKDELAYED
                               i_platform/i_system_ddr/u_xilinx_ddr3_ctrl_axi32/u_xilinx_ddr3_ctrl_axi32_mig/u_memc_ui_top_axi/mem_intfc0/ddr_phy_top0/u_ddr_mc_phy_wrapper/u_ddr_mc_phy/ddr_phy_4lanes_0.u_ddr_phy_4lanes/ddr_byte_lane_A.ddr_byte_lane_A/ddr_byte_group_io/dqs_gen.oddr_dqsts/D2
                                                              1.562         
i_platform/i_rtl/i_snim_i_system_ddr_no_name/i_munoc_instance_3/i_munoc_instance_1/i_munoc_instance_0/i_gen_buffer[0].i_munoc_instance_1/i_rindexer/value_reg[0]/C
                               i_platform/i_system_ddr/u_xilinx_ddr3_ctrl_axi32/u_xilinx_ddr3_ctrl_axi32_mig/u_memc_ui_top_axi/u_axi_mc/USE_UPSIZER.upsizer_d2/USE_WRITE.write_data_inst/WORD_LANE[3].USE_ALWAYS_PACKER.BYTE_LANE[2].USE_FPGA_DATA.BIT_LANE[7].FDRE_wdata_inst/D
                                                              1.566         
i_platform/i_rtl/i_snim_i_system_ddr_no_name/i_munoc_instance_3/i_munoc_instance_1/i_munoc_instance_0/i_gen_buffer[0].i_munoc_instance_1/i_rindexer/value_reg[0]/C
                               i_platform/i_system_ddr/u_xilinx_ddr3_ctrl_axi32/u_xilinx_ddr3_ctrl_axi32_mig/u_memc_ui_top_axi/u_axi_mc/USE_UPSIZER.upsizer_d2/USE_WRITE.write_data_inst/WORD_LANE[3].USE_ALWAYS_PACKER.BYTE_LANE[2].USE_FPGA_DATA.BIT_LANE[6].FDRE_wdata_inst/D
                                                              1.567         
i_platform/i_system_ddr/u_xilinx_ddr3_ctrl_axi32/u_xilinx_ddr3_ctrl_axi32_mig/u_memc_ui_top_axi/mem_intfc0/ddr_phy_top0/u_ddr_mc_phy_wrapper/u_ddr_mc_phy/ddr_phy_4lanes_0.u_ddr_phy_4lanes/ddr_byte_lane_D.ddr_byte_lane_D/phaser_out/OCLKDELAYED
                               i_platform/i_system_ddr/u_xilinx_ddr3_ctrl_axi32/u_xilinx_ddr3_ctrl_axi32_mig/u_memc_ui_top_axi/mem_intfc0/ddr_phy_top0/u_ddr_mc_phy_wrapper/u_ddr_mc_phy/ddr_phy_4lanes_0.u_ddr_phy_4lanes/ddr_byte_lane_D.ddr_byte_lane_D/ddr_byte_group_io/dqs_gen.oddr_dqsts/D2
                                                              1.569         
i_platform/i_rtl/i_snim_i_system_ddr_no_name/i_munoc_instance_3/i_munoc_instance_1/i_munoc_instance_0/i_gen_buffer[0].i_munoc_instance_1/i_rindexer/value_reg[0]/C
                               i_platform/i_system_ddr/u_xilinx_ddr3_ctrl_axi32/u_xilinx_ddr3_ctrl_axi32_mig/u_memc_ui_top_axi/u_axi_mc/USE_UPSIZER.upsizer_d2/USE_WRITE.write_data_inst/WORD_LANE[1].USE_ALWAYS_PACKER.BYTE_LANE[2].USE_FPGA_DATA.BIT_LANE[7].FDRE_wdata_inst/D
                                                              1.570         
i_platform/i_rtl/i_snim_i_system_ddr_no_name/i_munoc_instance_3/i_munoc_instance_1/i_munoc_instance_0/i_gen_buffer[0].i_munoc_instance_1/i_rindexer/value_reg[0]/C
                               i_platform/i_system_ddr/u_xilinx_ddr3_ctrl_axi32/u_xilinx_ddr3_ctrl_axi32_mig/u_memc_ui_top_axi/u_axi_mc/USE_UPSIZER.upsizer_d2/USE_WRITE.write_data_inst/WORD_LANE[5].USE_ALWAYS_PACKER.BYTE_LANE[2].USE_FPGA_DATA.BIT_LANE[6].FDRE_wdata_inst/D
                                                              1.572         
i_platform/i_rtl/i_snim_i_system_ddr_no_name/i_munoc_instance_3/i_munoc_instance_1/i_munoc_instance_0/i_gen_buffer[0].i_munoc_instance_1/i_rindexer/value_reg[0]/C
                               i_platform/i_system_ddr/u_xilinx_ddr3_ctrl_axi32/u_xilinx_ddr3_ctrl_axi32_mig/u_memc_ui_top_axi/u_axi_mc/USE_UPSIZER.upsizer_d2/USE_WRITE.write_data_inst/WORD_LANE[4].USE_ALWAYS_PACKER.BYTE_LANE[2].USE_FPGA_DATA.BIT_LANE[1].FDRE_wdata_inst/D
                                                              1.575         
i_platform/i_rtl/i_snim_i_system_ddr_no_name/i_munoc_instance_3/i_munoc_instance_1/i_munoc_instance_0/i_gen_buffer[0].i_munoc_instance_1/i_rindexer/value_reg[0]/C
                               i_platform/i_system_ddr/u_xilinx_ddr3_ctrl_axi32/u_xilinx_ddr3_ctrl_axi32_mig/u_memc_ui_top_axi/u_axi_mc/USE_UPSIZER.upsizer_d2/USE_WRITE.write_data_inst/WORD_LANE[2].USE_ALWAYS_PACKER.BYTE_LANE[2].USE_FPGA_DATA.BIT_LANE[5].FDRE_wdata_inst/D
                                                              1.591         
i_platform/i_rtl/i_snim_i_system_ddr_no_name/i_munoc_instance_3/i_munoc_instance_1/i_munoc_instance_0/i_gen_buffer[0].i_munoc_instance_1/i_rindexer/value_reg[0]/C
                               i_platform/i_system_ddr/u_xilinx_ddr3_ctrl_axi32/u_xilinx_ddr3_ctrl_axi32_mig/u_memc_ui_top_axi/u_axi_mc/USE_UPSIZER.upsizer_d2/USE_WRITE.write_data_inst/WORD_LANE[1].USE_ALWAYS_PACKER.BYTE_LANE[2].USE_FPGA_DATA.BIT_LANE[1].FDRE_wdata_inst/D
                                                              1.595         
i_platform/i_rtl/i_snim_i_system_ddr_no_name/i_munoc_instance_3/i_munoc_instance_1/i_munoc_instance_0/i_gen_buffer[0].i_munoc_instance_1/i_rindexer/value_reg[0]/C
                               i_platform/i_system_ddr/u_xilinx_ddr3_ctrl_axi32/u_xilinx_ddr3_ctrl_axi32_mig/u_memc_ui_top_axi/u_axi_mc/USE_UPSIZER.upsizer_d2/USE_WRITE.write_data_inst/WORD_LANE[4].USE_ALWAYS_PACKER.BYTE_LANE[3].USE_FPGA_DATA.BIT_LANE[2].FDRE_wdata_inst/D
                                                              1.599         
i_platform/i_rtl/i_snim_i_system_ddr_no_name/i_munoc_instance_3/i_munoc_instance_1/i_munoc_instance_0/i_gen_buffer[0].i_munoc_instance_1/i_rindexer/value_reg[0]/C
                               i_platform/i_system_ddr/u_xilinx_ddr3_ctrl_axi32/u_xilinx_ddr3_ctrl_axi32_mig/u_memc_ui_top_axi/u_axi_mc/USE_UPSIZER.upsizer_d2/USE_WRITE.write_data_inst/WORD_LANE[4].USE_ALWAYS_PACKER.BYTE_LANE[2].USE_FPGA_DATA.BIT_LANE[5].FDRE_wdata_inst/D
                                                              1.599         
i_platform/i_rtl/i_snim_i_system_sram_no_name/i_munoc_instance_3/i_munoc_instance_1/i_munoc_instance_0/i_gen_buffer[0].i_munoc_instance_1/i_rindexer/value_reg[5]/C
                               i_platform/i_system_sram/generate_cell[0].i_cell/i_write_bit[1].memory_reg_6/ENARDEN
                                                              1.601         
i_platform/i_rtl/i_snim_i_system_sram_no_name/i_munoc_instance_3/i_munoc_instance_1/i_munoc_instance_0/i_gen_buffer[0].i_munoc_instance_1/i_rindexer/value_reg[5]/C
                               i_platform/i_system_sram/generate_cell[0].i_cell/i_write_bit[1].memory_reg_7/ENARDEN
                                                              1.601         
i_platform/i_rtl/i_snim_i_system_ddr_no_name/i_munoc_instance_3/i_munoc_instance_1/i_munoc_instance_0/i_gen_buffer[0].i_munoc_instance_1/i_rindexer/value_reg[0]/C
                               i_platform/i_system_ddr/u_xilinx_ddr3_ctrl_axi32/u_xilinx_ddr3_ctrl_axi32_mig/u_memc_ui_top_axi/u_axi_mc/USE_UPSIZER.upsizer_d2/USE_WRITE.write_data_inst/WORD_LANE[4].USE_ALWAYS_PACKER.BYTE_LANE[2].USE_FPGA_DATA.BIT_LANE[4].FDRE_wdata_inst/D
                                                              1.603         
i_platform/i_rtl/i_snim_i_system_ddr_no_name/i_munoc_instance_3/i_munoc_instance_1/i_munoc_instance_0/i_gen_buffer[0].i_munoc_instance_1/i_rindexer/value_reg[0]/C
                               i_platform/i_system_ddr/u_xilinx_ddr3_ctrl_axi32/u_xilinx_ddr3_ctrl_axi32_mig/u_memc_ui_top_axi/u_axi_mc/USE_UPSIZER.upsizer_d2/USE_WRITE.write_data_inst/WORD_LANE[0].USE_ALWAYS_PACKER.BYTE_LANE[2].USE_FPGA_DATA.BIT_LANE[3].FDRE_wdata_inst/D
                                                              1.619         
i_platform/i_rtl/i_snim_i_system_ddr_no_name/i_munoc_instance_3/i_munoc_instance_1/i_munoc_instance_0/i_gen_buffer[0].i_munoc_instance_1/i_rindexer/value_reg[0]/C
                               i_platform/i_system_ddr/u_xilinx_ddr3_ctrl_axi32/u_xilinx_ddr3_ctrl_axi32_mig/u_memc_ui_top_axi/u_axi_mc/USE_UPSIZER.upsizer_d2/USE_WRITE.write_data_inst/WORD_LANE[0].USE_ALWAYS_PACKER.BYTE_LANE[2].USE_FPGA_DATA.BIT_LANE[2].FDRE_wdata_inst/D
                                                              1.620         
i_platform/i_rtl/i_snim_i_system_ddr_no_name/i_munoc_instance_3/i_munoc_instance_1/i_munoc_instance_1/i_gen_buffer[0].i_munoc_instance_1/i_rindexer/value_reg[2]/C
                               i_platform/i_system_ddr/u_xilinx_ddr3_ctrl_axi32/u_xilinx_ddr3_ctrl_axi32_mig/u_memc_ui_top_axi/u_axi_mc/USE_UPSIZER.upsizer_d2/USE_WRITE.write_data_inst/WORD_LANE[5].USE_ALWAYS_PACKER.BYTE_LANE[3].USE_FPGA_DATA.BIT_LANE[3].FDRE_wdata_inst/D
                                                              1.622         
i_platform/i_rtl/i_snim_i_system_ddr_no_name/i_munoc_instance_3/i_munoc_instance_1/i_munoc_instance_0/i_gen_buffer[0].i_munoc_instance_1/i_rindexer/value_reg[0]/C
                               i_platform/i_system_ddr/u_xilinx_ddr3_ctrl_axi32/u_xilinx_ddr3_ctrl_axi32_mig/u_memc_ui_top_axi/u_axi_mc/USE_UPSIZER.upsizer_d2/USE_WRITE.write_data_inst/WORD_LANE[2].USE_ALWAYS_PACKER.BYTE_LANE[0].USE_FPGA_DATA.BIT_LANE[5].FDRE_wdata_inst/D
                                                              1.637         
i_platform/i_rtl/i_snim_i_system_ddr_no_name/i_munoc_instance_3/i_munoc_instance_1/i_munoc_instance_0/i_gen_buffer[0].i_munoc_instance_1/i_rindexer/value_reg[0]/C
                               i_platform/i_system_ddr/u_xilinx_ddr3_ctrl_axi32/u_xilinx_ddr3_ctrl_axi32_mig/u_memc_ui_top_axi/u_axi_mc/USE_UPSIZER.upsizer_d2/USE_WRITE.write_data_inst/WORD_LANE[2].USE_ALWAYS_PACKER.BYTE_LANE[2].USE_FPGA_DATA.BIT_LANE[6].FDRE_wdata_inst/D
                                                              1.639         
i_platform/i_rtl/i_snim_i_system_ddr_no_name/i_munoc_instance_3/i_munoc_instance_1/i_munoc_instance_0/i_gen_buffer[0].i_munoc_instance_1/i_rindexer/value_reg[0]/C
                               i_platform/i_system_ddr/u_xilinx_ddr3_ctrl_axi32/u_xilinx_ddr3_ctrl_axi32_mig/u_memc_ui_top_axi/u_axi_mc/USE_UPSIZER.upsizer_d2/USE_WRITE.write_data_inst/WORD_LANE[4].USE_ALWAYS_PACKER.BYTE_LANE[3].USE_FPGA_DATA.BIT_LANE[3].FDRE_wdata_inst/D
                                                              1.643         
i_platform/i_rtl/i_snim_i_system_ddr_no_name/i_munoc_instance_3/i_munoc_instance_1/i_munoc_instance_0/i_gen_buffer[0].i_munoc_instance_1/i_rindexer/value_reg[0]/C
                               i_platform/i_system_ddr/u_xilinx_ddr3_ctrl_axi32/u_xilinx_ddr3_ctrl_axi32_mig/u_memc_ui_top_axi/u_axi_mc/USE_UPSIZER.upsizer_d2/USE_WRITE.write_data_inst/WORD_LANE[5].USE_ALWAYS_PACKER.BYTE_LANE[3].USE_FPGA_DATA.BIT_LANE[1].FDRE_wdata_inst/D
                                                              1.644         
i_platform/i_rtl/i_snim_i_system_ddr_no_name/i_munoc_instance_3/i_munoc_instance_1/i_munoc_instance_0/i_gen_buffer[0].i_munoc_instance_1/i_rindexer/value_reg[0]/C
                               i_platform/i_system_ddr/u_xilinx_ddr3_ctrl_axi32/u_xilinx_ddr3_ctrl_axi32_mig/u_memc_ui_top_axi/u_axi_mc/USE_UPSIZER.upsizer_d2/USE_WRITE.write_data_inst/WORD_LANE[6].USE_ALWAYS_PACKER.BYTE_LANE[1].USE_FPGA_DATA.FDRE_wstrb_inst/D
                                                              1.647         
i_platform/i_rtl/i_snim_i_system_ddr_no_name/i_munoc_instance_3/i_munoc_instance_1/i_munoc_instance_0/i_gen_buffer[0].i_munoc_instance_1/i_rindexer/value_reg[0]/C
                               i_platform/i_system_ddr/u_xilinx_ddr3_ctrl_axi32/u_xilinx_ddr3_ctrl_axi32_mig/u_memc_ui_top_axi/u_axi_mc/USE_UPSIZER.upsizer_d2/USE_WRITE.write_data_inst/WORD_LANE[3].USE_ALWAYS_PACKER.BYTE_LANE[2].USE_FPGA_DATA.BIT_LANE[3].FDRE_wdata_inst/D
                                                              1.649         
i_platform/i_rtl/i_snim_i_system_ddr_no_name/i_munoc_instance_3/i_munoc_instance_1/i_munoc_instance_1/i_gen_buffer[0].i_munoc_instance_1/i_rindexer/value_reg[0]/C
                               i_platform/i_system_ddr/u_xilinx_ddr3_ctrl_axi32/u_xilinx_ddr3_ctrl_axi32_mig/u_memc_ui_top_axi/u_axi_mc/USE_UPSIZER.upsizer_d2/USE_WRITE.write_data_inst/WORD_LANE[3].USE_ALWAYS_PACKER.BYTE_LANE[2].USE_FPGA_DATA.USE_REGISTER.BIT_LANE[7].FDRE_wdata_inst/D
                                                              1.649         
i_platform/i_rtl/i_snim_i_system_ddr_no_name/i_munoc_instance_3/i_munoc_instance_1/i_munoc_instance_0/i_gen_buffer[0].i_munoc_instance_1/i_rindexer/value_reg[0]/C
                               i_platform/i_system_ddr/u_xilinx_ddr3_ctrl_axi32/u_xilinx_ddr3_ctrl_axi32_mig/u_memc_ui_top_axi/u_axi_mc/USE_UPSIZER.upsizer_d2/USE_WRITE.write_data_inst/WORD_LANE[0].USE_ALWAYS_PACKER.BYTE_LANE[2].USE_FPGA_DATA.BIT_LANE[6].FDRE_wdata_inst/D
                                                              1.651         
i_platform/i_rtl/i_snim_i_system_ddr_no_name/i_munoc_instance_3/i_munoc_instance_1/i_munoc_instance_0/i_gen_buffer[0].i_munoc_instance_1/i_rindexer/value_reg[0]/C
                               i_platform/i_system_ddr/u_xilinx_ddr3_ctrl_axi32/u_xilinx_ddr3_ctrl_axi32_mig/u_memc_ui_top_axi/u_axi_mc/USE_UPSIZER.upsizer_d2/USE_WRITE.write_data_inst/WORD_LANE[5].USE_ALWAYS_PACKER.BYTE_LANE[3].USE_FPGA_DATA.BIT_LANE[0].FDRE_wdata_inst/D
                                                              1.651         
i_platform/i_rtl/i_snim_i_system_ddr_no_name/i_munoc_instance_3/i_munoc_instance_1/i_munoc_instance_1/i_gen_buffer[0].i_munoc_instance_1/i_rindexer/value_reg[0]/C
                               i_platform/i_system_ddr/u_xilinx_ddr3_ctrl_axi32/u_xilinx_ddr3_ctrl_axi32_mig/u_memc_ui_top_axi/u_axi_mc/USE_UPSIZER.upsizer_d2/USE_WRITE.write_data_inst/WORD_LANE[0].USE_ALWAYS_PACKER.BYTE_LANE[2].USE_FPGA_DATA.USE_REGISTER.BIT_LANE[7].FDRE_wdata_inst/D
                                                              1.651         
i_platform/i_rtl/i_snim_i_system_ddr_no_name/i_munoc_instance_3/i_munoc_instance_1/i_munoc_instance_0/i_gen_buffer[0].i_munoc_instance_1/i_rindexer/value_reg[0]/C
                               i_platform/i_system_ddr/u_xilinx_ddr3_ctrl_axi32/u_xilinx_ddr3_ctrl_axi32_mig/u_memc_ui_top_axi/u_axi_mc/USE_UPSIZER.upsizer_d2/USE_WRITE.write_data_inst/WORD_LANE[4].USE_ALWAYS_PACKER.BYTE_LANE[2].USE_FPGA_DATA.BIT_LANE[0].FDRE_wdata_inst/D
                                                              1.656         
i_platform/i_rtl/i_snim_i_system_ddr_no_name/i_munoc_instance_3/i_munoc_instance_1/i_munoc_instance_0/i_gen_buffer[0].i_munoc_instance_1/i_rindexer/value_reg[0]/C
                               i_platform/i_system_ddr/u_xilinx_ddr3_ctrl_axi32/u_xilinx_ddr3_ctrl_axi32_mig/u_memc_ui_top_axi/u_axi_mc/USE_UPSIZER.upsizer_d2/USE_WRITE.write_data_inst/WORD_LANE[5].USE_ALWAYS_PACKER.BYTE_LANE[2].USE_FPGA_DATA.BIT_LANE[4].FDRE_wdata_inst/D
                                                              1.660         
i_platform/i_rtl/i_snim_i_system_ddr_no_name/i_munoc_instance_3/i_munoc_instance_1/i_munoc_instance_0/i_gen_buffer[0].i_munoc_instance_1/i_rindexer/value_reg[0]/C
                               i_platform/i_system_ddr/u_xilinx_ddr3_ctrl_axi32/u_xilinx_ddr3_ctrl_axi32_mig/u_memc_ui_top_axi/u_axi_mc/USE_UPSIZER.upsizer_d2/USE_WRITE.write_data_inst/WORD_LANE[5].USE_ALWAYS_PACKER.BYTE_LANE[2].USE_FPGA_DATA.BIT_LANE[1].FDRE_wdata_inst/D
                                                              1.661         
i_platform/i_rtl/i_snim_i_system_ddr_no_name/i_munoc_instance_3/i_munoc_instance_1/i_munoc_instance_1/i_gen_buffer[0].i_munoc_instance_1/i_rindexer/value_reg[0]/C
                               i_platform/i_system_ddr/u_xilinx_ddr3_ctrl_axi32/u_xilinx_ddr3_ctrl_axi32_mig/u_memc_ui_top_axi/u_axi_mc/USE_UPSIZER.upsizer_d2/USE_WRITE.write_data_inst/WORD_LANE[5].USE_ALWAYS_PACKER.BYTE_LANE[3].USE_FPGA_DATA.USE_REGISTER.BIT_LANE[5].FDRE_wdata_inst/D
                                                              1.667         
i_platform/i_rtl/i_snim_i_system_ddr_no_name/i_munoc_instance_3/i_munoc_instance_1/i_munoc_instance_0/i_gen_buffer[0].i_munoc_instance_1/i_rindexer/value_reg[0]/C
                               i_platform/i_system_ddr/u_xilinx_ddr3_ctrl_axi32/u_xilinx_ddr3_ctrl_axi32_mig/u_memc_ui_top_axi/u_axi_mc/USE_UPSIZER.upsizer_d2/USE_WRITE.write_data_inst/WORD_LANE[0].USE_ALWAYS_PACKER.BYTE_LANE[2].USE_FPGA_DATA.BIT_LANE[0].FDRE_wdata_inst/D
                                                              1.669         
i_platform/i_rtl/i_snim_i_system_ddr_no_name/i_munoc_instance_3/i_munoc_instance_1/i_munoc_instance_0/i_gen_buffer[0].i_munoc_instance_1/i_rindexer/value_reg[0]/C
                               i_platform/i_system_ddr/u_xilinx_ddr3_ctrl_axi32/u_xilinx_ddr3_ctrl_axi32_mig/u_memc_ui_top_axi/u_axi_mc/USE_UPSIZER.upsizer_d2/USE_WRITE.write_data_inst/WORD_LANE[3].USE_ALWAYS_PACKER.BYTE_LANE[2].USE_FPGA_DATA.BIT_LANE[2].FDRE_wdata_inst/D
                                                              1.671         
i_platform/i_rtl/i_snim_i_system_ddr_no_name/i_munoc_instance_3/i_munoc_instance_1/i_munoc_instance_0/i_gen_buffer[0].i_munoc_instance_1/i_rindexer/value_reg[0]/C
                               i_platform/i_system_ddr/u_xilinx_ddr3_ctrl_axi32/u_xilinx_ddr3_ctrl_axi32_mig/u_memc_ui_top_axi/u_axi_mc/USE_UPSIZER.upsizer_d2/USE_WRITE.write_data_inst/WORD_LANE[4].USE_ALWAYS_PACKER.BYTE_LANE[2].USE_FPGA_DATA.FDRE_wstrb_inst/D
                                                              1.673         
i_platform/i_rtl/i_snim_i_system_ddr_no_name/i_munoc_instance_3/i_munoc_instance_1/i_munoc_instance_0/i_gen_buffer[0].i_munoc_instance_1/i_rindexer/value_reg[0]/C
                               i_platform/i_system_ddr/u_xilinx_ddr3_ctrl_axi32/u_xilinx_ddr3_ctrl_axi32_mig/u_memc_ui_top_axi/u_axi_mc/USE_UPSIZER.upsizer_d2/USE_WRITE.write_data_inst/WORD_LANE[0].USE_ALWAYS_PACKER.BYTE_LANE[2].USE_FPGA_DATA.BIT_LANE[1].FDRE_wdata_inst/D
                                                              1.674         
i_platform/i_rtl/i_snim_i_system_ddr_no_name/i_munoc_instance_3/i_munoc_instance_1/i_munoc_instance_0/i_gen_buffer[0].i_munoc_instance_1/i_rindexer/value_reg[0]/C
                               i_platform/i_system_ddr/u_xilinx_ddr3_ctrl_axi32/u_xilinx_ddr3_ctrl_axi32_mig/u_memc_ui_top_axi/u_axi_mc/USE_UPSIZER.upsizer_d2/USE_WRITE.write_data_inst/WORD_LANE[1].USE_ALWAYS_PACKER.BYTE_LANE[2].USE_FPGA_DATA.BIT_LANE[5].FDRE_wdata_inst/D
                                                              1.679         
i_platform/i_rtl/i_snim_i_system_ddr_no_name/i_munoc_instance_3/i_munoc_instance_1/i_munoc_instance_0/i_gen_buffer[0].i_munoc_instance_1/i_rindexer/value_reg[0]/C
                               i_platform/i_system_ddr/u_xilinx_ddr3_ctrl_axi32/u_xilinx_ddr3_ctrl_axi32_mig/u_memc_ui_top_axi/u_axi_mc/USE_UPSIZER.upsizer_d2/USE_WRITE.write_data_inst/WORD_LANE[5].USE_ALWAYS_PACKER.BYTE_LANE[2].USE_FPGA_DATA.BIT_LANE[3].FDRE_wdata_inst/D
                                                              1.686         
i_platform/i_rtl/i_snim_i_system_sram_no_name/i_munoc_instance_3/i_munoc_instance_1/i_munoc_instance_0/i_gen_buffer[0].i_munoc_instance_1/i_rindexer/value_reg[5]/C
                               i_platform/i_system_sram/generate_cell[0].i_cell/i_write_bit[1].memory_reg_3/ENARDEN
                                                              1.689         
i_platform/i_rtl/i_snim_i_system_ddr_no_name/i_munoc_instance_3/i_munoc_instance_1/i_munoc_instance_0/i_gen_buffer[0].i_munoc_instance_1/i_rindexer/value_reg[0]/C
                               i_platform/i_system_ddr/u_xilinx_ddr3_ctrl_axi32/u_xilinx_ddr3_ctrl_axi32_mig/u_memc_ui_top_axi/u_axi_mc/USE_UPSIZER.upsizer_d2/USE_WRITE.write_data_inst/WORD_LANE[2].USE_ALWAYS_PACKER.BYTE_LANE[2].USE_FPGA_DATA.BIT_LANE[7].FDRE_wdata_inst/D
                                                              1.703         
i_platform/i_rtl/i_snim_i_system_ddr_no_name/i_munoc_instance_3/i_munoc_instance_1/i_munoc_instance_0/i_gen_buffer[0].i_munoc_instance_1/i_rindexer/value_reg[0]/C
                               i_platform/i_system_ddr/u_xilinx_ddr3_ctrl_axi32/u_xilinx_ddr3_ctrl_axi32_mig/u_memc_ui_top_axi/u_axi_mc/USE_UPSIZER.upsizer_d2/USE_WRITE.write_data_inst/WORD_LANE[4].USE_ALWAYS_PACKER.BYTE_LANE[2].USE_FPGA_DATA.BIT_LANE[3].FDRE_wdata_inst/D
                                                              1.705         
i_platform/i_rtl/i_snim_i_system_ddr_no_name/i_munoc_instance_3/i_munoc_instance_1/i_munoc_instance_0/i_gen_buffer[0].i_munoc_instance_1/i_rindexer/value_reg[0]/C
                               i_platform/i_system_ddr/u_xilinx_ddr3_ctrl_axi32/u_xilinx_ddr3_ctrl_axi32_mig/u_memc_ui_top_axi/u_axi_mc/USE_UPSIZER.upsizer_d2/USE_WRITE.write_data_inst/WORD_LANE[4].USE_ALWAYS_PACKER.BYTE_LANE[3].USE_FPGA_DATA.FDRE_wstrb_inst/D
                                                              1.706         
i_platform/i_rtl/i_snim_i_system_ddr_no_name/i_munoc_instance_3/i_munoc_instance_1/i_munoc_instance_0/i_gen_buffer[0].i_munoc_instance_1/i_rindexer/value_reg[0]/C
                               i_platform/i_system_ddr/u_xilinx_ddr3_ctrl_axi32/u_xilinx_ddr3_ctrl_axi32_mig/u_memc_ui_top_axi/u_axi_mc/USE_UPSIZER.upsizer_d2/USE_WRITE.write_data_inst/WORD_LANE[4].USE_ALWAYS_PACKER.BYTE_LANE[2].USE_FPGA_DATA.BIT_LANE[2].FDRE_wdata_inst/D
                                                              1.708         
i_platform/i_rtl/i_snim_i_system_ddr_no_name/i_munoc_instance_3/i_munoc_instance_1/i_munoc_instance_0/i_gen_buffer[0].i_munoc_instance_1/i_rindexer/value_reg[0]/C
                               i_platform/i_system_ddr/u_xilinx_ddr3_ctrl_axi32/u_xilinx_ddr3_ctrl_axi32_mig/u_memc_ui_top_axi/u_axi_mc/USE_UPSIZER.upsizer_d2/USE_WRITE.write_data_inst/WORD_LANE[6].USE_ALWAYS_PACKER.BYTE_LANE[2].USE_FPGA_DATA.BIT_LANE[4].FDRE_wdata_inst/D
                                                              1.710         
i_platform/i_rtl/i_snim_i_system_ddr_no_name/i_munoc_instance_3/i_munoc_instance_1/i_munoc_instance_0/i_gen_buffer[0].i_munoc_instance_1/i_rindexer/value_reg[0]/C
                               i_platform/i_system_ddr/u_xilinx_ddr3_ctrl_axi32/u_xilinx_ddr3_ctrl_axi32_mig/u_memc_ui_top_axi/u_axi_mc/USE_UPSIZER.upsizer_d2/USE_WRITE.write_data_inst/WORD_LANE[2].USE_ALWAYS_PACKER.BYTE_LANE[0].USE_FPGA_DATA.BIT_LANE[6].FDRE_wdata_inst/D
                                                              1.719         
i_platform/i_rtl/i_snim_i_system_ddr_no_name/i_munoc_instance_3/i_munoc_instance_1/i_munoc_instance_0/i_gen_buffer[0].i_munoc_instance_1/i_rindexer/value_reg[0]/C
                               i_platform/i_system_ddr/u_xilinx_ddr3_ctrl_axi32/u_xilinx_ddr3_ctrl_axi32_mig/u_memc_ui_top_axi/u_axi_mc/USE_UPSIZER.upsizer_d2/USE_WRITE.write_data_inst/WORD_LANE[6].USE_ALWAYS_PACKER.BYTE_LANE[0].USE_FPGA_DATA.BIT_LANE[1].FDRE_wdata_inst/D
                                                              1.724         
i_platform/i_rtl/i_snim_i_system_ddr_no_name/i_munoc_instance_3/i_munoc_instance_1/i_munoc_instance_0/i_gen_buffer[0].i_munoc_instance_1/i_rindexer/value_reg[0]/C
                               i_platform/i_system_ddr/u_xilinx_ddr3_ctrl_axi32/u_xilinx_ddr3_ctrl_axi32_mig/u_memc_ui_top_axi/u_axi_mc/USE_UPSIZER.upsizer_d2/USE_WRITE.write_data_inst/WORD_LANE[1].USE_ALWAYS_PACKER.BYTE_LANE[2].USE_FPGA_DATA.BIT_LANE[6].FDRE_wdata_inst/D
                                                              1.725         
i_platform/i_rtl/i_snim_i_system_ddr_no_name/i_munoc_instance_3/i_munoc_instance_1/i_munoc_instance_0/i_gen_buffer[0].i_munoc_instance_1/i_rindexer/value_reg[0]/C
                               i_platform/i_system_ddr/u_xilinx_ddr3_ctrl_axi32/u_xilinx_ddr3_ctrl_axi32_mig/u_memc_ui_top_axi/u_axi_mc/USE_UPSIZER.upsizer_d2/USE_WRITE.write_data_inst/WORD_LANE[6].USE_ALWAYS_PACKER.BYTE_LANE[0].USE_FPGA_DATA.BIT_LANE[0].FDRE_wdata_inst/D
                                                              1.726         
i_platform/i_rtl/i_snim_i_system_ddr_no_name/i_munoc_instance_3/i_munoc_instance_1/i_munoc_instance_1/i_gen_buffer[0].i_munoc_instance_1/i_rindexer/value_reg[0]/C
                               i_platform/i_system_ddr/u_xilinx_ddr3_ctrl_axi32/u_xilinx_ddr3_ctrl_axi32_mig/u_memc_ui_top_axi/u_axi_mc/USE_UPSIZER.upsizer_d2/USE_WRITE.write_data_inst/WORD_LANE[5].USE_ALWAYS_PACKER.BYTE_LANE[3].USE_FPGA_DATA.BIT_LANE[5].FDRE_wdata_inst/D
                                                              1.734         
i_platform/i_rtl/i_snim_i_system_ddr_no_name/i_munoc_instance_3/i_munoc_instance_1/i_munoc_instance_0/i_gen_buffer[0].i_munoc_instance_1/i_rindexer/value_reg[0]/C
                               i_platform/i_system_ddr/u_xilinx_ddr3_ctrl_axi32/u_xilinx_ddr3_ctrl_axi32_mig/u_memc_ui_top_axi/u_axi_mc/USE_UPSIZER.upsizer_d2/USE_WRITE.write_data_inst/WORD_LANE[4].USE_ALWAYS_PACKER.BYTE_LANE[3].USE_FPGA_DATA.BIT_LANE[1].FDRE_wdata_inst/D
                                                              1.735         
i_platform/i_rtl/i_snim_i_system_ddr_no_name/i_munoc_instance_3/i_munoc_instance_1/i_munoc_instance_0/i_gen_buffer[0].i_munoc_instance_1/i_rindexer/value_reg[0]/C
                               i_platform/i_system_ddr/u_xilinx_ddr3_ctrl_axi32/u_xilinx_ddr3_ctrl_axi32_mig/u_memc_ui_top_axi/u_axi_mc/USE_UPSIZER.upsizer_d2/USE_WRITE.write_data_inst/WORD_LANE[2].USE_ALWAYS_PACKER.BYTE_LANE[2].USE_FPGA_DATA.BIT_LANE[1].FDRE_wdata_inst/D
                                                              1.741         
i_platform/i_rtl/i_snim_i_system_sram_no_name/i_munoc_instance_3/i_munoc_instance_1/i_munoc_instance_0/i_gen_buffer[0].i_munoc_instance_1/i_rindexer/value_reg[5]/C
                               i_platform/i_system_sram/generate_cell[0].i_cell/i_write_bit[1].memory_reg_25/ENARDEN
                                                              1.742         
i_platform/i_rtl/i_snim_i_system_sram_no_name/i_munoc_instance_3/i_munoc_instance_1/i_munoc_instance_0/i_gen_buffer[0].i_munoc_instance_1/i_rindexer/value_reg[5]/C
                               i_platform/i_system_sram/generate_cell[0].i_cell/i_write_bit[1].memory_reg_31/ENARDEN
                                                              1.742         
i_platform/i_rtl/i_snim_i_system_ddr_no_name/i_munoc_instance_3/i_munoc_instance_1/i_munoc_instance_0/i_gen_buffer[0].i_munoc_instance_1/i_rindexer/value_reg[0]/C
                               i_platform/i_system_ddr/u_xilinx_ddr3_ctrl_axi32/u_xilinx_ddr3_ctrl_axi32_mig/u_memc_ui_top_axi/u_axi_mc/USE_UPSIZER.upsizer_d2/USE_WRITE.write_data_inst/WORD_LANE[4].USE_ALWAYS_PACKER.BYTE_LANE[2].USE_FPGA_DATA.BIT_LANE[6].FDRE_wdata_inst/D
                                                              1.745         
i_platform/i_rtl/i_snim_i_system_ddr_no_name/i_munoc_instance_3/i_munoc_instance_1/i_munoc_instance_0/i_gen_buffer[0].i_munoc_instance_1/i_rindexer/value_reg[0]/C
                               i_platform/i_system_ddr/u_xilinx_ddr3_ctrl_axi32/u_xilinx_ddr3_ctrl_axi32_mig/u_memc_ui_top_axi/u_axi_mc/USE_UPSIZER.upsizer_d2/USE_WRITE.write_data_inst/WORD_LANE[1].USE_ALWAYS_PACKER.BYTE_LANE[2].USE_FPGA_DATA.BIT_LANE[3].FDRE_wdata_inst/D
                                                              1.747         
i_platform/i_rtl/i_snim_i_system_ddr_no_name/i_munoc_instance_3/i_munoc_instance_1/i_munoc_instance_0/i_gen_buffer[0].i_munoc_instance_1/i_rindexer/value_reg[0]/C
                               i_platform/i_system_ddr/u_xilinx_ddr3_ctrl_axi32/u_xilinx_ddr3_ctrl_axi32_mig/u_memc_ui_top_axi/u_axi_mc/USE_UPSIZER.upsizer_d2/USE_WRITE.write_data_inst/WORD_LANE[5].USE_ALWAYS_PACKER.BYTE_LANE[3].USE_FPGA_DATA.FDRE_wstrb_inst/D
                                                              1.751         
i_platform/i_rtl/i_snim_i_system_ddr_no_name/i_munoc_instance_3/i_munoc_instance_1/i_munoc_instance_0/i_gen_buffer[0].i_munoc_instance_1/i_rindexer/value_reg[0]/C
                               i_platform/i_system_ddr/u_xilinx_ddr3_ctrl_axi32/u_xilinx_ddr3_ctrl_axi32_mig/u_memc_ui_top_axi/u_axi_mc/USE_UPSIZER.upsizer_d2/USE_WRITE.write_data_inst/WORD_LANE[6].USE_ALWAYS_PACKER.BYTE_LANE[2].USE_FPGA_DATA.BIT_LANE[2].FDRE_wdata_inst/D
                                                              1.752         
i_platform/i_rtl/i_snim_i_system_ddr_no_name/i_munoc_instance_3/i_munoc_instance_1/i_munoc_instance_1/i_gen_buffer[0].i_munoc_instance_1/i_rindexer/value_reg[2]/C
                               i_platform/i_system_ddr/u_xilinx_ddr3_ctrl_axi32/u_xilinx_ddr3_ctrl_axi32_mig/u_memc_ui_top_axi/u_axi_mc/USE_UPSIZER.upsizer_d2/USE_WRITE.write_data_inst/WORD_LANE[5].USE_ALWAYS_PACKER.BYTE_LANE[3].USE_FPGA_DATA.USE_REGISTER.BIT_LANE[2].FDRE_wdata_inst/D
                                                              1.760         
i_platform/i_rtl/i_snim_i_system_ddr_no_name/i_munoc_instance_3/i_munoc_instance_1/i_munoc_instance_0/i_gen_buffer[0].i_munoc_instance_1/i_rindexer/value_reg[0]/C
                               i_platform/i_system_ddr/u_xilinx_ddr3_ctrl_axi32/u_xilinx_ddr3_ctrl_axi32_mig/u_memc_ui_top_axi/u_axi_mc/USE_UPSIZER.upsizer_d2/USE_WRITE.write_data_inst/WORD_LANE[6].USE_ALWAYS_PACKER.BYTE_LANE[0].USE_FPGA_DATA.BIT_LANE[6].FDRE_wdata_inst/D
                                                              1.769         
i_platform/i_rtl/i_snim_i_system_ddr_no_name/i_munoc_instance_3/i_munoc_instance_1/i_munoc_instance_0/i_gen_buffer[0].i_munoc_instance_1/i_rindexer/value_reg[0]/C
                               i_platform/i_system_ddr/u_xilinx_ddr3_ctrl_axi32/u_xilinx_ddr3_ctrl_axi32_mig/u_memc_ui_top_axi/u_axi_mc/USE_UPSIZER.upsizer_d2/USE_WRITE.write_data_inst/WORD_LANE[5].USE_ALWAYS_PACKER.BYTE_LANE[3].USE_FPGA_DATA.BIT_LANE[4].FDRE_wdata_inst/D
                                                              1.769         
i_platform/i_rtl/i_snim_i_system_ddr_no_name/i_munoc_instance_3/i_munoc_instance_1/i_munoc_instance_0/i_gen_buffer[0].i_munoc_instance_1/i_rindexer/value_reg[0]/C
                               i_platform/i_system_ddr/u_xilinx_ddr3_ctrl_axi32/u_xilinx_ddr3_ctrl_axi32_mig/u_memc_ui_top_axi/u_axi_mc/USE_UPSIZER.upsizer_d2/USE_WRITE.write_data_inst/WORD_LANE[6].USE_ALWAYS_PACKER.BYTE_LANE[0].USE_FPGA_DATA.BIT_LANE[2].FDRE_wdata_inst/D
                                                              1.770         
i_platform/i_rtl/i_snim_i_system_ddr_no_name/i_munoc_instance_3/i_munoc_instance_1/i_munoc_instance_0/i_gen_buffer[0].i_munoc_instance_1/i_rindexer/value_reg[0]/C
                               i_platform/i_system_ddr/u_xilinx_ddr3_ctrl_axi32/u_xilinx_ddr3_ctrl_axi32_mig/u_memc_ui_top_axi/u_axi_mc/USE_UPSIZER.upsizer_d2/USE_WRITE.write_data_inst/WORD_LANE[6].USE_ALWAYS_PACKER.BYTE_LANE[0].USE_FPGA_DATA.BIT_LANE[3].FDRE_wdata_inst/D
                                                              1.770         
i_platform/i_rtl/i_snim_i_system_ddr_no_name/i_munoc_instance_3/i_munoc_instance_1/i_munoc_instance_0/i_gen_buffer[0].i_munoc_instance_1/i_rindexer/value_reg[0]/C
                               i_platform/i_system_ddr/u_xilinx_ddr3_ctrl_axi32/u_xilinx_ddr3_ctrl_axi32_mig/u_memc_ui_top_axi/u_axi_mc/USE_UPSIZER.upsizer_d2/USE_WRITE.write_data_inst/WORD_LANE[6].USE_ALWAYS_PACKER.BYTE_LANE[1].USE_FPGA_DATA.BIT_LANE[2].FDRE_wdata_inst/D
                                                              1.770         
i_platform/i_rtl/i_snim_i_system_ddr_no_name/i_munoc_instance_3/i_munoc_instance_1/i_munoc_instance_0/i_gen_buffer[0].i_munoc_instance_1/i_rindexer/value_reg[0]/C
                               i_platform/i_system_ddr/u_xilinx_ddr3_ctrl_axi32/u_xilinx_ddr3_ctrl_axi32_mig/u_memc_ui_top_axi/u_axi_mc/USE_UPSIZER.upsizer_d2/USE_WRITE.write_data_inst/WORD_LANE[5].USE_ALWAYS_PACKER.BYTE_LANE[2].USE_FPGA_DATA.BIT_LANE[0].FDRE_wdata_inst/D
                                                              1.771         
i_platform/i_rtl/i_snim_i_system_ddr_no_name/i_munoc_instance_3/i_munoc_instance_1/i_munoc_instance_0/i_gen_buffer[0].i_munoc_instance_1/i_rindexer/value_reg[0]/C
                               i_platform/i_system_ddr/u_xilinx_ddr3_ctrl_axi32/u_xilinx_ddr3_ctrl_axi32_mig/u_memc_ui_top_axi/u_axi_mc/USE_UPSIZER.upsizer_d2/USE_WRITE.write_data_inst/WORD_LANE[7].USE_ALWAYS_PACKER.BYTE_LANE[0].USE_FPGA_DATA.BIT_LANE[0].FDRE_wdata_inst/D
                                                              1.771         
i_platform/i_rtl/i_snim_i_system_ddr_no_name/i_munoc_instance_3/i_munoc_instance_1/i_munoc_instance_0/i_gen_buffer[0].i_munoc_instance_1/i_rindexer/value_reg[0]/C
                               i_platform/i_system_ddr/u_xilinx_ddr3_ctrl_axi32/u_xilinx_ddr3_ctrl_axi32_mig/u_memc_ui_top_axi/u_axi_mc/USE_UPSIZER.upsizer_d2/USE_WRITE.write_data_inst/WORD_LANE[2].USE_ALWAYS_PACKER.BYTE_LANE[2].USE_FPGA_DATA.BIT_LANE[4].FDRE_wdata_inst/D
                                                              1.771         
i_platform/i_rtl/i_snim_i_system_ddr_no_name/i_munoc_instance_3/i_munoc_instance_1/i_munoc_instance_0/i_gen_buffer[0].i_munoc_instance_1/i_rindexer/value_reg[0]/C
                               i_platform/i_system_ddr/u_xilinx_ddr3_ctrl_axi32/u_xilinx_ddr3_ctrl_axi32_mig/u_memc_ui_top_axi/u_axi_mc/USE_UPSIZER.upsizer_d2/USE_WRITE.write_data_inst/WORD_LANE[5].USE_ALWAYS_PACKER.BYTE_LANE[3].USE_FPGA_DATA.BIT_LANE[2].FDRE_wdata_inst/D
                                                              1.771         
i_platform/i_rtl/i_snim_i_system_ddr_no_name/i_munoc_instance_3/i_munoc_instance_1/i_munoc_instance_0/i_gen_buffer[0].i_munoc_instance_1/i_rindexer/value_reg[0]/C
                               i_platform/i_system_ddr/u_xilinx_ddr3_ctrl_axi32/u_xilinx_ddr3_ctrl_axi32_mig/u_memc_ui_top_axi/u_axi_mc/USE_UPSIZER.upsizer_d2/USE_WRITE.write_data_inst/WORD_LANE[6].USE_ALWAYS_PACKER.BYTE_LANE[0].USE_FPGA_DATA.BIT_LANE[5].FDRE_wdata_inst/D
                                                              1.772         
i_platform/i_rtl/i_snim_i_system_ddr_no_name/i_munoc_instance_3/i_munoc_instance_1/i_munoc_instance_0/i_gen_buffer[0].i_munoc_instance_1/i_rindexer/value_reg[0]/C
                               i_platform/i_system_ddr/u_xilinx_ddr3_ctrl_axi32/u_xilinx_ddr3_ctrl_axi32_mig/u_memc_ui_top_axi/u_axi_mc/USE_UPSIZER.upsizer_d2/USE_WRITE.write_data_inst/WORD_LANE[6].USE_ALWAYS_PACKER.BYTE_LANE[3].USE_FPGA_DATA.FDRE_wstrb_inst/D
                                                              1.773         
i_platform/i_rtl/i_snim_i_system_ddr_no_name/i_munoc_instance_3/i_munoc_instance_1/i_munoc_instance_0/i_gen_buffer[0].i_munoc_instance_1/i_rindexer/value_reg[0]/C
                               i_platform/i_system_ddr/u_xilinx_ddr3_ctrl_axi32/u_xilinx_ddr3_ctrl_axi32_mig/u_memc_ui_top_axi/u_axi_mc/USE_UPSIZER.upsizer_d2/USE_WRITE.write_data_inst/WORD_LANE[1].USE_ALWAYS_PACKER.BYTE_LANE[2].USE_FPGA_DATA.BIT_LANE[2].FDRE_wdata_inst/D
                                                              1.776         
i_platform/i_rtl/i_snim_i_system_ddr_no_name/i_munoc_instance_3/i_munoc_instance_1/i_munoc_instance_0/i_gen_buffer[0].i_munoc_instance_1/i_rindexer/value_reg[0]/C
                               i_platform/i_system_ddr/u_xilinx_ddr3_ctrl_axi32/u_xilinx_ddr3_ctrl_axi32_mig/u_memc_ui_top_axi/u_axi_mc/USE_UPSIZER.upsizer_d2/USE_WRITE.write_data_inst/WORD_LANE[5].USE_ALWAYS_PACKER.BYTE_LANE[2].USE_FPGA_DATA.BIT_LANE[5].FDRE_wdata_inst/D
                                                              1.777         
i_platform/i_rtl/i_snim_i_system_ddr_no_name/i_munoc_instance_3/i_munoc_instance_1/i_munoc_instance_0/i_gen_buffer[0].i_munoc_instance_1/i_rindexer/value_reg[0]/C
                               i_platform/i_system_ddr/u_xilinx_ddr3_ctrl_axi32/u_xilinx_ddr3_ctrl_axi32_mig/u_memc_ui_top_axi/u_axi_mc/USE_UPSIZER.upsizer_d2/USE_WRITE.write_data_inst/WORD_LANE[5].USE_ALWAYS_PACKER.BYTE_LANE[2].USE_FPGA_DATA.FDRE_wstrb_inst/D
                                                              1.777         
i_platform/i_rtl/i_snim_i_system_ddr_no_name/i_munoc_instance_3/i_munoc_instance_1/i_munoc_instance_0/i_gen_buffer[0].i_munoc_instance_1/i_rindexer/value_reg[0]/C
                               i_platform/i_system_ddr/u_xilinx_ddr3_ctrl_axi32/u_xilinx_ddr3_ctrl_axi32_mig/u_memc_ui_top_axi/u_axi_mc/USE_UPSIZER.upsizer_d2/USE_WRITE.write_data_inst/WORD_LANE[4].USE_ALWAYS_PACKER.BYTE_LANE[3].USE_FPGA_DATA.BIT_LANE[0].FDRE_wdata_inst/D
                                                              1.778         
i_platform/i_rtl/i_snim_i_system_ddr_no_name/i_munoc_instance_3/i_munoc_instance_1/i_munoc_instance_0/i_gen_buffer[0].i_munoc_instance_1/i_rindexer/value_reg[0]/C
                               i_platform/i_system_ddr/u_xilinx_ddr3_ctrl_axi32/u_xilinx_ddr3_ctrl_axi32_mig/u_memc_ui_top_axi/u_axi_mc/USE_UPSIZER.upsizer_d2/USE_WRITE.write_data_inst/WORD_LANE[2].USE_ALWAYS_PACKER.BYTE_LANE[2].USE_FPGA_DATA.BIT_LANE[0].FDRE_wdata_inst/D
                                                              1.781         
i_platform/i_rtl/i_snim_i_system_ddr_no_name/i_munoc_instance_3/i_munoc_instance_1/i_munoc_instance_0/i_gen_buffer[0].i_munoc_instance_1/i_rindexer/value_reg[0]/C
                               i_platform/i_system_ddr/u_xilinx_ddr3_ctrl_axi32/u_xilinx_ddr3_ctrl_axi32_mig/u_memc_ui_top_axi/u_axi_mc/USE_UPSIZER.upsizer_d2/USE_WRITE.write_data_inst/WORD_LANE[6].USE_ALWAYS_PACKER.BYTE_LANE[2].USE_FPGA_DATA.FDRE_wstrb_inst/D
                                                              1.787         
i_platform/i_rtl/i_snim_i_system_ddr_no_name/i_munoc_instance_3/i_munoc_instance_1/i_munoc_instance_0/i_gen_buffer[0].i_munoc_instance_1/i_rindexer/value_reg[0]/C
                               i_platform/i_system_ddr/u_xilinx_ddr3_ctrl_axi32/u_xilinx_ddr3_ctrl_axi32_mig/u_memc_ui_top_axi/u_axi_mc/USE_UPSIZER.upsizer_d2/USE_WRITE.write_data_inst/WORD_LANE[3].USE_ALWAYS_PACKER.BYTE_LANE[0].USE_FPGA_DATA.BIT_LANE[6].FDRE_wdata_inst/D
                                                              1.787         
i_platform/i_rtl/i_snim_i_system_ddr_no_name/i_munoc_instance_3/i_munoc_instance_1/i_munoc_instance_0/i_gen_buffer[0].i_munoc_instance_1/i_rindexer/value_reg[0]/C
                               i_platform/i_system_ddr/u_xilinx_ddr3_ctrl_axi32/u_xilinx_ddr3_ctrl_axi32_mig/u_memc_ui_top_axi/u_axi_mc/USE_UPSIZER.upsizer_d2/USE_WRITE.write_data_inst/WORD_LANE[3].USE_ALWAYS_PACKER.BYTE_LANE[1].USE_FPGA_DATA.FDRE_wstrb_inst/D
                                                              1.788         
i_platform/i_rtl/i_snim_i_system_ddr_no_name/i_munoc_instance_3/i_munoc_instance_1/i_munoc_instance_0/i_gen_buffer[0].i_munoc_instance_1/i_rindexer/value_reg[0]/C
                               i_platform/i_system_ddr/u_xilinx_ddr3_ctrl_axi32/u_xilinx_ddr3_ctrl_axi32_mig/u_memc_ui_top_axi/u_axi_mc/USE_UPSIZER.upsizer_d2/USE_WRITE.write_data_inst/WORD_LANE[3].USE_ALWAYS_PACKER.BYTE_LANE[0].USE_FPGA_DATA.BIT_LANE[4].FDRE_wdata_inst/D
                                                              1.789         
i_platform/i_rtl/i_snim_i_system_sram_no_name/i_munoc_instance_3/i_munoc_instance_1/i_munoc_instance_0/i_gen_buffer[0].i_munoc_instance_1/i_rindexer/value_reg[5]/C
                               i_platform/i_system_sram/generate_cell[0].i_cell/i_write_bit[1].memory_reg_8/ENARDEN
                                                              1.793         
i_platform/i_rtl/i_snim_i_system_sram_no_name/i_munoc_instance_3/i_munoc_instance_1/i_munoc_instance_0/i_gen_buffer[0].i_munoc_instance_1/i_rindexer/value_reg[5]/C
                               i_platform/i_system_sram/generate_cell[0].i_cell/i_write_bit[1].memory_reg_2/ENARDEN
                                                              1.795         
i_platform/i_rtl/i_snim_i_system_ddr_no_name/i_munoc_instance_3/i_munoc_instance_1/i_munoc_instance_0/i_gen_buffer[0].i_munoc_instance_1/i_rindexer/value_reg[0]/C
                               i_platform/i_system_ddr/u_xilinx_ddr3_ctrl_axi32/u_xilinx_ddr3_ctrl_axi32_mig/u_memc_ui_top_axi/u_axi_mc/USE_UPSIZER.upsizer_d2/USE_WRITE.write_data_inst/WORD_LANE[2].USE_ALWAYS_PACKER.BYTE_LANE[2].USE_FPGA_DATA.BIT_LANE[3].FDRE_wdata_inst/D
                                                              1.800         
i_platform/i_rtl/i_snim_i_system_ddr_no_name/i_munoc_instance_3/i_munoc_instance_1/i_munoc_instance_0/i_gen_buffer[0].i_munoc_instance_1/i_rindexer/value_reg[0]/C
                               i_platform/i_system_ddr/u_xilinx_ddr3_ctrl_axi32/u_xilinx_ddr3_ctrl_axi32_mig/u_memc_ui_top_axi/u_axi_mc/USE_UPSIZER.upsizer_d2/USE_WRITE.write_data_inst/WORD_LANE[6].USE_ALWAYS_PACKER.BYTE_LANE[0].USE_FPGA_DATA.BIT_LANE[4].FDRE_wdata_inst/D
                                                              1.803         
i_platform/i_rtl/i_snim_i_system_ddr_no_name/i_munoc_instance_3/i_munoc_instance_1/i_munoc_instance_0/i_gen_buffer[0].i_munoc_instance_1/i_rindexer/value_reg[0]/C
                               i_platform/i_system_ddr/u_xilinx_ddr3_ctrl_axi32/u_xilinx_ddr3_ctrl_axi32_mig/u_memc_ui_top_axi/u_axi_mc/USE_UPSIZER.upsizer_d2/USE_WRITE.write_data_inst/WORD_LANE[6].USE_ALWAYS_PACKER.BYTE_LANE[0].USE_FPGA_DATA.BIT_LANE[7].FDRE_wdata_inst/D
                                                              1.804         
i_platform/i_rtl/i_snim_i_system_ddr_no_name/i_munoc_instance_3/i_munoc_instance_1/i_munoc_instance_1/i_gen_buffer[0].i_munoc_instance_1/i_rindexer/value_reg[3]/C
                               i_platform/i_system_ddr/u_xilinx_ddr3_ctrl_axi32/u_xilinx_ddr3_ctrl_axi32_mig/u_memc_ui_top_axi/u_axi_mc/USE_UPSIZER.upsizer_d2/USE_WRITE.write_data_inst/WORD_LANE[2].USE_ALWAYS_PACKER.BYTE_LANE[1].USE_FPGA_DATA.USE_REGISTER.BIT_LANE[4].FDRE_wdata_inst/D
                                                              1.817         
i_platform/i_rtl/i_snim_i_system_ddr_no_name/i_munoc_instance_3/i_munoc_instance_1/i_munoc_instance_1/i_gen_buffer[0].i_munoc_instance_1/i_rindexer/value_reg[3]/C
                               i_platform/i_system_ddr/u_xilinx_ddr3_ctrl_axi32/u_xilinx_ddr3_ctrl_axi32_mig/u_memc_ui_top_axi/u_axi_mc/USE_UPSIZER.upsizer_d2/USE_WRITE.write_data_inst/WORD_LANE[2].USE_ALWAYS_PACKER.BYTE_LANE[1].USE_FPGA_DATA.BIT_LANE[4].FDRE_wdata_inst/D
                                                              1.817         
i_platform/i_rtl/i_snim_i_system_ddr_no_name/i_munoc_instance_3/i_munoc_instance_1/i_munoc_instance_0/i_gen_buffer[0].i_munoc_instance_1/i_rindexer/value_reg[0]/C
                               i_platform/i_system_ddr/u_xilinx_ddr3_ctrl_axi32/u_xilinx_ddr3_ctrl_axi32_mig/u_memc_ui_top_axi/u_axi_mc/USE_UPSIZER.upsizer_d2/USE_WRITE.write_data_inst/WORD_LANE[3].USE_ALWAYS_PACKER.BYTE_LANE[2].USE_FPGA_DATA.USE_REGISTER.BIT_LANE[6].FDRE_wdata_inst/D
                                                              1.824         
i_platform/i_rtl/i_snim_i_system_ddr_no_name/i_munoc_instance_3/i_munoc_instance_1/i_munoc_instance_0/i_gen_buffer[0].i_munoc_instance_1/i_rindexer/value_reg[0]/C
                               i_platform/i_system_ddr/u_xilinx_ddr3_ctrl_axi32/u_xilinx_ddr3_ctrl_axi32_mig/u_memc_ui_top_axi/u_axi_mc/USE_UPSIZER.upsizer_d2/USE_WRITE.write_data_inst/WORD_LANE[3].USE_ALWAYS_PACKER.BYTE_LANE[0].USE_FPGA_DATA.BIT_LANE[5].FDRE_wdata_inst/D
                                                              1.829         
i_platform/i_rtl/i_snim_i_system_sram_no_name/i_munoc_instance_3/i_munoc_instance_1/i_munoc_instance_0/i_gen_buffer[0].i_munoc_instance_1/i_rindexer/value_reg[5]/C
                               i_platform/i_system_sram/generate_cell[0].i_cell/i_write_bit[1].memory_reg_28/ENARDEN
                                                              1.834         
i_platform/i_rtl/i_snim_i_system_sram_no_name/i_munoc_instance_3/i_munoc_instance_1/i_munoc_instance_0/i_gen_buffer[0].i_munoc_instance_1/i_rindexer/value_reg[5]/C
                               i_platform/i_system_sram/generate_cell[0].i_cell/i_write_bit[1].memory_reg_30/ENARDEN
                                                              1.834         
i_platform/i_rtl/i_snim_i_system_sram_no_name/i_munoc_instance_3/i_munoc_instance_1/i_munoc_instance_0/i_gen_buffer[0].i_munoc_instance_1/i_rindexer/value_reg[5]/C
                               i_platform/i_system_sram/generate_cell[0].i_cell/i_write_bit[1].memory_reg_5/ENARDEN
                                                              1.842         
i_platform/i_rtl/i_snim_i_system_ddr_no_name/i_munoc_instance_3/i_munoc_instance_1/i_munoc_instance_0/i_gen_buffer[0].i_munoc_instance_1/i_rindexer/value_reg[0]/C
                               i_platform/i_system_ddr/u_xilinx_ddr3_ctrl_axi32/u_xilinx_ddr3_ctrl_axi32_mig/u_memc_ui_top_axi/u_axi_mc/USE_UPSIZER.upsizer_d2/USE_WRITE.write_data_inst/WORD_LANE[1].USE_ALWAYS_PACKER.BYTE_LANE[2].USE_FPGA_DATA.BIT_LANE[4].FDRE_wdata_inst/D
                                                              1.843         
i_platform/i_rtl/i_snim_i_system_ddr_no_name/i_munoc_instance_3/i_munoc_instance_1/i_munoc_instance_0/i_gen_buffer[0].i_munoc_instance_1/i_rindexer/value_reg[0]/C
                               i_platform/i_system_ddr/u_xilinx_ddr3_ctrl_axi32/u_xilinx_ddr3_ctrl_axi32_mig/u_memc_ui_top_axi/u_axi_mc/USE_UPSIZER.upsizer_d2/USE_WRITE.write_data_inst/WORD_LANE[5].USE_ALWAYS_PACKER.BYTE_LANE[0].USE_FPGA_DATA.BIT_LANE[0].FDRE_wdata_inst/D
                                                              1.845         
i_platform/i_rtl/i_snim_i_system_ddr_no_name/i_munoc_instance_3/i_munoc_instance_1/i_munoc_instance_0/i_gen_buffer[0].i_munoc_instance_1/i_rindexer/value_reg[0]/C
                               i_platform/i_system_ddr/u_xilinx_ddr3_ctrl_axi32/u_xilinx_ddr3_ctrl_axi32_mig/u_memc_ui_top_axi/u_axi_mc/USE_UPSIZER.upsizer_d2/USE_WRITE.write_data_inst/WORD_LANE[3].USE_ALWAYS_PACKER.BYTE_LANE[1].USE_FPGA_DATA.BIT_LANE[7].FDRE_wdata_inst/D
                                                              1.845         
i_platform/i_rtl/i_snim_i_system_ddr_no_name/i_munoc_instance_3/i_munoc_instance_1/i_munoc_instance_0/i_gen_buffer[0].i_munoc_instance_1/i_rindexer/value_reg[0]/C
                               i_platform/i_system_ddr/u_xilinx_ddr3_ctrl_axi32/u_xilinx_ddr3_ctrl_axi32_mig/u_memc_ui_top_axi/u_axi_mc/USE_UPSIZER.upsizer_d2/USE_WRITE.write_data_inst/WORD_LANE[6].USE_ALWAYS_PACKER.BYTE_LANE[2].USE_FPGA_DATA.BIT_LANE[6].FDRE_wdata_inst/D
                                                              1.846         
i_platform/i_rtl/i_snim_i_system_ddr_no_name/i_munoc_instance_3/i_munoc_instance_1/i_munoc_instance_0/i_gen_buffer[0].i_munoc_instance_1/i_rindexer/value_reg[0]/C
                               i_platform/i_system_ddr/u_xilinx_ddr3_ctrl_axi32/u_xilinx_ddr3_ctrl_axi32_mig/u_memc_ui_top_axi/u_axi_mc/USE_UPSIZER.upsizer_d2/USE_WRITE.write_data_inst/WORD_LANE[3].USE_ALWAYS_PACKER.BYTE_LANE[1].USE_FPGA_DATA.BIT_LANE[6].FDRE_wdata_inst/D
                                                              1.847         
i_platform/i_rtl/i_snim_i_system_ddr_no_name/i_munoc_instance_3/i_munoc_instance_1/i_munoc_instance_0/i_gen_buffer[0].i_munoc_instance_1/i_rindexer/value_reg[0]/C
                               i_platform/i_system_ddr/u_xilinx_ddr3_ctrl_axi32/u_xilinx_ddr3_ctrl_axi32_mig/u_memc_ui_top_axi/u_axi_mc/USE_UPSIZER.upsizer_d2/USE_WRITE.write_data_inst/WORD_LANE[6].USE_ALWAYS_PACKER.BYTE_LANE[0].USE_FPGA_DATA.FDRE_wstrb_inst/D
                                                              1.848         
i_platform/i_rtl/i_snim_i_system_ddr_no_name/i_munoc_instance_3/i_munoc_instance_1/i_munoc_instance_0/i_gen_buffer[0].i_munoc_instance_1/i_rindexer/value_reg[0]/C
                               i_platform/i_system_ddr/u_xilinx_ddr3_ctrl_axi32/u_xilinx_ddr3_ctrl_axi32_mig/u_memc_ui_top_axi/u_axi_mc/USE_UPSIZER.upsizer_d2/USE_WRITE.write_data_inst/WORD_LANE[6].USE_ALWAYS_PACKER.BYTE_LANE[2].USE_FPGA_DATA.BIT_LANE[5].FDRE_wdata_inst/D
                                                              1.848         
i_platform/i_rtl/i_snim_i_system_ddr_no_name/i_munoc_instance_3/i_munoc_instance_1/i_munoc_instance_0/i_gen_buffer[0].i_munoc_instance_1/i_rindexer/value_reg[0]/C
                               i_platform/i_system_ddr/u_xilinx_ddr3_ctrl_axi32/u_xilinx_ddr3_ctrl_axi32_mig/u_memc_ui_top_axi/u_axi_mc/USE_UPSIZER.upsizer_d2/USE_WRITE.write_data_inst/WORD_LANE[6].USE_ALWAYS_PACKER.BYTE_LANE[2].USE_FPGA_DATA.BIT_LANE[7].FDRE_wdata_inst/D
                                                              1.848         
i_platform/i_rtl/i_snim_i_system_ddr_no_name/i_munoc_instance_3/i_munoc_instance_1/i_munoc_instance_1/i_gen_buffer[0].i_munoc_instance_1/i_rindexer/value_reg[2]/C
                               i_platform/i_system_ddr/u_xilinx_ddr3_ctrl_axi32/u_xilinx_ddr3_ctrl_axi32_mig/u_memc_ui_top_axi/u_axi_mc/USE_UPSIZER.upsizer_d2/USE_WRITE.write_data_inst/WORD_LANE[3].USE_ALWAYS_PACKER.BYTE_LANE[3].USE_FPGA_DATA.BIT_LANE[3].FDRE_wdata_inst/D
                                                              1.855         
i_platform/i_rtl/i_snim_i_system_ddr_no_name/i_munoc_instance_3/i_munoc_instance_1/i_munoc_instance_1/i_gen_buffer[0].i_munoc_instance_1/i_rindexer/value_reg[2]/C
                               i_platform/i_system_ddr/u_xilinx_ddr3_ctrl_axi32/u_xilinx_ddr3_ctrl_axi32_mig/u_memc_ui_top_axi/u_axi_mc/USE_UPSIZER.upsizer_d2/USE_WRITE.write_data_inst/WORD_LANE[3].USE_ALWAYS_PACKER.BYTE_LANE[3].USE_FPGA_DATA.USE_REGISTER.BIT_LANE[3].FDRE_wdata_inst/D
                                                              1.855         
i_platform/i_rtl/i_snim_i_system_ddr_no_name/i_munoc_instance_3/i_munoc_instance_1/i_munoc_instance_0/i_gen_buffer[0].i_munoc_instance_1/i_rindexer/value_reg[0]/C
                               i_platform/i_system_ddr/u_xilinx_ddr3_ctrl_axi32/u_xilinx_ddr3_ctrl_axi32_mig/u_memc_ui_top_axi/u_axi_mc/USE_UPSIZER.upsizer_d2/USE_WRITE.write_data_inst/WORD_LANE[6].USE_ALWAYS_PACKER.BYTE_LANE[2].USE_FPGA_DATA.BIT_LANE[1].FDRE_wdata_inst/D
                                                              1.857         
i_platform/i_rtl/i_snim_i_system_ddr_no_name/i_munoc_instance_3/i_munoc_instance_1/i_munoc_instance_1/i_gen_buffer[0].i_munoc_instance_1/i_rindexer/value_reg[2]/C
                               i_platform/i_system_ddr/u_xilinx_ddr3_ctrl_axi32/u_xilinx_ddr3_ctrl_axi32_mig/u_memc_ui_top_axi/u_axi_mc/USE_UPSIZER.upsizer_d2/USE_WRITE.write_data_inst/WORD_LANE[4].USE_ALWAYS_PACKER.BYTE_LANE[3].USE_FPGA_DATA.USE_REGISTER.BIT_LANE[0].FDRE_wdata_inst/D
                                                              1.857         
i_platform/i_rtl/platform_controller/i_reset_controller/reset_vector_extended_reg[4]/C
                               i_platform/i_rtl/i_dca_neugemm00/i_dca_instance_0/i_dca_instance_04/i_generate_multiplier[2].i_dca_instance_2/i_dca_instance_0/stage1_partial_product0_reg[2]/CLR
                                                              2.300         
i_platform/i_rtl/platform_controller/i_reset_controller/reset_vector_extended_reg[4]/C
                               i_platform/i_rtl/i_dca_neugemm00/i_dca_instance_0/i_dca_instance_04/i_generate_multiplier[2].i_dca_instance_2/i_dca_instance_0/stage1_partial_product0_reg[3]/CLR
                                                              2.300         
i_platform/i_rtl/platform_controller/i_reset_controller/reset_vector_extended_reg[4]/C
                               i_platform/i_rtl/i_dca_neugemm00/i_dca_instance_0/i_dca_instance_04/i_generate_multiplier[2].i_dca_instance_2/i_dca_instance_0/stage1_partial_product0_reg[4]/CLR
                                                              2.300         
i_platform/i_rtl/platform_controller/i_reset_controller/reset_vector_extended_reg[4]/C
                               i_platform/i_rtl/i_dca_neugemm00/i_dca_instance_0/i_dca_instance_04/i_generate_multiplier[2].i_dca_instance_2/i_dca_instance_0/stage1_partial_product0_reg[5]/CLR
                                                              2.300         
i_platform/i_rtl/platform_controller/i_reset_controller/reset_vector_extended_reg[4]/C
                               i_platform/i_rtl/i_dca_neugemm00/i_dca_instance_0/i_dca_instance_12/i_dca_instance_0/i_reg_center_row[1].i_reg_center_col[3].data_reg[1][3][19]/CLR
                                                              2.457         
i_platform/i_rtl/platform_controller/i_reset_controller/reset_vector_extended_reg[4]/C
                               i_platform/i_rtl/i_dca_neugemm00/i_dca_instance_0/i_dca_instance_12/i_dca_instance_0/i_reg_center_row[1].i_reg_center_col[3].data_reg[1][3][20]/CLR
                                                              2.457         
i_platform/i_rtl/platform_controller/i_reset_controller/reset_vector_extended_reg[4]/C
                               i_platform/i_rtl/i_dca_neugemm00/i_dca_instance_0/i_dca_instance_12/i_dca_instance_0/i_reg_center_row[1].i_reg_center_col[3].data_reg[1][3][21]/CLR
                                                              2.457         
i_platform/i_rtl/platform_controller/i_reset_controller/reset_vector_extended_reg[4]/C
                               i_platform/i_rtl/i_dca_neugemm00/i_dca_instance_0/i_dca_instance_12/i_dca_instance_0/i_reg_center_row[1].i_reg_center_col[3].data_reg[1][3][26]/CLR
                                                              2.457         
i_platform/i_rtl/platform_controller/i_reset_controller/reset_vector_extended_reg[4]/C
                               i_platform/i_rtl/i_dca_neugemm00/i_dca_instance_0/i_dca_instance_04/i_generate_multiplier[28].i_dca_instance_2/i_dca_instance_0/stage1_partial_product3_reg[5]/CLR
                                                              2.539         
i_platform/i_rtl/platform_controller/i_reset_controller/reset_vector_extended_reg[4]/C
                               i_platform/i_rtl/i_dca_neugemm00/i_dca_instance_0/i_dca_instance_04/i_generate_multiplier[28].i_dca_instance_2/i_dca_instance_0/stage1_partial_product3_reg[6]/CLR
                                                              2.539         
i_platform/i_rtl/platform_controller/i_reset_controller/reset_vector_extended_reg[4]/C
                               i_platform/i_rtl/i_dca_neugemm00/i_dca_instance_0/i_dca_instance_04/i_generate_multiplier[28].i_dca_instance_2/i_dca_instance_0/stage1_partial_product3_reg[7]/CLR
                                                              2.539         
i_platform/i_rtl/platform_controller/i_reset_controller/reset_vector_extended_reg[4]/C
                               i_platform/i_rtl/i_dca_neugemm00/i_dca_instance_0/i_dca_instance_04/i_generate_multiplier[43].i_dca_instance_2/i_dca_instance_0/stage1_partial_product2_reg[14]/CLR
                                                              2.553         
i_platform/i_rtl/platform_controller/i_reset_controller/reset_vector_extended_reg[4]/C
                               i_platform/i_rtl/i_dca_neugemm00/i_dca_instance_0/i_dca_instance_04/i_generate_multiplier[43].i_dca_instance_2/i_dca_instance_0/stage1_partial_product2_reg[15]/CLR
                                                              2.553         
i_platform/i_rtl/platform_controller/i_reset_controller/reset_vector_extended_reg[4]/C
                               i_platform/i_rtl/i_dca_neugemm00/i_dca_instance_0/i_dca_instance_12/i_dca_instance_0/i_reg_up_row[6].data_reg[0][6][28]/CLR
                                                              2.560         
i_platform/i_rtl/platform_controller/i_reset_controller/reset_vector_extended_reg[4]/C
                               i_platform/i_rtl/i_dca_neugemm00/i_dca_instance_0/i_dca_instance_12/i_dca_instance_0/i_reg_up_row[6].data_reg[0][6][31]/CLR
                                                              2.560         
i_platform/i_rtl/platform_controller/i_reset_controller/reset_vector_extended_reg[4]/C
                               i_platform/i_rtl/i_dca_neugemm00/i_dca_instance_0/i_dca_instance_04/i_generate_multiplier[15].i_dca_instance_2/i_dca_instance_0/stage1_partial_product0_reg[22]/CLR
                                                              2.562         
i_platform/i_rtl/platform_controller/i_reset_controller/reset_vector_extended_reg[4]/C
                               i_platform/i_rtl/i_dca_neugemm00/i_dca_instance_0/i_dca_instance_04/i_generate_multiplier[15].i_dca_instance_2/i_dca_instance_0/stage1_partial_product0_reg[23]/CLR
                                                              2.562         
i_platform/i_rtl/platform_controller/i_reset_controller/reset_vector_extended_reg[4]/C
                               i_platform/i_rtl/i_dca_neugemm00/i_dca_instance_0/i_dca_instance_04/i_generate_multiplier[15].i_dca_instance_2/i_dca_instance_0/stage1_partial_product0_reg[24]/CLR
                                                              2.562         
i_platform/i_rtl/platform_controller/i_reset_controller/reset_vector_extended_reg[4]/C
                               i_platform/i_rtl/i_dca_neugemm00/i_dca_instance_0/i_dca_instance_04/i_generate_multiplier[15].i_dca_instance_2/i_dca_instance_0/stage1_partial_product0_reg[25]/CLR
                                                              2.562         
i_platform/i_rtl/platform_controller/i_reset_controller/reset_vector_extended_reg[4]/C
                               i_platform/i_rtl/i_dca_neugemm00/i_dca_instance_0/i_dca_instance_04/i_generate_multiplier[25].i_dca_instance_2/i_dca_instance_0/stage1_partial_product1_reg[0]/CLR
                                                              2.564         
i_platform/i_rtl/platform_controller/i_reset_controller/reset_vector_extended_reg[4]/C
                               i_platform/i_rtl/i_dca_neugemm00/i_dca_instance_0/i_dca_instance_04/i_generate_multiplier[25].i_dca_instance_2/i_dca_instance_0/stage1_partial_product1_reg[1]/CLR
                                                              2.564         
i_platform/i_rtl/platform_controller/i_reset_controller/reset_vector_extended_reg[4]/C
                               i_platform/i_rtl/i_dca_neugemm00/i_dca_instance_0/i_dca_instance_04/i_generate_multiplier[25].i_dca_instance_2/i_dca_instance_0/stage1_partial_product2_reg[0]/CLR
                                                              2.564         
i_platform/i_rtl/platform_controller/i_reset_controller/reset_vector_extended_reg[4]/C
                               i_platform/i_rtl/i_dca_neugemm00/i_dca_instance_0/i_dca_instance_04/i_generate_multiplier[25].i_dca_instance_2/i_dca_instance_0/stage1_partial_product3_reg[0]/CLR
                                                              2.564         
i_platform/i_rtl/platform_controller/i_reset_controller/reset_vector_extended_reg[4]/C
                               i_platform/i_rtl/i_dca_neugemm00/i_dca_instance_0/i_dca_instance_04/i_generate_multiplier[57].i_dca_instance_2/i_dca_instance_0/stage1_partial_product0_reg[6]/CLR
                                                              2.567         
i_platform/i_rtl/platform_controller/i_reset_controller/reset_vector_extended_reg[4]/C
                               i_platform/i_rtl/i_dca_neugemm00/i_dca_instance_0/i_dca_instance_04/i_generate_multiplier[57].i_dca_instance_2/i_dca_instance_0/stage1_partial_product0_reg[7]/CLR
                                                              2.567         
i_platform/i_rtl/platform_controller/i_reset_controller/reset_vector_extended_reg[4]/C
                               i_platform/i_rtl/i_dca_neugemm00/i_dca_instance_0/i_dca_instance_04/i_generate_multiplier[57].i_dca_instance_2/i_dca_instance_0/stage1_partial_product0_reg[8]/CLR
                                                              2.567         
i_platform/i_rtl/platform_controller/i_reset_controller/reset_vector_extended_reg[4]/C
                               i_platform/i_rtl/i_dca_neugemm00/i_dca_instance_0/i_dca_instance_04/i_generate_multiplier[57].i_dca_instance_2/i_dca_instance_0/stage1_partial_product0_reg[9]/CLR
                                                              2.567         
i_platform/i_rtl/platform_controller/i_reset_controller/reset_vector_extended_reg[4]/C
                               i_platform/i_rtl/i_dca_neugemm00/i_dca_instance_0/i_dca_instance_04/i_generate_multiplier[18].i_dca_instance_2/i_dca_instance_0/stage1_partial_product0_reg[30]/CLR
                                                              2.571         
i_platform/i_rtl/platform_controller/i_reset_controller/reset_vector_extended_reg[4]/C
                               i_platform/i_rtl/i_dca_neugemm00/i_dca_instance_0/i_dca_instance_04/i_generate_multiplier[18].i_dca_instance_2/i_dca_instance_0/stage1_partial_product0_reg[31]/CLR
                                                              2.571         
i_platform/i_rtl/platform_controller/i_reset_controller/reset_vector_extended_reg[4]/C
                               i_platform/i_rtl/i_dca_neugemm00/i_dca_instance_0/i_dca_instance_04/i_generate_multiplier[4].i_dca_instance_2/i_dca_instance_0/stage1_partial_product3_reg[5]/CLR
                                                              2.572         
i_platform/i_rtl/platform_controller/i_reset_controller/reset_vector_extended_reg[4]/C
                               i_platform/i_rtl/i_dca_neugemm00/i_dca_instance_0/i_dca_instance_04/i_generate_multiplier[4].i_dca_instance_2/i_dca_instance_0/stage1_partial_product3_reg[6]/CLR
                                                              2.572         
i_platform/i_rtl/platform_controller/i_reset_controller/reset_vector_extended_reg[4]/C
                               i_platform/i_rtl/i_dca_neugemm00/i_dca_instance_0/i_dca_instance_04/i_generate_multiplier[4].i_dca_instance_2/i_dca_instance_0/stage1_partial_product3_reg[7]/CLR
                                                              2.572         
i_platform/i_rtl/platform_controller/i_reset_controller/reset_vector_extended_reg[4]/C
                               i_platform/i_rtl/i_dca_neugemm00/i_dca_instance_0/i_dca_instance_04/i_generate_multiplier[7].i_dca_instance_2/i_dca_instance_0/stage1_partial_product0_reg[30]/CLR
                                                              2.572         
i_platform/i_rtl/platform_controller/i_reset_controller/reset_vector_extended_reg[4]/C
                               i_platform/i_rtl/i_dca_neugemm00/i_dca_instance_0/i_dca_instance_04/i_generate_multiplier[7].i_dca_instance_2/i_dca_instance_0/stage1_partial_product0_reg[31]/CLR
                                                              2.572         
i_platform/i_rtl/platform_controller/i_reset_controller/reset_vector_extended_reg[4]/C
                               i_platform/i_rtl/i_dca_neugemm00/i_dca_instance_0/i_dca_instance_04/i_generate_multiplier[61].i_dca_instance_2/i_dca_instance_0/stage1_partial_product0_reg[30]/CLR
                                                              2.574         
i_platform/i_rtl/platform_controller/i_reset_controller/reset_vector_extended_reg[4]/C
                               i_platform/i_rtl/i_dca_neugemm00/i_dca_instance_0/i_dca_instance_04/i_generate_multiplier[61].i_dca_instance_2/i_dca_instance_0/stage1_partial_product0_reg[31]/CLR
                                                              2.574         
i_platform/i_rtl/platform_controller/i_reset_controller/reset_vector_extended_reg[4]/C
                               i_platform/i_rtl/i_dca_neugemm00/i_dca_instance_0/i_dca_instance_04/i_generate_multiplier[34].i_dca_instance_2/i_dca_instance_0/stage1_partial_product1_reg[14]/CLR
                                                              2.602         
i_platform/i_rtl/platform_controller/i_reset_controller/reset_vector_extended_reg[4]/C
                               i_platform/i_rtl/i_dca_neugemm00/i_dca_instance_0/i_dca_instance_04/i_generate_multiplier[34].i_dca_instance_2/i_dca_instance_0/stage1_partial_product1_reg[15]/CLR
                                                              2.602         
i_platform/i_rtl/platform_controller/i_reset_controller/reset_vector_extended_reg[4]/C
                               i_platform/i_rtl/i_dca_neugemm00/i_dca_instance_0/i_dca_instance_04/i_generate_multiplier[34].i_dca_instance_2/i_dca_instance_0/stage1_partial_product1_reg[16]/CLR
                                                              2.602         
i_platform/i_rtl/platform_controller/i_reset_controller/reset_vector_extended_reg[4]/C
                               i_platform/i_rtl/i_dca_neugemm00/i_dca_instance_0/i_dca_instance_04/i_generate_multiplier[34].i_dca_instance_2/i_dca_instance_0/stage1_partial_product1_reg[17]/CLR
                                                              2.602         
i_platform/i_rtl/platform_controller/i_reset_controller/reset_vector_extended_reg[4]/C
                               i_platform/i_rtl/i_dca_neugemm00/i_dca_instance_0/i_dca_instance_04/i_generate_multiplier[25].i_dca_instance_2/i_dca_instance_0/stage1_partial_product2_reg[1]/CLR
                                                              2.622         
i_platform/i_rtl/platform_controller/i_reset_controller/reset_vector_extended_reg[4]/C
                               i_platform/i_rtl/i_dca_neugemm00/i_dca_instance_0/i_dca_instance_12/i_dca_instance_0/i_reg_center_row[4].i_reg_center_col[3].data_reg[4][3][16]/CLR
                                                              2.645         
i_platform/i_rtl/platform_controller/i_reset_controller/reset_vector_extended_reg[4]/C
                               i_platform/i_rtl/i_dca_neugemm00/i_dca_instance_0/i_dca_instance_12/i_dca_instance_0/i_reg_center_row[4].i_reg_center_col[3].data_reg[4][3][19]/CLR
                                                              2.645         
i_platform/i_rtl/platform_controller/i_reset_controller/reset_vector_extended_reg[4]/C
                               i_platform/i_rtl/i_dca_neugemm00/i_dca_instance_0/i_dca_instance_12/i_dca_instance_0/i_reg_center_row[4].i_reg_center_col[3].data_reg[4][3][21]/CLR
                                                              2.645         
i_platform/i_rtl/platform_controller/i_reset_controller/reset_vector_extended_reg[4]/C
                               i_platform/i_rtl/i_dca_neugemm00/i_dca_instance_0/i_dca_instance_12/i_dca_instance_0/i_reg_center_row[4].i_reg_center_col[3].data_reg[4][3][22]/CLR
                                                              2.645         
i_platform/i_rtl/platform_controller/i_reset_controller/reset_vector_extended_reg[4]/C
                               i_platform/i_rtl/i_dca_neugemm00/i_dca_instance_0/i_dca_instance_12/i_dca_instance_0/i_reg_center_row[4].i_reg_center_col[3].data_reg[4][3][0]/CLR
                                                              2.647         
i_platform/i_rtl/platform_controller/i_reset_controller/reset_vector_extended_reg[4]/C
                               i_platform/i_rtl/i_dca_neugemm00/i_dca_instance_0/i_dca_instance_04/i_generate_multiplier[36].i_dca_instance_2/i_dca_instance_0/stage1_partial_product1_reg[10]/CLR
                                                              2.654         
i_platform/i_rtl/platform_controller/i_reset_controller/reset_vector_extended_reg[4]/C
                               i_platform/i_rtl/i_dca_neugemm00/i_dca_instance_0/i_dca_instance_04/i_generate_multiplier[36].i_dca_instance_2/i_dca_instance_0/stage1_partial_product1_reg[11]/CLR
                                                              2.654         
i_platform/i_rtl/platform_controller/i_reset_controller/reset_vector_extended_reg[4]/C
                               i_platform/i_rtl/i_dca_neugemm00/i_dca_instance_0/i_dca_instance_04/i_generate_multiplier[36].i_dca_instance_2/i_dca_instance_0/stage1_partial_product1_reg[12]/CLR
                                                              2.654         
i_platform/i_rtl/platform_controller/i_reset_controller/reset_vector_extended_reg[4]/C
                               i_platform/i_rtl/i_dca_neugemm00/i_dca_instance_0/i_dca_instance_04/i_generate_multiplier[36].i_dca_instance_2/i_dca_instance_0/stage1_partial_product1_reg[13]/CLR
                                                              2.654         
i_platform/i_rtl/platform_controller/i_reset_controller/reset_vector_extended_reg[4]/C
                               i_platform/i_rtl/i_dca_neugemm00/i_dca_instance_0/i_dca_instance_04/i_generate_multiplier[34].i_dca_instance_2/i_dca_instance_0/stage1_partial_product1_reg[0]/CLR
                                                              2.654         
i_platform/i_rtl/platform_controller/i_reset_controller/reset_vector_extended_reg[4]/C
                               i_platform/i_rtl/i_dca_neugemm00/i_dca_instance_0/i_dca_instance_04/i_generate_multiplier[34].i_dca_instance_2/i_dca_instance_0/stage1_partial_product1_reg[1]/CLR
                                                              2.654         
i_platform/i_rtl/platform_controller/i_reset_controller/reset_vector_extended_reg[4]/C
                               i_platform/i_rtl/i_dca_neugemm00/i_dca_instance_0/i_dca_instance_04/i_generate_multiplier[35].i_dca_instance_2/i_dca_instance_0/stage1_partial_product0_reg[2]/CLR
                                                              2.655         
i_platform/i_rtl/platform_controller/i_reset_controller/reset_vector_extended_reg[4]/C
                               i_platform/i_rtl/i_dca_neugemm00/i_dca_instance_0/i_dca_instance_04/i_generate_multiplier[35].i_dca_instance_2/i_dca_instance_0/stage1_partial_product0_reg[3]/CLR
                                                              2.655         
i_platform/i_rtl/platform_controller/i_reset_controller/reset_vector_extended_reg[4]/C
                               i_platform/i_rtl/i_dca_neugemm00/i_dca_instance_0/i_dca_instance_04/i_generate_multiplier[35].i_dca_instance_2/i_dca_instance_0/stage1_partial_product0_reg[4]/CLR
                                                              2.655         
i_platform/i_rtl/platform_controller/i_reset_controller/reset_vector_extended_reg[4]/C
                               i_platform/i_rtl/i_dca_neugemm00/i_dca_instance_0/i_dca_instance_04/i_generate_multiplier[35].i_dca_instance_2/i_dca_instance_0/stage1_partial_product0_reg[5]/CLR
                                                              2.655         
i_platform/i_rtl/platform_controller/i_reset_controller/reset_vector_extended_reg[4]/C
                               i_platform/i_rtl/i_dca_neugemm00/i_dca_instance_0/i_dca_instance_04/i_generate_multiplier[29].i_dca_instance_2/i_dca_instance_0/stage1_partial_product3_reg[1]/CLR
                                                              2.656         
i_platform/i_rtl/platform_controller/i_reset_controller/reset_vector_extended_reg[4]/C
                               i_platform/i_rtl/i_dca_neugemm00/i_dca_instance_0/i_dca_instance_04/i_generate_multiplier[29].i_dca_instance_2/i_dca_instance_0/stage1_partial_product3_reg[2]/CLR
                                                              2.656         
i_platform/i_rtl/platform_controller/i_reset_controller/reset_vector_extended_reg[4]/C
                               i_platform/i_rtl/i_dca_neugemm00/i_dca_instance_0/i_dca_instance_04/i_generate_multiplier[29].i_dca_instance_2/i_dca_instance_0/stage1_partial_product3_reg[3]/CLR
                                                              2.656         
i_platform/i_rtl/platform_controller/i_reset_controller/reset_vector_extended_reg[4]/C
                               i_platform/i_rtl/i_dca_neugemm00/i_dca_instance_0/i_dca_instance_04/i_generate_multiplier[29].i_dca_instance_2/i_dca_instance_0/stage1_partial_product3_reg[4]/CLR
                                                              2.656         
i_platform/i_rtl/platform_controller/i_reset_controller/reset_vector_extended_reg[4]/C
                               i_platform/i_rtl/i_dca_neugemm00/i_dca_instance_0/i_dca_instance_04/i_generate_multiplier[36].i_dca_instance_2/i_dca_instance_0/stage1_partial_product2_reg[2]/CLR
                                                              2.657         
i_platform/i_rtl/platform_controller/i_reset_controller/reset_vector_extended_reg[4]/C
                               i_platform/i_rtl/i_dca_neugemm00/i_dca_instance_0/i_dca_instance_04/i_generate_multiplier[36].i_dca_instance_2/i_dca_instance_0/stage1_partial_product2_reg[3]/CLR
                                                              2.657         
i_platform/i_rtl/platform_controller/i_reset_controller/reset_vector_extended_reg[4]/C
                               i_platform/i_rtl/i_dca_neugemm00/i_dca_instance_0/i_dca_instance_04/i_generate_multiplier[36].i_dca_instance_2/i_dca_instance_0/stage1_partial_product2_reg[4]/CLR
                                                              2.657         
i_platform/i_rtl/platform_controller/i_reset_controller/reset_vector_extended_reg[4]/C
                               i_platform/i_rtl/i_dca_neugemm00/i_dca_instance_0/i_dca_instance_04/i_generate_multiplier[36].i_dca_instance_2/i_dca_instance_0/stage1_partial_product2_reg[5]/CLR
                                                              2.657         
i_platform/i_rtl/platform_controller/i_reset_controller/reset_vector_extended_reg[4]/C
                               i_platform/i_rtl/i_dca_neugemm00_control_mmiox1_interface/i_mmiox1_bridge/i_inst_fifo/i_generate_fifo[5].i_fifo/mem_reg[0][11]/CLR
                                                              2.659         
i_platform/i_rtl/platform_controller/i_reset_controller/reset_vector_extended_reg[4]/C
                               i_platform/i_rtl/i_dca_neugemm00_control_mmiox1_interface/i_mmiox1_bridge/i_inst_fifo/i_generate_fifo[5].i_fifo/mem_reg[0][20]/CLR
                                                              2.659         
i_platform/i_rtl/platform_controller/i_reset_controller/reset_vector_extended_reg[4]/C
                               i_platform/i_rtl/i_dca_neugemm00/i_dca_instance_0/i_dca_instance_02/i_dca_instance_0/i_reg_down_row[2].data_reg[7][2][28]/CLR
                                                              2.660         
i_platform/i_rtl/platform_controller/i_reset_controller/reset_vector_extended_reg[4]/C
                               i_platform/i_rtl/i_dca_neugemm00/i_dca_instance_0/i_dca_instance_02/i_dca_instance_0/i_reg_left_col[1].data_reg[1][0][21]/CLR
                                                              2.660         
i_platform/i_rtl/platform_controller/i_reset_controller/reset_vector_extended_reg[4]/C
                               i_platform/i_rtl/i_dca_neugemm00/i_dca_instance_0/i_dca_instance_12/i_dca_instance_0/i_reg_center_row[2].i_reg_center_col[2].data_reg[2][2][0]/CLR
                                                              2.661         
i_platform/i_rtl/platform_controller/i_reset_controller/reset_vector_extended_reg[4]/C
                               i_platform/i_rtl/i_dca_neugemm00/i_dca_instance_0/i_dca_instance_12/i_dca_instance_0/i_reg_down_row[3].data_reg[7][3][0]/CLR
                                                              2.662         
i_platform/i_rtl/platform_controller/i_reset_controller/reset_vector_extended_reg[4]/C
                               i_platform/i_rtl/i_dca_neugemm00/i_dca_instance_0/i_dca_instance_04/i_generate_multiplier[2].i_dca_instance_2/i_dca_instance_0/stage1_partial_product0_reg[30]/CLR
                                                              2.662         
i_platform/i_rtl/platform_controller/i_reset_controller/reset_vector_extended_reg[4]/C
                               i_platform/i_rtl/i_dca_neugemm00/i_dca_instance_0/i_dca_instance_04/i_generate_multiplier[2].i_dca_instance_2/i_dca_instance_0/stage1_partial_product0_reg[31]/CLR
                                                              2.662         
i_platform/i_rtl/platform_controller/i_reset_controller/reset_vector_extended_reg[4]/C
                               i_platform/i_rtl/i_dca_neugemm00/i_dca_instance_0/i_dca_instance_09/i_write_row_reg[0].dca_signal_0_reg[0][21]/CLR
                                                              2.663         
i_platform/i_rtl/platform_controller/i_reset_controller/reset_vector_extended_reg[4]/C
                               i_platform/i_rtl/i_dca_neugemm00/i_dca_instance_0/i_dca_instance_09/i_write_row_reg[0].dca_signal_0_reg[0][24]/CLR
                                                              2.663         
i_platform/i_rtl/platform_controller/i_reset_controller/reset_vector_extended_reg[4]/C
                               i_platform/i_rtl/i_dca_neugemm00/i_dca_instance_0/i_dca_instance_09/i_write_row_reg[0].dca_signal_0_reg[0][26]/CLR
                                                              2.663         
i_platform/i_rtl/platform_controller/i_reset_controller/reset_vector_extended_reg[4]/C
                               i_platform/i_rtl/i_dca_neugemm00/i_dca_instance_0/i_dca_instance_04/i_generate_multiplier[18].i_dca_instance_2/i_dca_instance_0/stage1_partial_product0_reg[18]/CLR
                                                              2.666         
i_platform/i_rtl/platform_controller/i_reset_controller/reset_vector_extended_reg[4]/C
                               i_platform/i_rtl/i_dca_neugemm00/i_dca_instance_0/i_dca_instance_04/i_generate_multiplier[18].i_dca_instance_2/i_dca_instance_0/stage1_partial_product0_reg[19]/CLR
                                                              2.666         
i_platform/i_rtl/platform_controller/i_reset_controller/reset_vector_extended_reg[4]/C
                               i_platform/i_rtl/i_dca_neugemm00/i_dca_instance_0/i_dca_instance_04/i_generate_multiplier[18].i_dca_instance_2/i_dca_instance_0/stage1_partial_product0_reg[20]/CLR
                                                              2.666         
i_platform/i_rtl/platform_controller/i_reset_controller/reset_vector_extended_reg[4]/C
                               i_platform/i_rtl/i_dca_neugemm00/i_dca_instance_0/i_dca_instance_04/i_generate_multiplier[18].i_dca_instance_2/i_dca_instance_0/stage1_partial_product0_reg[21]/CLR
                                                              2.666         
i_platform/i_rtl/platform_controller/i_reset_controller/reset_vector_extended_reg[4]/C
                               i_platform/i_rtl/i_dca_neugemm00/i_dca_instance_0/i_dca_instance_04/i_generate_multiplier[42].i_dca_instance_2/i_dca_instance_0/stage1_partial_product1_reg[22]/CLR
                                                              2.667         
i_platform/i_rtl/platform_controller/i_reset_controller/reset_vector_extended_reg[4]/C
                               i_platform/i_rtl/i_dca_neugemm00/i_dca_instance_0/i_dca_instance_04/i_generate_multiplier[42].i_dca_instance_2/i_dca_instance_0/stage1_partial_product1_reg[23]/CLR
                                                              2.667         
i_platform/i_rtl/platform_controller/i_reset_controller/reset_vector_extended_reg[4]/C
                               i_platform/i_rtl/i_dca_neugemm00/i_dca_instance_0/i_dca_instance_04/i_generate_multiplier[50].i_dca_instance_2/i_dca_instance_0/stage1_partial_product2_reg[14]/CLR
                                                              2.668         
i_platform/i_rtl/platform_controller/i_reset_controller/reset_vector_extended_reg[4]/C
                               i_platform/i_rtl/i_dca_neugemm00/i_dca_instance_0/i_dca_instance_04/i_generate_multiplier[50].i_dca_instance_2/i_dca_instance_0/stage1_partial_product2_reg[15]/CLR
                                                              2.668         
i_platform/i_rtl/platform_controller/i_reset_controller/reset_vector_extended_reg[4]/C
                               i_platform/i_rtl/i_dca_neugemm00/i_dca_instance_0/i_dca_instance_10/i_dca_instance_0/i_dca_instance_0/i_reg_center_row[3].i_reg_center_col[1].data_reg[3][1][18]/CLR
                                                              2.668         
i_platform/i_rtl/platform_controller/i_reset_controller/reset_vector_extended_reg[4]/C
                               i_platform/i_rtl/i_dca_neugemm00/i_dca_instance_0/i_dca_instance_10/i_dca_instance_0/i_dca_instance_0/i_reg_center_row[3].i_reg_center_col[1].data_reg[3][1][23]/CLR
                                                              2.668         
i_platform/i_rtl/platform_controller/i_reset_controller/reset_vector_extended_reg[4]/C
                               i_platform/i_rtl/i_dca_neugemm00/i_dca_instance_0/i_dca_instance_02/i_dca_instance_0/data_reg[7][7][24]/CLR
                                                              2.668         
i_platform/i_rtl/platform_controller/i_reset_controller/reset_vector_extended_reg[4]/C
                               i_platform/i_rtl/i_dca_neugemm00/i_dca_instance_0/i_dca_instance_02/i_dca_instance_0/data_reg[7][7][25]/CLR
                                                              2.668         
i_platform/i_rtl/platform_controller/i_reset_controller/reset_vector_extended_reg[4]/C
                               i_platform/i_rtl/i_dca_neugemm00/i_dca_instance_0/i_dca_instance_02/i_dca_instance_0/data_reg[7][7][30]/CLR
                                                              2.668         
i_platform/i_rtl/platform_controller/i_reset_controller/reset_vector_extended_reg[4]/C
                               i_platform/i_rtl/i_dca_neugemm00/i_dca_instance_0/i_dca_instance_04/i_generate_multiplier[39].i_dca_instance_2/i_dca_instance_0/stage1_partial_product3_reg[1]/CLR
                                                              2.669         
i_platform/i_rtl/platform_controller/i_reset_controller/reset_vector_extended_reg[4]/C
                               i_platform/i_rtl/i_dca_neugemm00/i_dca_instance_0/i_dca_instance_04/i_generate_multiplier[39].i_dca_instance_2/i_dca_instance_0/stage1_partial_product3_reg[2]/CLR
                                                              2.669         
i_platform/i_rtl/platform_controller/i_reset_controller/reset_vector_extended_reg[4]/C
                               i_platform/i_rtl/i_dca_neugemm00/i_dca_instance_0/i_dca_instance_04/i_generate_multiplier[39].i_dca_instance_2/i_dca_instance_0/stage1_partial_product3_reg[3]/CLR
                                                              2.669         
i_platform/i_rtl/platform_controller/i_reset_controller/reset_vector_extended_reg[4]/C
                               i_platform/i_rtl/i_dca_neugemm00/i_dca_instance_0/i_dca_instance_04/i_generate_multiplier[39].i_dca_instance_2/i_dca_instance_0/stage1_partial_product3_reg[4]/CLR
                                                              2.669         
i_platform/i_rtl/platform_controller/i_reset_controller/reset_vector_extended_reg[4]/C
                               i_platform/i_rtl/i_dca_neugemm00/i_dca_instance_0/i_dca_instance_04/dca_signal_25_reg[0]/CLR
                                                              2.669         
i_platform/i_rtl/platform_controller/i_reset_controller/reset_vector_extended_reg[4]/C
                               i_platform/i_rtl/i_dca_neugemm00/i_dca_instance_0/i_dca_instance_04/i_generate_multiplier[17].i_dca_instance_2/i_dca_instance_0/stage1_partial_product1_reg[22]/CLR
                                                              2.669         
i_platform/i_rtl/platform_controller/i_reset_controller/reset_vector_extended_reg[4]/C
                               i_platform/i_rtl/i_dca_neugemm00/i_dca_instance_0/i_dca_instance_04/i_generate_multiplier[17].i_dca_instance_2/i_dca_instance_0/stage1_partial_product1_reg[23]/CLR
                                                              2.669         
i_platform/i_rtl/platform_controller/i_reset_controller/reset_vector_extended_reg[4]/C
                               i_platform/i_rtl/i_dca_neugemm00/i_dca_instance_0/i_dca_instance_04/i_generate_multiplier[42].i_dca_instance_2/i_dca_instance_0/stage1_partial_product2_reg[6]/CLR
                                                              2.669         
i_platform/i_rtl/platform_controller/i_reset_controller/reset_vector_extended_reg[4]/C
                               i_platform/i_rtl/i_dca_neugemm00/i_dca_instance_0/i_dca_instance_04/i_generate_multiplier[42].i_dca_instance_2/i_dca_instance_0/stage1_partial_product2_reg[7]/CLR
                                                              2.669         
i_platform/i_rtl/platform_controller/i_reset_controller/reset_vector_extended_reg[4]/C
                               i_platform/i_rtl/i_dca_neugemm00/i_dca_instance_0/i_dca_instance_04/i_generate_multiplier[42].i_dca_instance_2/i_dca_instance_0/stage1_partial_product2_reg[8]/CLR
                                                              2.669         
i_platform/i_rtl/platform_controller/i_reset_controller/reset_vector_extended_reg[4]/C
                               i_platform/i_rtl/i_dca_neugemm00/i_dca_instance_0/i_dca_instance_04/i_generate_multiplier[42].i_dca_instance_2/i_dca_instance_0/stage1_partial_product2_reg[9]/CLR
                                                              2.669         
i_platform/i_rtl/platform_controller/i_reset_controller/reset_vector_extended_reg[4]/C
                               i_platform/i_rtl/i_dca_neugemm00/i_dca_instance_0/i_dca_instance_02/i_dca_instance_0/i_reg_down_row[4].data_reg[7][4][21]/CLR
                                                              2.671         
i_platform/i_system_ddr/u_xilinx_ddr3_ctrl_axi32/u_xilinx_ddr3_ctrl_axi32_mig/u_memc_ui_top_axi/mem_intfc0/ddr_phy_top0/u_ddr_mc_phy_wrapper/u_ddr_mc_phy/ddr_phy_4lanes_0.u_ddr_phy_4lanes/ddr_byte_lane_D.ddr_byte_lane_D/out_fifo/RDCLK
                               i_platform/i_system_ddr/u_xilinx_ddr3_ctrl_axi32/u_xilinx_ddr3_ctrl_axi32_mig/u_memc_ui_top_axi/mem_intfc0/ddr_phy_top0/u_ddr_mc_phy_wrapper/u_ddr_mc_phy/ddr_phy_4lanes_0.u_ddr_phy_4lanes/ddr_byte_lane_D.ddr_byte_lane_D/ddr_byte_group_io/output_[2].oserdes_dq_.ddr.oserdes_dq_i/D1
                                                              3.745         
i_platform/i_system_ddr/u_xilinx_ddr3_ctrl_axi32/u_xilinx_ddr3_ctrl_axi32_mig/u_memc_ui_top_axi/mem_intfc0/ddr_phy_top0/u_ddr_mc_phy_wrapper/u_ddr_mc_phy/ddr_phy_4lanes_0.u_ddr_phy_4lanes/ddr_byte_lane_D.ddr_byte_lane_D/out_fifo/RDCLK
                               i_platform/i_system_ddr/u_xilinx_ddr3_ctrl_axi32/u_xilinx_ddr3_ctrl_axi32_mig/u_memc_ui_top_axi/mem_intfc0/ddr_phy_top0/u_ddr_mc_phy_wrapper/u_ddr_mc_phy/ddr_phy_4lanes_0.u_ddr_phy_4lanes/ddr_byte_lane_D.ddr_byte_lane_D/ddr_byte_group_io/output_[9].oserdes_dq_.ddr.oserdes_dq_i/D3
                                                              3.848         
i_platform/i_system_ddr/u_xilinx_ddr3_ctrl_axi32/u_xilinx_ddr3_ctrl_axi32_mig/u_memc_ui_top_axi/mem_intfc0/ddr_phy_top0/u_ddr_mc_phy_wrapper/u_ddr_mc_phy/ddr_phy_4lanes_0.u_ddr_phy_4lanes/ddr_byte_lane_D.ddr_byte_lane_D/out_fifo/RDCLK
                               i_platform/i_system_ddr/u_xilinx_ddr3_ctrl_axi32/u_xilinx_ddr3_ctrl_axi32_mig/u_memc_ui_top_axi/mem_intfc0/ddr_phy_top0/u_ddr_mc_phy_wrapper/u_ddr_mc_phy/ddr_phy_4lanes_0.u_ddr_phy_4lanes/ddr_byte_lane_D.ddr_byte_lane_D/ddr_byte_group_io/output_[2].oserdes_dq_.ddr.oserdes_dq_i/D3
                                                              3.849         
i_platform/i_system_ddr/u_xilinx_ddr3_ctrl_axi32/u_xilinx_ddr3_ctrl_axi32_mig/u_memc_ui_top_axi/mem_intfc0/ddr_phy_top0/u_ddr_mc_phy_wrapper/u_ddr_mc_phy/ddr_phy_4lanes_0.u_ddr_phy_4lanes/ddr_byte_lane_D.ddr_byte_lane_D/out_fifo/RDCLK
                               i_platform/i_system_ddr/u_xilinx_ddr3_ctrl_axi32/u_xilinx_ddr3_ctrl_axi32_mig/u_memc_ui_top_axi/mem_intfc0/ddr_phy_top0/u_ddr_mc_phy_wrapper/u_ddr_mc_phy/ddr_phy_4lanes_0.u_ddr_phy_4lanes/ddr_byte_lane_D.ddr_byte_lane_D/ddr_byte_group_io/output_[2].oserdes_dq_.ddr.oserdes_dq_i/D4
                                                              3.851         
i_platform/i_system_ddr/u_xilinx_ddr3_ctrl_axi32/u_xilinx_ddr3_ctrl_axi32_mig/u_memc_ui_top_axi/mem_intfc0/ddr_phy_top0/u_ddr_mc_phy_wrapper/u_ddr_mc_phy/ddr_phy_4lanes_0.u_ddr_phy_4lanes/ddr_byte_lane_D.ddr_byte_lane_D/out_fifo/RDCLK
                               i_platform/i_system_ddr/u_xilinx_ddr3_ctrl_axi32/u_xilinx_ddr3_ctrl_axi32_mig/u_memc_ui_top_axi/mem_intfc0/ddr_phy_top0/u_ddr_mc_phy_wrapper/u_ddr_mc_phy/ddr_phy_4lanes_0.u_ddr_phy_4lanes/ddr_byte_lane_D.ddr_byte_lane_D/ddr_byte_group_io/output_[9].oserdes_dq_.ddr.oserdes_dq_i/D4
                                                              3.897         
i_platform/i_system_ddr/u_xilinx_ddr3_ctrl_axi32/u_xilinx_ddr3_ctrl_axi32_mig/u_memc_ui_top_axi/mem_intfc0/ddr_phy_top0/u_ddr_mc_phy_wrapper/u_ddr_mc_phy/ddr_phy_4lanes_0.u_ddr_phy_4lanes/ddr_byte_lane_D.ddr_byte_lane_D/out_fifo/RDCLK
                               i_platform/i_system_ddr/u_xilinx_ddr3_ctrl_axi32/u_xilinx_ddr3_ctrl_axi32_mig/u_memc_ui_top_axi/mem_intfc0/ddr_phy_top0/u_ddr_mc_phy_wrapper/u_ddr_mc_phy/ddr_phy_4lanes_0.u_ddr_phy_4lanes/ddr_byte_lane_D.ddr_byte_lane_D/ddr_byte_group_io/output_[2].oserdes_dq_.ddr.oserdes_dq_i/D2
                                                              3.899         
i_platform/i_system_ddr/u_xilinx_ddr3_ctrl_axi32/u_xilinx_ddr3_ctrl_axi32_mig/u_memc_ui_top_axi/mem_intfc0/ddr_phy_top0/u_ddr_mc_phy_wrapper/u_ddr_mc_phy/ddr_phy_4lanes_0.u_ddr_phy_4lanes/ddr_byte_lane_D.ddr_byte_lane_D/out_fifo/RDCLK
                               i_platform/i_system_ddr/u_xilinx_ddr3_ctrl_axi32/u_xilinx_ddr3_ctrl_axi32_mig/u_memc_ui_top_axi/mem_intfc0/ddr_phy_top0/u_ddr_mc_phy_wrapper/u_ddr_mc_phy/ddr_phy_4lanes_0.u_ddr_phy_4lanes/ddr_byte_lane_D.ddr_byte_lane_D/ddr_byte_group_io/output_[9].oserdes_dq_.ddr.oserdes_dq_i/D2
                                                              3.899         
i_platform/i_system_ddr/u_xilinx_ddr3_ctrl_axi32/u_xilinx_ddr3_ctrl_axi32_mig/u_memc_ui_top_axi/mem_intfc0/ddr_phy_top0/u_ddr_mc_phy_wrapper/u_ddr_mc_phy/ddr_phy_4lanes_0.u_ddr_phy_4lanes/ddr_byte_lane_B.ddr_byte_lane_B/out_fifo/RDCLK
                               i_platform/i_system_ddr/u_xilinx_ddr3_ctrl_axi32/u_xilinx_ddr3_ctrl_axi32_mig/u_memc_ui_top_axi/mem_intfc0/ddr_phy_top0/u_ddr_mc_phy_wrapper/u_ddr_mc_phy/ddr_phy_4lanes_0.u_ddr_phy_4lanes/ddr_byte_lane_B.ddr_byte_lane_B/ddr_byte_group_io/output_[8].oserdes_dq_.ddr.oserdes_dq_i/D1
                                                              3.991         
i_platform/i_system_ddr/u_xilinx_ddr3_ctrl_axi32/u_xilinx_ddr3_ctrl_axi32_mig/u_memc_ui_top_axi/mem_intfc0/ddr_phy_top0/u_ddr_mc_phy_wrapper/u_ddr_mc_phy/ddr_phy_4lanes_0.u_ddr_phy_4lanes/ddr_byte_lane_C.ddr_byte_lane_C/out_fifo/RDCLK
                               i_platform/i_system_ddr/u_xilinx_ddr3_ctrl_axi32/u_xilinx_ddr3_ctrl_axi32_mig/u_memc_ui_top_axi/mem_intfc0/ddr_phy_top0/u_ddr_mc_phy_wrapper/u_ddr_mc_phy/ddr_phy_4lanes_0.u_ddr_phy_4lanes/ddr_byte_lane_C.ddr_byte_lane_C/ddr_byte_group_io/output_[6].oserdes_dq_.ddr.oserdes_dq_i/D1
                                                              3.994         
i_platform/i_system_ddr/u_xilinx_ddr3_ctrl_axi32/u_xilinx_ddr3_ctrl_axi32_mig/u_memc_ui_top_axi/mem_intfc0/ddr_phy_top0/u_ddr_mc_phy_wrapper/u_ddr_mc_phy/ddr_phy_4lanes_0.u_ddr_phy_4lanes/ddr_byte_lane_B.ddr_byte_lane_B/out_fifo/RDCLK
                               i_platform/i_system_ddr/u_xilinx_ddr3_ctrl_axi32/u_xilinx_ddr3_ctrl_axi32_mig/u_memc_ui_top_axi/mem_intfc0/ddr_phy_top0/u_ddr_mc_phy_wrapper/u_ddr_mc_phy/ddr_phy_4lanes_0.u_ddr_phy_4lanes/ddr_byte_lane_B.ddr_byte_lane_B/ddr_byte_group_io/output_[6].oserdes_dq_.ddr.oserdes_dq_i/D1
                                                              4.000         
i_platform/i_system_ddr/u_xilinx_ddr3_ctrl_axi32/u_xilinx_ddr3_ctrl_axi32_mig/u_memc_ui_top_axi/mem_intfc0/ddr_phy_top0/u_ddr_mc_phy_wrapper/u_ddr_mc_phy/ddr_phy_4lanes_0.u_ddr_phy_4lanes/ddr_byte_lane_B.ddr_byte_lane_B/out_fifo/RDCLK
                               i_platform/i_system_ddr/u_xilinx_ddr3_ctrl_axi32/u_xilinx_ddr3_ctrl_axi32_mig/u_memc_ui_top_axi/mem_intfc0/ddr_phy_top0/u_ddr_mc_phy_wrapper/u_ddr_mc_phy/ddr_phy_4lanes_0.u_ddr_phy_4lanes/ddr_byte_lane_B.ddr_byte_lane_B/ddr_byte_group_io/output_[4].oserdes_dq_.ddr.oserdes_dq_i/D1
                                                              4.001         
i_platform/i_system_ddr/u_xilinx_ddr3_ctrl_axi32/u_xilinx_ddr3_ctrl_axi32_mig/u_memc_ui_top_axi/mem_intfc0/ddr_phy_top0/u_ddr_mc_phy_wrapper/u_ddr_mc_phy/ddr_phy_4lanes_0.u_ddr_phy_4lanes/ddr_byte_lane_B.ddr_byte_lane_B/out_fifo/RDCLK
                               i_platform/i_system_ddr/u_xilinx_ddr3_ctrl_axi32/u_xilinx_ddr3_ctrl_axi32_mig/u_memc_ui_top_axi/mem_intfc0/ddr_phy_top0/u_ddr_mc_phy_wrapper/u_ddr_mc_phy/ddr_phy_4lanes_0.u_ddr_phy_4lanes/ddr_byte_lane_B.ddr_byte_lane_B/ddr_byte_group_io/output_[5].oserdes_dq_.ddr.oserdes_dq_i/D1
                                                              4.001         
i_platform/i_system_ddr/u_xilinx_ddr3_ctrl_axi32/u_xilinx_ddr3_ctrl_axi32_mig/u_memc_ui_top_axi/mem_intfc0/ddr_phy_top0/u_ddr_mc_phy_wrapper/u_ddr_mc_phy/ddr_phy_4lanes_0.u_ddr_phy_4lanes/ddr_byte_lane_B.ddr_byte_lane_B/out_fifo/RDCLK
                               i_platform/i_system_ddr/u_xilinx_ddr3_ctrl_axi32/u_xilinx_ddr3_ctrl_axi32_mig/u_memc_ui_top_axi/mem_intfc0/ddr_phy_top0/u_ddr_mc_phy_wrapper/u_ddr_mc_phy/ddr_phy_4lanes_0.u_ddr_phy_4lanes/ddr_byte_lane_B.ddr_byte_lane_B/ddr_byte_group_io/output_[1].oserdes_dq_.ddr.oserdes_dq_i/D1
                                                              4.002         
i_platform/i_system_ddr/u_xilinx_ddr3_ctrl_axi32/u_xilinx_ddr3_ctrl_axi32_mig/u_memc_ui_top_axi/mem_intfc0/ddr_phy_top0/u_ddr_mc_phy_wrapper/u_ddr_mc_phy/ddr_phy_4lanes_0.u_ddr_phy_4lanes/ddr_byte_lane_B.ddr_byte_lane_B/out_fifo/RDCLK
                               i_platform/i_system_ddr/u_xilinx_ddr3_ctrl_axi32/u_xilinx_ddr3_ctrl_axi32_mig/u_memc_ui_top_axi/mem_intfc0/ddr_phy_top0/u_ddr_mc_phy_wrapper/u_ddr_mc_phy/ddr_phy_4lanes_0.u_ddr_phy_4lanes/ddr_byte_lane_B.ddr_byte_lane_B/ddr_byte_group_io/output_[2].oserdes_dq_.ddr.oserdes_dq_i/D1
                                                              4.002         
i_platform/i_system_ddr/u_xilinx_ddr3_ctrl_axi32/u_xilinx_ddr3_ctrl_axi32_mig/u_memc_ui_top_axi/mem_intfc0/ddr_phy_top0/u_ddr_mc_phy_wrapper/u_ddr_mc_phy/ddr_phy_4lanes_0.u_ddr_phy_4lanes/ddr_byte_lane_B.ddr_byte_lane_B/out_fifo/RDCLK
                               i_platform/i_system_ddr/u_xilinx_ddr3_ctrl_axi32/u_xilinx_ddr3_ctrl_axi32_mig/u_memc_ui_top_axi/mem_intfc0/ddr_phy_top0/u_ddr_mc_phy_wrapper/u_ddr_mc_phy/ddr_phy_4lanes_0.u_ddr_phy_4lanes/ddr_byte_lane_B.ddr_byte_lane_B/ddr_byte_group_io/output_[3].oserdes_dq_.ddr.oserdes_dq_i/D1
                                                              4.002         
i_platform/i_system_ddr/u_xilinx_ddr3_ctrl_axi32/u_xilinx_ddr3_ctrl_axi32_mig/u_memc_ui_top_axi/mem_intfc0/ddr_phy_top0/u_ddr_mc_phy_wrapper/u_ddr_mc_phy/ddr_phy_4lanes_0.u_ddr_phy_4lanes/ddr_byte_lane_B.ddr_byte_lane_B/out_fifo/RDCLK
                               i_platform/i_system_ddr/u_xilinx_ddr3_ctrl_axi32/u_xilinx_ddr3_ctrl_axi32_mig/u_memc_ui_top_axi/mem_intfc0/ddr_phy_top0/u_ddr_mc_phy_wrapper/u_ddr_mc_phy/ddr_phy_4lanes_0.u_ddr_phy_4lanes/ddr_byte_lane_B.ddr_byte_lane_B/ddr_byte_group_io/output_[7].oserdes_dq_.ddr.oserdes_dq_i/D1
                                                              4.002         
i_platform/i_system_ddr/u_xilinx_ddr3_ctrl_axi32/u_xilinx_ddr3_ctrl_axi32_mig/u_memc_ui_top_axi/mem_intfc0/ddr_phy_top0/u_ddr_mc_phy_wrapper/u_ddr_mc_phy/ddr_phy_4lanes_0.u_ddr_phy_4lanes/ddr_byte_lane_B.ddr_byte_lane_B/out_fifo/RDCLK
                               i_platform/i_system_ddr/u_xilinx_ddr3_ctrl_axi32/u_xilinx_ddr3_ctrl_axi32_mig/u_memc_ui_top_axi/mem_intfc0/ddr_phy_top0/u_ddr_mc_phy_wrapper/u_ddr_mc_phy/ddr_phy_4lanes_0.u_ddr_phy_4lanes/ddr_byte_lane_B.ddr_byte_lane_B/ddr_byte_group_io/output_[9].oserdes_dq_.ddr.oserdes_dq_i/D1
                                                              4.002         
i_platform/i_system_ddr/u_xilinx_ddr3_ctrl_axi32/u_xilinx_ddr3_ctrl_axi32_mig/u_memc_ui_top_axi/mem_intfc0/ddr_phy_top0/u_ddr_mc_phy_wrapper/u_ddr_mc_phy/ddr_phy_4lanes_0.u_ddr_phy_4lanes/ddr_byte_lane_B.ddr_byte_lane_B/out_fifo/RDCLK
                               i_platform/i_system_ddr/u_xilinx_ddr3_ctrl_axi32/u_xilinx_ddr3_ctrl_axi32_mig/u_memc_ui_top_axi/mem_intfc0/ddr_phy_top0/u_ddr_mc_phy_wrapper/u_ddr_mc_phy/ddr_phy_4lanes_0.u_ddr_phy_4lanes/ddr_byte_lane_B.ddr_byte_lane_B/ddr_byte_group_io/output_[6].oserdes_dq_.ddr.oserdes_dq_i/D2
                                                              4.003         
i_platform/i_system_ddr/u_xilinx_ddr3_ctrl_axi32/u_xilinx_ddr3_ctrl_axi32_mig/u_memc_ui_top_axi/mem_intfc0/ddr_phy_top0/u_ddr_mc_phy_wrapper/u_ddr_mc_phy/ddr_phy_4lanes_0.u_ddr_phy_4lanes/ddr_byte_lane_B.ddr_byte_lane_B/out_fifo/RDCLK
                               i_platform/i_system_ddr/u_xilinx_ddr3_ctrl_axi32/u_xilinx_ddr3_ctrl_axi32_mig/u_memc_ui_top_axi/mem_intfc0/ddr_phy_top0/u_ddr_mc_phy_wrapper/u_ddr_mc_phy/ddr_phy_4lanes_0.u_ddr_phy_4lanes/ddr_byte_lane_B.ddr_byte_lane_B/ddr_byte_group_io/output_[6].oserdes_dq_.ddr.oserdes_dq_i/D4
                                                              4.003         
i_platform/i_system_ddr/u_xilinx_ddr3_ctrl_axi32/u_xilinx_ddr3_ctrl_axi32_mig/u_memc_ui_top_axi/mem_intfc0/ddr_phy_top0/u_ddr_mc_phy_wrapper/u_ddr_mc_phy/ddr_phy_4lanes_0.u_ddr_phy_4lanes/ddr_byte_lane_B.ddr_byte_lane_B/out_fifo/RDCLK
                               i_platform/i_system_ddr/u_xilinx_ddr3_ctrl_axi32/u_xilinx_ddr3_ctrl_axi32_mig/u_memc_ui_top_axi/mem_intfc0/ddr_phy_top0/u_ddr_mc_phy_wrapper/u_ddr_mc_phy/ddr_phy_4lanes_0.u_ddr_phy_4lanes/ddr_byte_lane_B.ddr_byte_lane_B/ddr_byte_group_io/output_[4].oserdes_dq_.ddr.oserdes_dq_i/D2
                                                              4.004         
i_platform/i_system_ddr/u_xilinx_ddr3_ctrl_axi32/u_xilinx_ddr3_ctrl_axi32_mig/u_memc_ui_top_axi/mem_intfc0/ddr_phy_top0/u_ddr_mc_phy_wrapper/u_ddr_mc_phy/ddr_phy_4lanes_0.u_ddr_phy_4lanes/ddr_byte_lane_B.ddr_byte_lane_B/out_fifo/RDCLK
                               i_platform/i_system_ddr/u_xilinx_ddr3_ctrl_axi32/u_xilinx_ddr3_ctrl_axi32_mig/u_memc_ui_top_axi/mem_intfc0/ddr_phy_top0/u_ddr_mc_phy_wrapper/u_ddr_mc_phy/ddr_phy_4lanes_0.u_ddr_phy_4lanes/ddr_byte_lane_B.ddr_byte_lane_B/ddr_byte_group_io/output_[4].oserdes_dq_.ddr.oserdes_dq_i/D4
                                                              4.004         
i_platform/i_system_ddr/u_xilinx_ddr3_ctrl_axi32/u_xilinx_ddr3_ctrl_axi32_mig/u_memc_ui_top_axi/mem_intfc0/ddr_phy_top0/u_ddr_mc_phy_wrapper/u_ddr_mc_phy/ddr_phy_4lanes_0.u_ddr_phy_4lanes/ddr_byte_lane_B.ddr_byte_lane_B/out_fifo/RDCLK
                               i_platform/i_system_ddr/u_xilinx_ddr3_ctrl_axi32/u_xilinx_ddr3_ctrl_axi32_mig/u_memc_ui_top_axi/mem_intfc0/ddr_phy_top0/u_ddr_mc_phy_wrapper/u_ddr_mc_phy/ddr_phy_4lanes_0.u_ddr_phy_4lanes/ddr_byte_lane_B.ddr_byte_lane_B/ddr_byte_group_io/output_[5].oserdes_dq_.ddr.oserdes_dq_i/D2
                                                              4.004         
i_platform/i_system_ddr/u_xilinx_ddr3_ctrl_axi32/u_xilinx_ddr3_ctrl_axi32_mig/u_memc_ui_top_axi/mem_intfc0/ddr_phy_top0/u_ddr_mc_phy_wrapper/u_ddr_mc_phy/ddr_phy_4lanes_0.u_ddr_phy_4lanes/ddr_byte_lane_B.ddr_byte_lane_B/out_fifo/RDCLK
                               i_platform/i_system_ddr/u_xilinx_ddr3_ctrl_axi32/u_xilinx_ddr3_ctrl_axi32_mig/u_memc_ui_top_axi/mem_intfc0/ddr_phy_top0/u_ddr_mc_phy_wrapper/u_ddr_mc_phy/ddr_phy_4lanes_0.u_ddr_phy_4lanes/ddr_byte_lane_B.ddr_byte_lane_B/ddr_byte_group_io/output_[5].oserdes_dq_.ddr.oserdes_dq_i/D4
                                                              4.004         
i_platform/i_system_ddr/u_xilinx_ddr3_ctrl_axi32/u_xilinx_ddr3_ctrl_axi32_mig/u_memc_ui_top_axi/mem_intfc0/ddr_phy_top0/u_ddr_mc_phy_wrapper/u_ddr_mc_phy/ddr_phy_4lanes_0.u_ddr_phy_4lanes/ddr_byte_lane_B.ddr_byte_lane_B/out_fifo/RDCLK
                               i_platform/i_system_ddr/u_xilinx_ddr3_ctrl_axi32/u_xilinx_ddr3_ctrl_axi32_mig/u_memc_ui_top_axi/mem_intfc0/ddr_phy_top0/u_ddr_mc_phy_wrapper/u_ddr_mc_phy/ddr_phy_4lanes_0.u_ddr_phy_4lanes/ddr_byte_lane_B.ddr_byte_lane_B/ddr_byte_group_io/output_[6].oserdes_dq_.ddr.oserdes_dq_i/D3
                                                              4.004         
i_platform/i_system_ddr/u_xilinx_ddr3_ctrl_axi32/u_xilinx_ddr3_ctrl_axi32_mig/u_memc_ui_top_axi/mem_intfc0/ddr_phy_top0/u_ddr_mc_phy_wrapper/u_ddr_mc_phy/ddr_phy_4lanes_0.u_ddr_phy_4lanes/ddr_byte_lane_B.ddr_byte_lane_B/out_fifo/RDCLK
                               i_platform/i_system_ddr/u_xilinx_ddr3_ctrl_axi32/u_xilinx_ddr3_ctrl_axi32_mig/u_memc_ui_top_axi/mem_intfc0/ddr_phy_top0/u_ddr_mc_phy_wrapper/u_ddr_mc_phy/ddr_phy_4lanes_0.u_ddr_phy_4lanes/ddr_byte_lane_B.ddr_byte_lane_B/ddr_byte_group_io/output_[1].oserdes_dq_.ddr.oserdes_dq_i/D2
                                                              4.005         
i_platform/i_system_ddr/u_xilinx_ddr3_ctrl_axi32/u_xilinx_ddr3_ctrl_axi32_mig/u_memc_ui_top_axi/mem_intfc0/ddr_phy_top0/u_ddr_mc_phy_wrapper/u_ddr_mc_phy/ddr_phy_4lanes_0.u_ddr_phy_4lanes/ddr_byte_lane_B.ddr_byte_lane_B/out_fifo/RDCLK
                               i_platform/i_system_ddr/u_xilinx_ddr3_ctrl_axi32/u_xilinx_ddr3_ctrl_axi32_mig/u_memc_ui_top_axi/mem_intfc0/ddr_phy_top0/u_ddr_mc_phy_wrapper/u_ddr_mc_phy/ddr_phy_4lanes_0.u_ddr_phy_4lanes/ddr_byte_lane_B.ddr_byte_lane_B/ddr_byte_group_io/output_[1].oserdes_dq_.ddr.oserdes_dq_i/D4
                                                              4.005         
i_platform/i_system_ddr/u_xilinx_ddr3_ctrl_axi32/u_xilinx_ddr3_ctrl_axi32_mig/u_memc_ui_top_axi/mem_intfc0/ddr_phy_top0/u_ddr_mc_phy_wrapper/u_ddr_mc_phy/ddr_phy_4lanes_0.u_ddr_phy_4lanes/ddr_byte_lane_B.ddr_byte_lane_B/out_fifo/RDCLK
                               i_platform/i_system_ddr/u_xilinx_ddr3_ctrl_axi32/u_xilinx_ddr3_ctrl_axi32_mig/u_memc_ui_top_axi/mem_intfc0/ddr_phy_top0/u_ddr_mc_phy_wrapper/u_ddr_mc_phy/ddr_phy_4lanes_0.u_ddr_phy_4lanes/ddr_byte_lane_B.ddr_byte_lane_B/ddr_byte_group_io/output_[2].oserdes_dq_.ddr.oserdes_dq_i/D2
                                                              4.005         
i_platform/i_system_ddr/u_xilinx_ddr3_ctrl_axi32/u_xilinx_ddr3_ctrl_axi32_mig/u_memc_ui_top_axi/mem_intfc0/ddr_phy_top0/u_ddr_mc_phy_wrapper/u_ddr_mc_phy/ddr_phy_4lanes_0.u_ddr_phy_4lanes/ddr_byte_lane_B.ddr_byte_lane_B/out_fifo/RDCLK
                               i_platform/i_system_ddr/u_xilinx_ddr3_ctrl_axi32/u_xilinx_ddr3_ctrl_axi32_mig/u_memc_ui_top_axi/mem_intfc0/ddr_phy_top0/u_ddr_mc_phy_wrapper/u_ddr_mc_phy/ddr_phy_4lanes_0.u_ddr_phy_4lanes/ddr_byte_lane_B.ddr_byte_lane_B/ddr_byte_group_io/output_[2].oserdes_dq_.ddr.oserdes_dq_i/D4
                                                              4.005         
i_platform/i_system_ddr/u_xilinx_ddr3_ctrl_axi32/u_xilinx_ddr3_ctrl_axi32_mig/u_memc_ui_top_axi/mem_intfc0/ddr_phy_top0/u_ddr_mc_phy_wrapper/u_ddr_mc_phy/ddr_phy_4lanes_0.u_ddr_phy_4lanes/ddr_byte_lane_B.ddr_byte_lane_B/out_fifo/RDCLK
                               i_platform/i_system_ddr/u_xilinx_ddr3_ctrl_axi32/u_xilinx_ddr3_ctrl_axi32_mig/u_memc_ui_top_axi/mem_intfc0/ddr_phy_top0/u_ddr_mc_phy_wrapper/u_ddr_mc_phy/ddr_phy_4lanes_0.u_ddr_phy_4lanes/ddr_byte_lane_B.ddr_byte_lane_B/ddr_byte_group_io/output_[3].oserdes_dq_.ddr.oserdes_dq_i/D2
                                                              4.005         
i_platform/i_system_ddr/u_xilinx_ddr3_ctrl_axi32/u_xilinx_ddr3_ctrl_axi32_mig/u_memc_ui_top_axi/mem_intfc0/ddr_phy_top0/u_ddr_mc_phy_wrapper/u_ddr_mc_phy/ddr_phy_4lanes_0.u_ddr_phy_4lanes/ddr_byte_lane_B.ddr_byte_lane_B/out_fifo/RDCLK
                               i_platform/i_system_ddr/u_xilinx_ddr3_ctrl_axi32/u_xilinx_ddr3_ctrl_axi32_mig/u_memc_ui_top_axi/mem_intfc0/ddr_phy_top0/u_ddr_mc_phy_wrapper/u_ddr_mc_phy/ddr_phy_4lanes_0.u_ddr_phy_4lanes/ddr_byte_lane_B.ddr_byte_lane_B/ddr_byte_group_io/output_[3].oserdes_dq_.ddr.oserdes_dq_i/D4
                                                              4.005         
i_platform/i_system_ddr/u_xilinx_ddr3_ctrl_axi32/u_xilinx_ddr3_ctrl_axi32_mig/u_memc_ui_top_axi/mem_intfc0/ddr_phy_top0/u_ddr_mc_phy_wrapper/u_ddr_mc_phy/ddr_phy_4lanes_0.u_ddr_phy_4lanes/ddr_byte_lane_B.ddr_byte_lane_B/out_fifo/RDCLK
                               i_platform/i_system_ddr/u_xilinx_ddr3_ctrl_axi32/u_xilinx_ddr3_ctrl_axi32_mig/u_memc_ui_top_axi/mem_intfc0/ddr_phy_top0/u_ddr_mc_phy_wrapper/u_ddr_mc_phy/ddr_phy_4lanes_0.u_ddr_phy_4lanes/ddr_byte_lane_B.ddr_byte_lane_B/ddr_byte_group_io/output_[4].oserdes_dq_.ddr.oserdes_dq_i/D3
                                                              4.005         
i_platform/i_system_ddr/u_xilinx_ddr3_ctrl_axi32/u_xilinx_ddr3_ctrl_axi32_mig/u_memc_ui_top_axi/mem_intfc0/ddr_phy_top0/u_ddr_mc_phy_wrapper/u_ddr_mc_phy/ddr_phy_4lanes_0.u_ddr_phy_4lanes/ddr_byte_lane_B.ddr_byte_lane_B/out_fifo/RDCLK
                               i_platform/i_system_ddr/u_xilinx_ddr3_ctrl_axi32/u_xilinx_ddr3_ctrl_axi32_mig/u_memc_ui_top_axi/mem_intfc0/ddr_phy_top0/u_ddr_mc_phy_wrapper/u_ddr_mc_phy/ddr_phy_4lanes_0.u_ddr_phy_4lanes/ddr_byte_lane_B.ddr_byte_lane_B/ddr_byte_group_io/output_[5].oserdes_dq_.ddr.oserdes_dq_i/D3
                                                              4.005         
i_platform/i_system_ddr/u_xilinx_ddr3_ctrl_axi32/u_xilinx_ddr3_ctrl_axi32_mig/u_memc_ui_top_axi/mem_intfc0/ddr_phy_top0/u_ddr_mc_phy_wrapper/u_ddr_mc_phy/ddr_phy_4lanes_0.u_ddr_phy_4lanes/ddr_byte_lane_B.ddr_byte_lane_B/out_fifo/RDCLK
                               i_platform/i_system_ddr/u_xilinx_ddr3_ctrl_axi32/u_xilinx_ddr3_ctrl_axi32_mig/u_memc_ui_top_axi/mem_intfc0/ddr_phy_top0/u_ddr_mc_phy_wrapper/u_ddr_mc_phy/ddr_phy_4lanes_0.u_ddr_phy_4lanes/ddr_byte_lane_B.ddr_byte_lane_B/ddr_byte_group_io/output_[7].oserdes_dq_.ddr.oserdes_dq_i/D2
                                                              4.005         
i_platform/i_system_ddr/u_xilinx_ddr3_ctrl_axi32/u_xilinx_ddr3_ctrl_axi32_mig/u_memc_ui_top_axi/mem_intfc0/ddr_phy_top0/u_ddr_mc_phy_wrapper/u_ddr_mc_phy/ddr_phy_4lanes_0.u_ddr_phy_4lanes/ddr_byte_lane_B.ddr_byte_lane_B/out_fifo/RDCLK
                               i_platform/i_system_ddr/u_xilinx_ddr3_ctrl_axi32/u_xilinx_ddr3_ctrl_axi32_mig/u_memc_ui_top_axi/mem_intfc0/ddr_phy_top0/u_ddr_mc_phy_wrapper/u_ddr_mc_phy/ddr_phy_4lanes_0.u_ddr_phy_4lanes/ddr_byte_lane_B.ddr_byte_lane_B/ddr_byte_group_io/output_[7].oserdes_dq_.ddr.oserdes_dq_i/D4
                                                              4.005         
i_platform/i_system_ddr/u_xilinx_ddr3_ctrl_axi32/u_xilinx_ddr3_ctrl_axi32_mig/u_memc_ui_top_axi/mem_intfc0/ddr_phy_top0/u_ddr_mc_phy_wrapper/u_ddr_mc_phy/ddr_phy_4lanes_0.u_ddr_phy_4lanes/ddr_byte_lane_B.ddr_byte_lane_B/out_fifo/RDCLK
                               i_platform/i_system_ddr/u_xilinx_ddr3_ctrl_axi32/u_xilinx_ddr3_ctrl_axi32_mig/u_memc_ui_top_axi/mem_intfc0/ddr_phy_top0/u_ddr_mc_phy_wrapper/u_ddr_mc_phy/ddr_phy_4lanes_0.u_ddr_phy_4lanes/ddr_byte_lane_B.ddr_byte_lane_B/ddr_byte_group_io/output_[8].oserdes_dq_.ddr.oserdes_dq_i/D2
                                                              4.005         
i_platform/i_system_ddr/u_xilinx_ddr3_ctrl_axi32/u_xilinx_ddr3_ctrl_axi32_mig/u_memc_ui_top_axi/mem_intfc0/ddr_phy_top0/u_ddr_mc_phy_wrapper/u_ddr_mc_phy/ddr_phy_4lanes_0.u_ddr_phy_4lanes/ddr_byte_lane_B.ddr_byte_lane_B/out_fifo/RDCLK
                               i_platform/i_system_ddr/u_xilinx_ddr3_ctrl_axi32/u_xilinx_ddr3_ctrl_axi32_mig/u_memc_ui_top_axi/mem_intfc0/ddr_phy_top0/u_ddr_mc_phy_wrapper/u_ddr_mc_phy/ddr_phy_4lanes_0.u_ddr_phy_4lanes/ddr_byte_lane_B.ddr_byte_lane_B/ddr_byte_group_io/output_[8].oserdes_dq_.ddr.oserdes_dq_i/D4
                                                              4.005         
i_platform/i_system_ddr/u_xilinx_ddr3_ctrl_axi32/u_xilinx_ddr3_ctrl_axi32_mig/u_memc_ui_top_axi/mem_intfc0/ddr_phy_top0/u_ddr_mc_phy_wrapper/u_ddr_mc_phy/ddr_phy_4lanes_0.u_ddr_phy_4lanes/ddr_byte_lane_B.ddr_byte_lane_B/out_fifo/RDCLK
                               i_platform/i_system_ddr/u_xilinx_ddr3_ctrl_axi32/u_xilinx_ddr3_ctrl_axi32_mig/u_memc_ui_top_axi/mem_intfc0/ddr_phy_top0/u_ddr_mc_phy_wrapper/u_ddr_mc_phy/ddr_phy_4lanes_0.u_ddr_phy_4lanes/ddr_byte_lane_B.ddr_byte_lane_B/ddr_byte_group_io/output_[9].oserdes_dq_.ddr.oserdes_dq_i/D2
                                                              4.005         
i_platform/i_system_ddr/u_xilinx_ddr3_ctrl_axi32/u_xilinx_ddr3_ctrl_axi32_mig/u_memc_ui_top_axi/mem_intfc0/ddr_phy_top0/u_ddr_mc_phy_wrapper/u_ddr_mc_phy/ddr_phy_4lanes_0.u_ddr_phy_4lanes/ddr_byte_lane_B.ddr_byte_lane_B/out_fifo/RDCLK
                               i_platform/i_system_ddr/u_xilinx_ddr3_ctrl_axi32/u_xilinx_ddr3_ctrl_axi32_mig/u_memc_ui_top_axi/mem_intfc0/ddr_phy_top0/u_ddr_mc_phy_wrapper/u_ddr_mc_phy/ddr_phy_4lanes_0.u_ddr_phy_4lanes/ddr_byte_lane_B.ddr_byte_lane_B/ddr_byte_group_io/output_[9].oserdes_dq_.ddr.oserdes_dq_i/D4
                                                              4.005         
i_platform/i_system_ddr/u_xilinx_ddr3_ctrl_axi32/u_xilinx_ddr3_ctrl_axi32_mig/u_memc_ui_top_axi/mem_intfc0/ddr_phy_top0/u_ddr_mc_phy_wrapper/u_ddr_mc_phy/ddr_phy_4lanes_0.u_ddr_phy_4lanes/ddr_byte_lane_C.ddr_byte_lane_C/out_fifo/RDCLK
                               i_platform/i_system_ddr/u_xilinx_ddr3_ctrl_axi32/u_xilinx_ddr3_ctrl_axi32_mig/u_memc_ui_top_axi/mem_intfc0/ddr_phy_top0/u_ddr_mc_phy_wrapper/u_ddr_mc_phy/ddr_phy_4lanes_0.u_ddr_phy_4lanes/ddr_byte_lane_C.ddr_byte_lane_C/ddr_byte_group_io/output_[4].oserdes_dq_.ddr.oserdes_dq_i/D1
                                                              4.006         
i_platform/i_system_ddr/u_xilinx_ddr3_ctrl_axi32/u_xilinx_ddr3_ctrl_axi32_mig/u_memc_ui_top_axi/mem_intfc0/ddr_phy_top0/u_ddr_mc_phy_wrapper/u_ddr_mc_phy/ddr_phy_4lanes_0.u_ddr_phy_4lanes/ddr_byte_lane_C.ddr_byte_lane_C/out_fifo/RDCLK
                               i_platform/i_system_ddr/u_xilinx_ddr3_ctrl_axi32/u_xilinx_ddr3_ctrl_axi32_mig/u_memc_ui_top_axi/mem_intfc0/ddr_phy_top0/u_ddr_mc_phy_wrapper/u_ddr_mc_phy/ddr_phy_4lanes_0.u_ddr_phy_4lanes/ddr_byte_lane_C.ddr_byte_lane_C/ddr_byte_group_io/output_[5].oserdes_dq_.ddr.oserdes_dq_i/D1
                                                              4.006         
i_platform/i_system_ddr/u_xilinx_ddr3_ctrl_axi32/u_xilinx_ddr3_ctrl_axi32_mig/u_memc_ui_top_axi/mem_intfc0/ddr_phy_top0/u_ddr_mc_phy_wrapper/u_ddr_mc_phy/ddr_phy_4lanes_0.u_ddr_phy_4lanes/ddr_byte_lane_B.ddr_byte_lane_B/out_fifo/RDCLK
                               i_platform/i_system_ddr/u_xilinx_ddr3_ctrl_axi32/u_xilinx_ddr3_ctrl_axi32_mig/u_memc_ui_top_axi/mem_intfc0/ddr_phy_top0/u_ddr_mc_phy_wrapper/u_ddr_mc_phy/ddr_phy_4lanes_0.u_ddr_phy_4lanes/ddr_byte_lane_B.ddr_byte_lane_B/ddr_byte_group_io/output_[1].oserdes_dq_.ddr.oserdes_dq_i/D3
                                                              4.006         
i_platform/i_system_ddr/u_xilinx_ddr3_ctrl_axi32/u_xilinx_ddr3_ctrl_axi32_mig/u_memc_ui_top_axi/mem_intfc0/ddr_phy_top0/u_ddr_mc_phy_wrapper/u_ddr_mc_phy/ddr_phy_4lanes_0.u_ddr_phy_4lanes/ddr_byte_lane_B.ddr_byte_lane_B/out_fifo/RDCLK
                               i_platform/i_system_ddr/u_xilinx_ddr3_ctrl_axi32/u_xilinx_ddr3_ctrl_axi32_mig/u_memc_ui_top_axi/mem_intfc0/ddr_phy_top0/u_ddr_mc_phy_wrapper/u_ddr_mc_phy/ddr_phy_4lanes_0.u_ddr_phy_4lanes/ddr_byte_lane_B.ddr_byte_lane_B/ddr_byte_group_io/output_[2].oserdes_dq_.ddr.oserdes_dq_i/D3
                                                              4.006         
i_platform/i_system_ddr/u_xilinx_ddr3_ctrl_axi32/u_xilinx_ddr3_ctrl_axi32_mig/u_memc_ui_top_axi/mem_intfc0/ddr_phy_top0/u_ddr_mc_phy_wrapper/u_ddr_mc_phy/ddr_phy_4lanes_0.u_ddr_phy_4lanes/ddr_byte_lane_B.ddr_byte_lane_B/out_fifo/RDCLK
                               i_platform/i_system_ddr/u_xilinx_ddr3_ctrl_axi32/u_xilinx_ddr3_ctrl_axi32_mig/u_memc_ui_top_axi/mem_intfc0/ddr_phy_top0/u_ddr_mc_phy_wrapper/u_ddr_mc_phy/ddr_phy_4lanes_0.u_ddr_phy_4lanes/ddr_byte_lane_B.ddr_byte_lane_B/ddr_byte_group_io/output_[3].oserdes_dq_.ddr.oserdes_dq_i/D3
                                                              4.006         
i_platform/i_system_ddr/u_xilinx_ddr3_ctrl_axi32/u_xilinx_ddr3_ctrl_axi32_mig/u_memc_ui_top_axi/mem_intfc0/ddr_phy_top0/u_ddr_mc_phy_wrapper/u_ddr_mc_phy/ddr_phy_4lanes_0.u_ddr_phy_4lanes/ddr_byte_lane_B.ddr_byte_lane_B/out_fifo/RDCLK
                               i_platform/i_system_ddr/u_xilinx_ddr3_ctrl_axi32/u_xilinx_ddr3_ctrl_axi32_mig/u_memc_ui_top_axi/mem_intfc0/ddr_phy_top0/u_ddr_mc_phy_wrapper/u_ddr_mc_phy/ddr_phy_4lanes_0.u_ddr_phy_4lanes/ddr_byte_lane_B.ddr_byte_lane_B/ddr_byte_group_io/output_[7].oserdes_dq_.ddr.oserdes_dq_i/D3
                                                              4.006         
i_platform/i_system_ddr/u_xilinx_ddr3_ctrl_axi32/u_xilinx_ddr3_ctrl_axi32_mig/u_memc_ui_top_axi/mem_intfc0/ddr_phy_top0/u_ddr_mc_phy_wrapper/u_ddr_mc_phy/ddr_phy_4lanes_0.u_ddr_phy_4lanes/ddr_byte_lane_B.ddr_byte_lane_B/out_fifo/RDCLK
                               i_platform/i_system_ddr/u_xilinx_ddr3_ctrl_axi32/u_xilinx_ddr3_ctrl_axi32_mig/u_memc_ui_top_axi/mem_intfc0/ddr_phy_top0/u_ddr_mc_phy_wrapper/u_ddr_mc_phy/ddr_phy_4lanes_0.u_ddr_phy_4lanes/ddr_byte_lane_B.ddr_byte_lane_B/ddr_byte_group_io/output_[8].oserdes_dq_.ddr.oserdes_dq_i/D3
                                                              4.006         
i_platform/i_system_ddr/u_xilinx_ddr3_ctrl_axi32/u_xilinx_ddr3_ctrl_axi32_mig/u_memc_ui_top_axi/mem_intfc0/ddr_phy_top0/u_ddr_mc_phy_wrapper/u_ddr_mc_phy/ddr_phy_4lanes_0.u_ddr_phy_4lanes/ddr_byte_lane_B.ddr_byte_lane_B/out_fifo/RDCLK
                               i_platform/i_system_ddr/u_xilinx_ddr3_ctrl_axi32/u_xilinx_ddr3_ctrl_axi32_mig/u_memc_ui_top_axi/mem_intfc0/ddr_phy_top0/u_ddr_mc_phy_wrapper/u_ddr_mc_phy/ddr_phy_4lanes_0.u_ddr_phy_4lanes/ddr_byte_lane_B.ddr_byte_lane_B/ddr_byte_group_io/output_[9].oserdes_dq_.ddr.oserdes_dq_i/D3
                                                              4.006         
i_platform/i_system_ddr/u_xilinx_ddr3_ctrl_axi32/u_xilinx_ddr3_ctrl_axi32_mig/u_memc_ui_top_axi/mem_intfc0/ddr_phy_top0/u_ddr_mc_phy_wrapper/u_ddr_mc_phy/ddr_phy_4lanes_0.u_ddr_phy_4lanes/ddr_byte_lane_C.ddr_byte_lane_C/out_fifo/RDCLK
                               i_platform/i_system_ddr/u_xilinx_ddr3_ctrl_axi32/u_xilinx_ddr3_ctrl_axi32_mig/u_memc_ui_top_axi/mem_intfc0/ddr_phy_top0/u_ddr_mc_phy_wrapper/u_ddr_mc_phy/ddr_phy_4lanes_0.u_ddr_phy_4lanes/ddr_byte_lane_C.ddr_byte_lane_C/ddr_byte_group_io/output_[1].oserdes_dq_.ddr.oserdes_dq_i/D1
                                                              4.007         
i_platform/i_system_ddr/u_xilinx_ddr3_ctrl_axi32/u_xilinx_ddr3_ctrl_axi32_mig/u_memc_ui_top_axi/mem_intfc0/ddr_phy_top0/u_ddr_mc_phy_wrapper/u_ddr_mc_phy/ddr_phy_4lanes_0.u_ddr_phy_4lanes/ddr_byte_lane_C.ddr_byte_lane_C/out_fifo/RDCLK
                               i_platform/i_system_ddr/u_xilinx_ddr3_ctrl_axi32/u_xilinx_ddr3_ctrl_axi32_mig/u_memc_ui_top_axi/mem_intfc0/ddr_phy_top0/u_ddr_mc_phy_wrapper/u_ddr_mc_phy/ddr_phy_4lanes_0.u_ddr_phy_4lanes/ddr_byte_lane_C.ddr_byte_lane_C/ddr_byte_group_io/output_[2].oserdes_dq_.ddr.oserdes_dq_i/D1
                                                              4.007         
i_platform/i_system_ddr/u_xilinx_ddr3_ctrl_axi32/u_xilinx_ddr3_ctrl_axi32_mig/u_memc_ui_top_axi/mem_intfc0/ddr_phy_top0/u_ddr_mc_phy_wrapper/u_ddr_mc_phy/ddr_phy_4lanes_0.u_ddr_phy_4lanes/ddr_byte_lane_C.ddr_byte_lane_C/out_fifo/RDCLK
                               i_platform/i_system_ddr/u_xilinx_ddr3_ctrl_axi32/u_xilinx_ddr3_ctrl_axi32_mig/u_memc_ui_top_axi/mem_intfc0/ddr_phy_top0/u_ddr_mc_phy_wrapper/u_ddr_mc_phy/ddr_phy_4lanes_0.u_ddr_phy_4lanes/ddr_byte_lane_C.ddr_byte_lane_C/ddr_byte_group_io/output_[3].oserdes_dq_.ddr.oserdes_dq_i/D1
                                                              4.007         
i_platform/i_system_ddr/u_xilinx_ddr3_ctrl_axi32/u_xilinx_ddr3_ctrl_axi32_mig/u_memc_ui_top_axi/mem_intfc0/ddr_phy_top0/u_ddr_mc_phy_wrapper/u_ddr_mc_phy/ddr_phy_4lanes_0.u_ddr_phy_4lanes/ddr_byte_lane_C.ddr_byte_lane_C/out_fifo/RDCLK
                               i_platform/i_system_ddr/u_xilinx_ddr3_ctrl_axi32/u_xilinx_ddr3_ctrl_axi32_mig/u_memc_ui_top_axi/mem_intfc0/ddr_phy_top0/u_ddr_mc_phy_wrapper/u_ddr_mc_phy/ddr_phy_4lanes_0.u_ddr_phy_4lanes/ddr_byte_lane_C.ddr_byte_lane_C/ddr_byte_group_io/output_[7].oserdes_dq_.ddr.oserdes_dq_i/D1
                                                              4.007         
i_platform/i_system_ddr/u_xilinx_ddr3_ctrl_axi32/u_xilinx_ddr3_ctrl_axi32_mig/u_memc_ui_top_axi/mem_intfc0/ddr_phy_top0/u_ddr_mc_phy_wrapper/u_ddr_mc_phy/ddr_phy_4lanes_0.u_ddr_phy_4lanes/ddr_byte_lane_C.ddr_byte_lane_C/out_fifo/RDCLK
                               i_platform/i_system_ddr/u_xilinx_ddr3_ctrl_axi32/u_xilinx_ddr3_ctrl_axi32_mig/u_memc_ui_top_axi/mem_intfc0/ddr_phy_top0/u_ddr_mc_phy_wrapper/u_ddr_mc_phy/ddr_phy_4lanes_0.u_ddr_phy_4lanes/ddr_byte_lane_C.ddr_byte_lane_C/ddr_byte_group_io/output_[8].oserdes_dq_.ddr.oserdes_dq_i/D1
                                                              4.007         
i_platform/i_system_ddr/u_xilinx_ddr3_ctrl_axi32/u_xilinx_ddr3_ctrl_axi32_mig/u_memc_ui_top_axi/mem_intfc0/ddr_phy_top0/u_ddr_mc_phy_wrapper/u_ddr_mc_phy/ddr_phy_4lanes_0.u_ddr_phy_4lanes/ddr_byte_lane_C.ddr_byte_lane_C/out_fifo/RDCLK
                               i_platform/i_system_ddr/u_xilinx_ddr3_ctrl_axi32/u_xilinx_ddr3_ctrl_axi32_mig/u_memc_ui_top_axi/mem_intfc0/ddr_phy_top0/u_ddr_mc_phy_wrapper/u_ddr_mc_phy/ddr_phy_4lanes_0.u_ddr_phy_4lanes/ddr_byte_lane_C.ddr_byte_lane_C/ddr_byte_group_io/output_[9].oserdes_dq_.ddr.oserdes_dq_i/D1
                                                              4.007         
i_platform/i_system_ddr/u_xilinx_ddr3_ctrl_axi32/u_xilinx_ddr3_ctrl_axi32_mig/u_memc_ui_top_axi/mem_intfc0/ddr_phy_top0/u_ddr_mc_phy_wrapper/u_ddr_mc_phy/ddr_phy_4lanes_0.u_ddr_phy_4lanes/ddr_byte_lane_C.ddr_byte_lane_C/out_fifo/RDCLK
                               i_platform/i_system_ddr/u_xilinx_ddr3_ctrl_axi32/u_xilinx_ddr3_ctrl_axi32_mig/u_memc_ui_top_axi/mem_intfc0/ddr_phy_top0/u_ddr_mc_phy_wrapper/u_ddr_mc_phy/ddr_phy_4lanes_0.u_ddr_phy_4lanes/ddr_byte_lane_C.ddr_byte_lane_C/ddr_byte_group_io/output_[6].oserdes_dq_.ddr.oserdes_dq_i/D2
                                                              4.008         
i_platform/i_system_ddr/u_xilinx_ddr3_ctrl_axi32/u_xilinx_ddr3_ctrl_axi32_mig/u_memc_ui_top_axi/mem_intfc0/ddr_phy_top0/u_ddr_mc_phy_wrapper/u_ddr_mc_phy/ddr_phy_4lanes_0.u_ddr_phy_4lanes/ddr_byte_lane_C.ddr_byte_lane_C/out_fifo/RDCLK
                               i_platform/i_system_ddr/u_xilinx_ddr3_ctrl_axi32/u_xilinx_ddr3_ctrl_axi32_mig/u_memc_ui_top_axi/mem_intfc0/ddr_phy_top0/u_ddr_mc_phy_wrapper/u_ddr_mc_phy/ddr_phy_4lanes_0.u_ddr_phy_4lanes/ddr_byte_lane_C.ddr_byte_lane_C/ddr_byte_group_io/output_[6].oserdes_dq_.ddr.oserdes_dq_i/D4
                                                              4.008         
i_platform/i_system_ddr/u_xilinx_ddr3_ctrl_axi32/u_xilinx_ddr3_ctrl_axi32_mig/u_memc_ui_top_axi/mem_intfc0/ddr_phy_top0/u_ddr_mc_phy_wrapper/u_ddr_mc_phy/ddr_phy_4lanes_0.u_ddr_phy_4lanes/ddr_byte_lane_C.ddr_byte_lane_C/out_fifo/RDCLK
                               i_platform/i_system_ddr/u_xilinx_ddr3_ctrl_axi32/u_xilinx_ddr3_ctrl_axi32_mig/u_memc_ui_top_axi/mem_intfc0/ddr_phy_top0/u_ddr_mc_phy_wrapper/u_ddr_mc_phy/ddr_phy_4lanes_0.u_ddr_phy_4lanes/ddr_byte_lane_C.ddr_byte_lane_C/ddr_byte_group_io/output_[4].oserdes_dq_.ddr.oserdes_dq_i/D2
                                                              4.009         
i_platform/i_system_ddr/u_xilinx_ddr3_ctrl_axi32/u_xilinx_ddr3_ctrl_axi32_mig/u_memc_ui_top_axi/mem_intfc0/ddr_phy_top0/u_ddr_mc_phy_wrapper/u_ddr_mc_phy/ddr_phy_4lanes_0.u_ddr_phy_4lanes/ddr_byte_lane_C.ddr_byte_lane_C/out_fifo/RDCLK
                               i_platform/i_system_ddr/u_xilinx_ddr3_ctrl_axi32/u_xilinx_ddr3_ctrl_axi32_mig/u_memc_ui_top_axi/mem_intfc0/ddr_phy_top0/u_ddr_mc_phy_wrapper/u_ddr_mc_phy/ddr_phy_4lanes_0.u_ddr_phy_4lanes/ddr_byte_lane_C.ddr_byte_lane_C/ddr_byte_group_io/output_[4].oserdes_dq_.ddr.oserdes_dq_i/D4
                                                              4.009         
i_platform/i_system_ddr/u_xilinx_ddr3_ctrl_axi32/u_xilinx_ddr3_ctrl_axi32_mig/u_memc_ui_top_axi/mem_intfc0/ddr_phy_top0/u_ddr_mc_phy_wrapper/u_ddr_mc_phy/ddr_phy_4lanes_0.u_ddr_phy_4lanes/ddr_byte_lane_C.ddr_byte_lane_C/out_fifo/RDCLK
                               i_platform/i_system_ddr/u_xilinx_ddr3_ctrl_axi32/u_xilinx_ddr3_ctrl_axi32_mig/u_memc_ui_top_axi/mem_intfc0/ddr_phy_top0/u_ddr_mc_phy_wrapper/u_ddr_mc_phy/ddr_phy_4lanes_0.u_ddr_phy_4lanes/ddr_byte_lane_C.ddr_byte_lane_C/ddr_byte_group_io/output_[5].oserdes_dq_.ddr.oserdes_dq_i/D2
                                                              4.009         
i_platform/i_system_ddr/u_xilinx_ddr3_ctrl_axi32/u_xilinx_ddr3_ctrl_axi32_mig/u_memc_ui_top_axi/mem_intfc0/ddr_phy_top0/u_ddr_mc_phy_wrapper/u_ddr_mc_phy/ddr_phy_4lanes_0.u_ddr_phy_4lanes/ddr_byte_lane_C.ddr_byte_lane_C/out_fifo/RDCLK
                               i_platform/i_system_ddr/u_xilinx_ddr3_ctrl_axi32/u_xilinx_ddr3_ctrl_axi32_mig/u_memc_ui_top_axi/mem_intfc0/ddr_phy_top0/u_ddr_mc_phy_wrapper/u_ddr_mc_phy/ddr_phy_4lanes_0.u_ddr_phy_4lanes/ddr_byte_lane_C.ddr_byte_lane_C/ddr_byte_group_io/output_[5].oserdes_dq_.ddr.oserdes_dq_i/D4
                                                              4.009         
i_platform/i_system_ddr/u_xilinx_ddr3_ctrl_axi32/u_xilinx_ddr3_ctrl_axi32_mig/u_memc_ui_top_axi/mem_intfc0/ddr_phy_top0/u_ddr_mc_phy_wrapper/u_ddr_mc_phy/ddr_phy_4lanes_0.u_ddr_phy_4lanes/ddr_byte_lane_C.ddr_byte_lane_C/out_fifo/RDCLK
                               i_platform/i_system_ddr/u_xilinx_ddr3_ctrl_axi32/u_xilinx_ddr3_ctrl_axi32_mig/u_memc_ui_top_axi/mem_intfc0/ddr_phy_top0/u_ddr_mc_phy_wrapper/u_ddr_mc_phy/ddr_phy_4lanes_0.u_ddr_phy_4lanes/ddr_byte_lane_C.ddr_byte_lane_C/ddr_byte_group_io/output_[6].oserdes_dq_.ddr.oserdes_dq_i/D3
                                                              4.009         
i_platform/i_system_ddr/u_xilinx_ddr3_ctrl_axi32/u_xilinx_ddr3_ctrl_axi32_mig/u_memc_ui_top_axi/mem_intfc0/ddr_phy_top0/u_ddr_mc_phy_wrapper/u_ddr_mc_phy/ddr_phy_4lanes_0.u_ddr_phy_4lanes/ddr_byte_lane_D.ddr_byte_lane_D/out_fifo/RDCLK
                               i_platform/i_system_ddr/u_xilinx_ddr3_ctrl_axi32/u_xilinx_ddr3_ctrl_axi32_mig/u_memc_ui_top_axi/mem_intfc0/ddr_phy_top0/u_ddr_mc_phy_wrapper/u_ddr_mc_phy/ddr_phy_4lanes_0.u_ddr_phy_4lanes/ddr_byte_lane_D.ddr_byte_lane_D/ddr_byte_group_io/output_[9].oserdes_dq_.ddr.oserdes_dq_i/D1
                                                              4.009         
i_platform/i_system_ddr/u_xilinx_ddr3_ctrl_axi32/u_xilinx_ddr3_ctrl_axi32_mig/u_memc_ui_top_axi/mem_intfc0/ddr_phy_top0/u_ddr_mc_phy_wrapper/u_ddr_mc_phy/ddr_phy_4lanes_0.u_ddr_phy_4lanes/ddr_byte_lane_C.ddr_byte_lane_C/out_fifo/RDCLK
                               i_platform/i_system_ddr/u_xilinx_ddr3_ctrl_axi32/u_xilinx_ddr3_ctrl_axi32_mig/u_memc_ui_top_axi/mem_intfc0/ddr_phy_top0/u_ddr_mc_phy_wrapper/u_ddr_mc_phy/ddr_phy_4lanes_0.u_ddr_phy_4lanes/ddr_byte_lane_C.ddr_byte_lane_C/ddr_byte_group_io/output_[1].oserdes_dq_.ddr.oserdes_dq_i/D2
                                                              4.010         
i_platform/i_system_ddr/u_xilinx_ddr3_ctrl_axi32/u_xilinx_ddr3_ctrl_axi32_mig/u_memc_ui_top_axi/mem_intfc0/ddr_phy_top0/u_ddr_mc_phy_wrapper/u_ddr_mc_phy/ddr_phy_4lanes_0.u_ddr_phy_4lanes/ddr_byte_lane_C.ddr_byte_lane_C/out_fifo/RDCLK
                               i_platform/i_system_ddr/u_xilinx_ddr3_ctrl_axi32/u_xilinx_ddr3_ctrl_axi32_mig/u_memc_ui_top_axi/mem_intfc0/ddr_phy_top0/u_ddr_mc_phy_wrapper/u_ddr_mc_phy/ddr_phy_4lanes_0.u_ddr_phy_4lanes/ddr_byte_lane_C.ddr_byte_lane_C/ddr_byte_group_io/output_[1].oserdes_dq_.ddr.oserdes_dq_i/D4
                                                              4.010         
i_platform/i_system_ddr/u_xilinx_ddr3_ctrl_axi32/u_xilinx_ddr3_ctrl_axi32_mig/u_memc_ui_top_axi/mem_intfc0/ddr_phy_top0/u_ddr_mc_phy_wrapper/u_ddr_mc_phy/ddr_phy_4lanes_0.u_ddr_phy_4lanes/ddr_byte_lane_C.ddr_byte_lane_C/out_fifo/RDCLK
                               i_platform/i_system_ddr/u_xilinx_ddr3_ctrl_axi32/u_xilinx_ddr3_ctrl_axi32_mig/u_memc_ui_top_axi/mem_intfc0/ddr_phy_top0/u_ddr_mc_phy_wrapper/u_ddr_mc_phy/ddr_phy_4lanes_0.u_ddr_phy_4lanes/ddr_byte_lane_C.ddr_byte_lane_C/ddr_byte_group_io/output_[2].oserdes_dq_.ddr.oserdes_dq_i/D2
                                                              4.010         
i_platform/i_system_ddr/u_xilinx_ddr3_ctrl_axi32/u_xilinx_ddr3_ctrl_axi32_mig/u_memc_ui_top_axi/mem_intfc0/ddr_phy_top0/u_ddr_mc_phy_wrapper/u_ddr_mc_phy/ddr_phy_4lanes_0.u_ddr_phy_4lanes/ddr_byte_lane_C.ddr_byte_lane_C/out_fifo/RDCLK
                               i_platform/i_system_ddr/u_xilinx_ddr3_ctrl_axi32/u_xilinx_ddr3_ctrl_axi32_mig/u_memc_ui_top_axi/mem_intfc0/ddr_phy_top0/u_ddr_mc_phy_wrapper/u_ddr_mc_phy/ddr_phy_4lanes_0.u_ddr_phy_4lanes/ddr_byte_lane_C.ddr_byte_lane_C/ddr_byte_group_io/output_[2].oserdes_dq_.ddr.oserdes_dq_i/D4
                                                              4.010         
i_platform/i_system_ddr/u_xilinx_ddr3_ctrl_axi32/u_xilinx_ddr3_ctrl_axi32_mig/u_memc_ui_top_axi/mem_intfc0/ddr_phy_top0/u_ddr_mc_phy_wrapper/u_ddr_mc_phy/ddr_phy_4lanes_0.u_ddr_phy_4lanes/ddr_byte_lane_C.ddr_byte_lane_C/out_fifo/RDCLK
                               i_platform/i_system_ddr/u_xilinx_ddr3_ctrl_axi32/u_xilinx_ddr3_ctrl_axi32_mig/u_memc_ui_top_axi/mem_intfc0/ddr_phy_top0/u_ddr_mc_phy_wrapper/u_ddr_mc_phy/ddr_phy_4lanes_0.u_ddr_phy_4lanes/ddr_byte_lane_C.ddr_byte_lane_C/ddr_byte_group_io/output_[3].oserdes_dq_.ddr.oserdes_dq_i/D2
                                                              4.010         
i_platform/i_system_ddr/u_xilinx_ddr3_ctrl_axi32/u_xilinx_ddr3_ctrl_axi32_mig/u_memc_ui_top_axi/mem_intfc0/ddr_phy_top0/u_ddr_mc_phy_wrapper/u_ddr_mc_phy/ddr_phy_4lanes_0.u_ddr_phy_4lanes/ddr_byte_lane_C.ddr_byte_lane_C/out_fifo/RDCLK
                               i_platform/i_system_ddr/u_xilinx_ddr3_ctrl_axi32/u_xilinx_ddr3_ctrl_axi32_mig/u_memc_ui_top_axi/mem_intfc0/ddr_phy_top0/u_ddr_mc_phy_wrapper/u_ddr_mc_phy/ddr_phy_4lanes_0.u_ddr_phy_4lanes/ddr_byte_lane_C.ddr_byte_lane_C/ddr_byte_group_io/output_[3].oserdes_dq_.ddr.oserdes_dq_i/D4
                                                              4.010         
i_platform/i_system_ddr/u_xilinx_ddr3_ctrl_axi32/u_xilinx_ddr3_ctrl_axi32_mig/u_memc_ui_top_axi/mem_intfc0/ddr_phy_top0/u_ddr_mc_phy_wrapper/u_ddr_mc_phy/ddr_phy_4lanes_0.u_ddr_phy_4lanes/ddr_byte_lane_C.ddr_byte_lane_C/out_fifo/RDCLK
                               i_platform/i_system_ddr/u_xilinx_ddr3_ctrl_axi32/u_xilinx_ddr3_ctrl_axi32_mig/u_memc_ui_top_axi/mem_intfc0/ddr_phy_top0/u_ddr_mc_phy_wrapper/u_ddr_mc_phy/ddr_phy_4lanes_0.u_ddr_phy_4lanes/ddr_byte_lane_C.ddr_byte_lane_C/ddr_byte_group_io/output_[4].oserdes_dq_.ddr.oserdes_dq_i/D3
                                                              4.010         
i_platform/i_system_ddr/u_xilinx_ddr3_ctrl_axi32/u_xilinx_ddr3_ctrl_axi32_mig/u_memc_ui_top_axi/mem_intfc0/ddr_phy_top0/u_ddr_mc_phy_wrapper/u_ddr_mc_phy/ddr_phy_4lanes_0.u_ddr_phy_4lanes/ddr_byte_lane_C.ddr_byte_lane_C/out_fifo/RDCLK
                               i_platform/i_system_ddr/u_xilinx_ddr3_ctrl_axi32/u_xilinx_ddr3_ctrl_axi32_mig/u_memc_ui_top_axi/mem_intfc0/ddr_phy_top0/u_ddr_mc_phy_wrapper/u_ddr_mc_phy/ddr_phy_4lanes_0.u_ddr_phy_4lanes/ddr_byte_lane_C.ddr_byte_lane_C/ddr_byte_group_io/output_[5].oserdes_dq_.ddr.oserdes_dq_i/D3
                                                              4.010         
i_platform/i_system_ddr/u_xilinx_ddr3_ctrl_axi32/u_xilinx_ddr3_ctrl_axi32_mig/u_memc_ui_top_axi/mem_intfc0/ddr_phy_top0/u_ddr_mc_phy_wrapper/u_ddr_mc_phy/ddr_phy_4lanes_0.u_ddr_phy_4lanes/ddr_byte_lane_C.ddr_byte_lane_C/out_fifo/RDCLK
                               i_platform/i_system_ddr/u_xilinx_ddr3_ctrl_axi32/u_xilinx_ddr3_ctrl_axi32_mig/u_memc_ui_top_axi/mem_intfc0/ddr_phy_top0/u_ddr_mc_phy_wrapper/u_ddr_mc_phy/ddr_phy_4lanes_0.u_ddr_phy_4lanes/ddr_byte_lane_C.ddr_byte_lane_C/ddr_byte_group_io/output_[7].oserdes_dq_.ddr.oserdes_dq_i/D2
                                                              4.010         
i_platform/i_system_ddr/u_xilinx_ddr3_ctrl_axi32/u_xilinx_ddr3_ctrl_axi32_mig/u_memc_ui_top_axi/mem_intfc0/ddr_phy_top0/u_ddr_mc_phy_wrapper/u_ddr_mc_phy/ddr_phy_4lanes_0.u_ddr_phy_4lanes/ddr_byte_lane_C.ddr_byte_lane_C/out_fifo/RDCLK
                               i_platform/i_system_ddr/u_xilinx_ddr3_ctrl_axi32/u_xilinx_ddr3_ctrl_axi32_mig/u_memc_ui_top_axi/mem_intfc0/ddr_phy_top0/u_ddr_mc_phy_wrapper/u_ddr_mc_phy/ddr_phy_4lanes_0.u_ddr_phy_4lanes/ddr_byte_lane_C.ddr_byte_lane_C/ddr_byte_group_io/output_[7].oserdes_dq_.ddr.oserdes_dq_i/D4
                                                              4.010         
i_platform/i_system_ddr/u_xilinx_ddr3_ctrl_axi32/u_xilinx_ddr3_ctrl_axi32_mig/u_memc_ui_top_axi/mem_intfc0/ddr_phy_top0/u_ddr_mc_phy_wrapper/u_ddr_mc_phy/ddr_phy_4lanes_0.u_ddr_phy_4lanes/ddr_byte_lane_C.ddr_byte_lane_C/out_fifo/RDCLK
                               i_platform/i_system_ddr/u_xilinx_ddr3_ctrl_axi32/u_xilinx_ddr3_ctrl_axi32_mig/u_memc_ui_top_axi/mem_intfc0/ddr_phy_top0/u_ddr_mc_phy_wrapper/u_ddr_mc_phy/ddr_phy_4lanes_0.u_ddr_phy_4lanes/ddr_byte_lane_C.ddr_byte_lane_C/ddr_byte_group_io/output_[8].oserdes_dq_.ddr.oserdes_dq_i/D2
                                                              4.010         
i_platform/i_system_ddr/u_xilinx_ddr3_ctrl_axi32/u_xilinx_ddr3_ctrl_axi32_mig/u_memc_ui_top_axi/mem_intfc0/ddr_phy_top0/u_ddr_mc_phy_wrapper/u_ddr_mc_phy/ddr_phy_4lanes_0.u_ddr_phy_4lanes/ddr_byte_lane_C.ddr_byte_lane_C/out_fifo/RDCLK
                               i_platform/i_system_ddr/u_xilinx_ddr3_ctrl_axi32/u_xilinx_ddr3_ctrl_axi32_mig/u_memc_ui_top_axi/mem_intfc0/ddr_phy_top0/u_ddr_mc_phy_wrapper/u_ddr_mc_phy/ddr_phy_4lanes_0.u_ddr_phy_4lanes/ddr_byte_lane_C.ddr_byte_lane_C/ddr_byte_group_io/output_[8].oserdes_dq_.ddr.oserdes_dq_i/D4
                                                              4.010         
i_platform/i_system_ddr/u_xilinx_ddr3_ctrl_axi32/u_xilinx_ddr3_ctrl_axi32_mig/u_memc_ui_top_axi/mem_intfc0/ddr_phy_top0/u_ddr_mc_phy_wrapper/u_ddr_mc_phy/ddr_phy_4lanes_0.u_ddr_phy_4lanes/ddr_byte_lane_C.ddr_byte_lane_C/out_fifo/RDCLK
                               i_platform/i_system_ddr/u_xilinx_ddr3_ctrl_axi32/u_xilinx_ddr3_ctrl_axi32_mig/u_memc_ui_top_axi/mem_intfc0/ddr_phy_top0/u_ddr_mc_phy_wrapper/u_ddr_mc_phy/ddr_phy_4lanes_0.u_ddr_phy_4lanes/ddr_byte_lane_C.ddr_byte_lane_C/ddr_byte_group_io/output_[9].oserdes_dq_.ddr.oserdes_dq_i/D2
                                                              4.010         
i_platform/i_system_ddr/u_xilinx_ddr3_ctrl_axi32/u_xilinx_ddr3_ctrl_axi32_mig/u_memc_ui_top_axi/mem_intfc0/ddr_phy_top0/u_ddr_mc_phy_wrapper/u_ddr_mc_phy/ddr_phy_4lanes_0.u_ddr_phy_4lanes/ddr_byte_lane_C.ddr_byte_lane_C/out_fifo/RDCLK
                               i_platform/i_system_ddr/u_xilinx_ddr3_ctrl_axi32/u_xilinx_ddr3_ctrl_axi32_mig/u_memc_ui_top_axi/mem_intfc0/ddr_phy_top0/u_ddr_mc_phy_wrapper/u_ddr_mc_phy/ddr_phy_4lanes_0.u_ddr_phy_4lanes/ddr_byte_lane_C.ddr_byte_lane_C/ddr_byte_group_io/output_[9].oserdes_dq_.ddr.oserdes_dq_i/D4
                                                              4.010         
i_platform/i_system_ddr/u_xilinx_ddr3_ctrl_axi32/u_xilinx_ddr3_ctrl_axi32_mig/u_memc_ui_top_axi/mem_intfc0/ddr_phy_top0/u_ddr_mc_phy_wrapper/u_ddr_mc_phy/ddr_phy_4lanes_0.u_ddr_phy_4lanes/ddr_byte_lane_A.ddr_byte_lane_A/out_fifo/RDCLK
                               i_platform/i_system_ddr/u_xilinx_ddr3_ctrl_axi32/u_xilinx_ddr3_ctrl_axi32_mig/u_memc_ui_top_axi/mem_intfc0/ddr_phy_top0/u_ddr_mc_phy_wrapper/u_ddr_mc_phy/ddr_phy_4lanes_0.u_ddr_phy_4lanes/ddr_byte_lane_A.ddr_byte_lane_A/ddr_byte_group_io/output_[6].oserdes_dq_.ddr.oserdes_dq_i/D1
                                                              4.010         
i_platform/i_system_ddr/u_xilinx_ddr3_ctrl_axi32/u_xilinx_ddr3_ctrl_axi32_mig/u_memc_ui_top_axi/mem_intfc0/ddr_phy_top0/u_ddr_mc_phy_wrapper/u_ddr_mc_phy/ddr_phy_4lanes_0.u_ddr_phy_4lanes/ddr_byte_lane_C.ddr_byte_lane_C/out_fifo/RDCLK
                               i_platform/i_system_ddr/u_xilinx_ddr3_ctrl_axi32/u_xilinx_ddr3_ctrl_axi32_mig/u_memc_ui_top_axi/mem_intfc0/ddr_phy_top0/u_ddr_mc_phy_wrapper/u_ddr_mc_phy/ddr_phy_4lanes_0.u_ddr_phy_4lanes/ddr_byte_lane_C.ddr_byte_lane_C/ddr_byte_group_io/output_[1].oserdes_dq_.ddr.oserdes_dq_i/D3
                                                              4.011         
i_platform/i_system_ddr/u_xilinx_ddr3_ctrl_axi32/u_xilinx_ddr3_ctrl_axi32_mig/u_memc_ui_top_axi/mem_intfc0/ddr_phy_top0/u_ddr_mc_phy_wrapper/u_ddr_mc_phy/ddr_phy_4lanes_0.u_ddr_phy_4lanes/ddr_byte_lane_C.ddr_byte_lane_C/out_fifo/RDCLK
                               i_platform/i_system_ddr/u_xilinx_ddr3_ctrl_axi32/u_xilinx_ddr3_ctrl_axi32_mig/u_memc_ui_top_axi/mem_intfc0/ddr_phy_top0/u_ddr_mc_phy_wrapper/u_ddr_mc_phy/ddr_phy_4lanes_0.u_ddr_phy_4lanes/ddr_byte_lane_C.ddr_byte_lane_C/ddr_byte_group_io/output_[2].oserdes_dq_.ddr.oserdes_dq_i/D3
                                                              4.011         
i_platform/i_system_ddr/u_xilinx_ddr3_ctrl_axi32/u_xilinx_ddr3_ctrl_axi32_mig/u_memc_ui_top_axi/mem_intfc0/ddr_phy_top0/u_ddr_mc_phy_wrapper/u_ddr_mc_phy/ddr_phy_4lanes_0.u_ddr_phy_4lanes/ddr_byte_lane_C.ddr_byte_lane_C/out_fifo/RDCLK
                               i_platform/i_system_ddr/u_xilinx_ddr3_ctrl_axi32/u_xilinx_ddr3_ctrl_axi32_mig/u_memc_ui_top_axi/mem_intfc0/ddr_phy_top0/u_ddr_mc_phy_wrapper/u_ddr_mc_phy/ddr_phy_4lanes_0.u_ddr_phy_4lanes/ddr_byte_lane_C.ddr_byte_lane_C/ddr_byte_group_io/output_[3].oserdes_dq_.ddr.oserdes_dq_i/D3
                                                              4.011         
i_platform/i_system_ddr/u_xilinx_ddr3_ctrl_axi32/u_xilinx_ddr3_ctrl_axi32_mig/u_memc_ui_top_axi/mem_intfc0/ddr_phy_top0/u_ddr_mc_phy_wrapper/u_ddr_mc_phy/ddr_phy_4lanes_0.u_ddr_phy_4lanes/ddr_byte_lane_C.ddr_byte_lane_C/out_fifo/RDCLK
                               i_platform/i_system_ddr/u_xilinx_ddr3_ctrl_axi32/u_xilinx_ddr3_ctrl_axi32_mig/u_memc_ui_top_axi/mem_intfc0/ddr_phy_top0/u_ddr_mc_phy_wrapper/u_ddr_mc_phy/ddr_phy_4lanes_0.u_ddr_phy_4lanes/ddr_byte_lane_C.ddr_byte_lane_C/ddr_byte_group_io/output_[7].oserdes_dq_.ddr.oserdes_dq_i/D3
                                                              4.011         
i_platform/i_system_ddr/u_xilinx_ddr3_ctrl_axi32/u_xilinx_ddr3_ctrl_axi32_mig/u_memc_ui_top_axi/mem_intfc0/ddr_phy_top0/u_ddr_mc_phy_wrapper/u_ddr_mc_phy/ddr_phy_4lanes_0.u_ddr_phy_4lanes/ddr_byte_lane_C.ddr_byte_lane_C/out_fifo/RDCLK
                               i_platform/i_system_ddr/u_xilinx_ddr3_ctrl_axi32/u_xilinx_ddr3_ctrl_axi32_mig/u_memc_ui_top_axi/mem_intfc0/ddr_phy_top0/u_ddr_mc_phy_wrapper/u_ddr_mc_phy/ddr_phy_4lanes_0.u_ddr_phy_4lanes/ddr_byte_lane_C.ddr_byte_lane_C/ddr_byte_group_io/output_[8].oserdes_dq_.ddr.oserdes_dq_i/D3
                                                              4.011         
i_platform/i_system_ddr/u_xilinx_ddr3_ctrl_axi32/u_xilinx_ddr3_ctrl_axi32_mig/u_memc_ui_top_axi/mem_intfc0/ddr_phy_top0/u_ddr_mc_phy_wrapper/u_ddr_mc_phy/ddr_phy_4lanes_0.u_ddr_phy_4lanes/ddr_byte_lane_C.ddr_byte_lane_C/out_fifo/RDCLK
                               i_platform/i_system_ddr/u_xilinx_ddr3_ctrl_axi32/u_xilinx_ddr3_ctrl_axi32_mig/u_memc_ui_top_axi/mem_intfc0/ddr_phy_top0/u_ddr_mc_phy_wrapper/u_ddr_mc_phy/ddr_phy_4lanes_0.u_ddr_phy_4lanes/ddr_byte_lane_C.ddr_byte_lane_C/ddr_byte_group_io/output_[9].oserdes_dq_.ddr.oserdes_dq_i/D3
                                                              4.011         
i_platform/i_system_ddr/u_xilinx_ddr3_ctrl_axi32/u_xilinx_ddr3_ctrl_axi32_mig/u_memc_ui_top_axi/mem_intfc0/ddr_phy_top0/u_ddr_mc_phy_wrapper/u_ddr_mc_phy/ddr_phy_4lanes_0.u_ddr_phy_4lanes/ddr_byte_lane_A.ddr_byte_lane_A/out_fifo/RDCLK
                               i_platform/i_system_ddr/u_xilinx_ddr3_ctrl_axi32/u_xilinx_ddr3_ctrl_axi32_mig/u_memc_ui_top_axi/mem_intfc0/ddr_phy_top0/u_ddr_mc_phy_wrapper/u_ddr_mc_phy/ddr_phy_4lanes_0.u_ddr_phy_4lanes/ddr_byte_lane_A.ddr_byte_lane_A/ddr_byte_group_io/output_[4].oserdes_dq_.ddr.oserdes_dq_i/D1
                                                              4.011         
i_platform/i_system_ddr/u_xilinx_ddr3_ctrl_axi32/u_xilinx_ddr3_ctrl_axi32_mig/u_memc_ui_top_axi/mem_intfc0/ddr_phy_top0/u_ddr_mc_phy_wrapper/u_ddr_mc_phy/ddr_phy_4lanes_0.u_ddr_phy_4lanes/ddr_byte_lane_A.ddr_byte_lane_A/out_fifo/RDCLK
                               i_platform/i_system_ddr/u_xilinx_ddr3_ctrl_axi32/u_xilinx_ddr3_ctrl_axi32_mig/u_memc_ui_top_axi/mem_intfc0/ddr_phy_top0/u_ddr_mc_phy_wrapper/u_ddr_mc_phy/ddr_phy_4lanes_0.u_ddr_phy_4lanes/ddr_byte_lane_A.ddr_byte_lane_A/ddr_byte_group_io/output_[5].oserdes_dq_.ddr.oserdes_dq_i/D1
                                                              4.011         
i_platform/i_system_ddr/u_xilinx_ddr3_ctrl_axi32/u_xilinx_ddr3_ctrl_axi32_mig/u_memc_ui_top_axi/mem_intfc0/ddr_phy_top0/u_ddr_mc_phy_wrapper/u_ddr_mc_phy/ddr_phy_4lanes_0.u_ddr_phy_4lanes/ddr_byte_lane_A.ddr_byte_lane_A/out_fifo/RDCLK
                               i_platform/i_system_ddr/u_xilinx_ddr3_ctrl_axi32/u_xilinx_ddr3_ctrl_axi32_mig/u_memc_ui_top_axi/mem_intfc0/ddr_phy_top0/u_ddr_mc_phy_wrapper/u_ddr_mc_phy/ddr_phy_4lanes_0.u_ddr_phy_4lanes/ddr_byte_lane_A.ddr_byte_lane_A/ddr_byte_group_io/output_[0].oserdes_dq_.ddr.oserdes_dq_i/D1
                                                              4.012         
i_platform/i_system_ddr/u_xilinx_ddr3_ctrl_axi32/u_xilinx_ddr3_ctrl_axi32_mig/u_memc_ui_top_axi/mem_intfc0/ddr_phy_top0/u_ddr_mc_phy_wrapper/u_ddr_mc_phy/ddr_phy_4lanes_0.u_ddr_phy_4lanes/ddr_byte_lane_A.ddr_byte_lane_A/out_fifo/RDCLK
                               i_platform/i_system_ddr/u_xilinx_ddr3_ctrl_axi32/u_xilinx_ddr3_ctrl_axi32_mig/u_memc_ui_top_axi/mem_intfc0/ddr_phy_top0/u_ddr_mc_phy_wrapper/u_ddr_mc_phy/ddr_phy_4lanes_0.u_ddr_phy_4lanes/ddr_byte_lane_A.ddr_byte_lane_A/ddr_byte_group_io/output_[1].oserdes_dq_.ddr.oserdes_dq_i/D1
                                                              4.012         
i_platform/i_system_ddr/u_xilinx_ddr3_ctrl_axi32/u_xilinx_ddr3_ctrl_axi32_mig/u_memc_ui_top_axi/mem_intfc0/ddr_phy_top0/u_ddr_mc_phy_wrapper/u_ddr_mc_phy/ddr_phy_4lanes_0.u_ddr_phy_4lanes/ddr_byte_lane_A.ddr_byte_lane_A/out_fifo/RDCLK
                               i_platform/i_system_ddr/u_xilinx_ddr3_ctrl_axi32/u_xilinx_ddr3_ctrl_axi32_mig/u_memc_ui_top_axi/mem_intfc0/ddr_phy_top0/u_ddr_mc_phy_wrapper/u_ddr_mc_phy/ddr_phy_4lanes_0.u_ddr_phy_4lanes/ddr_byte_lane_A.ddr_byte_lane_A/ddr_byte_group_io/output_[2].oserdes_dq_.ddr.oserdes_dq_i/D1
                                                              4.012         
i_platform/i_system_ddr/u_xilinx_ddr3_ctrl_axi32/u_xilinx_ddr3_ctrl_axi32_mig/u_memc_ui_top_axi/mem_intfc0/ddr_phy_top0/u_ddr_mc_phy_wrapper/u_ddr_mc_phy/ddr_phy_4lanes_0.u_ddr_phy_4lanes/ddr_byte_lane_A.ddr_byte_lane_A/out_fifo/RDCLK
                               i_platform/i_system_ddr/u_xilinx_ddr3_ctrl_axi32/u_xilinx_ddr3_ctrl_axi32_mig/u_memc_ui_top_axi/mem_intfc0/ddr_phy_top0/u_ddr_mc_phy_wrapper/u_ddr_mc_phy/ddr_phy_4lanes_0.u_ddr_phy_4lanes/ddr_byte_lane_A.ddr_byte_lane_A/ddr_byte_group_io/output_[3].oserdes_dq_.ddr.oserdes_dq_i/D1
                                                              4.012         
i_platform/i_system_ddr/u_xilinx_ddr3_ctrl_axi32/u_xilinx_ddr3_ctrl_axi32_mig/u_memc_ui_top_axi/mem_intfc0/ddr_phy_top0/u_ddr_mc_phy_wrapper/u_ddr_mc_phy/ddr_phy_4lanes_0.u_ddr_phy_4lanes/ddr_byte_lane_A.ddr_byte_lane_A/out_fifo/RDCLK
                               i_platform/i_system_ddr/u_xilinx_ddr3_ctrl_axi32/u_xilinx_ddr3_ctrl_axi32_mig/u_memc_ui_top_axi/mem_intfc0/ddr_phy_top0/u_ddr_mc_phy_wrapper/u_ddr_mc_phy/ddr_phy_4lanes_0.u_ddr_phy_4lanes/ddr_byte_lane_A.ddr_byte_lane_A/ddr_byte_group_io/output_[7].oserdes_dq_.ddr.oserdes_dq_i/D1
                                                              4.012         
i_platform/i_system_ddr/u_xilinx_ddr3_ctrl_axi32/u_xilinx_ddr3_ctrl_axi32_mig/u_memc_ui_top_axi/mem_intfc0/ddr_phy_top0/u_ddr_mc_phy_wrapper/u_ddr_mc_phy/ddr_phy_4lanes_0.u_ddr_phy_4lanes/ddr_byte_lane_A.ddr_byte_lane_A/out_fifo/RDCLK
                               i_platform/i_system_ddr/u_xilinx_ddr3_ctrl_axi32/u_xilinx_ddr3_ctrl_axi32_mig/u_memc_ui_top_axi/mem_intfc0/ddr_phy_top0/u_ddr_mc_phy_wrapper/u_ddr_mc_phy/ddr_phy_4lanes_0.u_ddr_phy_4lanes/ddr_byte_lane_A.ddr_byte_lane_A/ddr_byte_group_io/output_[9].oserdes_dq_.ddr.oserdes_dq_i/D1
                                                              4.012         
i_platform/i_system_ddr/u_xilinx_ddr3_ctrl_axi32/u_xilinx_ddr3_ctrl_axi32_mig/u_memc_ui_top_axi/mem_intfc0/ddr_phy_top0/u_ddr_mc_phy_wrapper/u_ddr_mc_phy/ddr_phy_4lanes_0.u_ddr_phy_4lanes/ddr_byte_lane_A.ddr_byte_lane_A/out_fifo/RDCLK
                               i_platform/i_system_ddr/u_xilinx_ddr3_ctrl_axi32/u_xilinx_ddr3_ctrl_axi32_mig/u_memc_ui_top_axi/mem_intfc0/ddr_phy_top0/u_ddr_mc_phy_wrapper/u_ddr_mc_phy/ddr_phy_4lanes_0.u_ddr_phy_4lanes/ddr_byte_lane_A.ddr_byte_lane_A/ddr_byte_group_io/output_[6].oserdes_dq_.ddr.oserdes_dq_i/D2
                                                              4.013         
i_platform/i_system_ddr/u_xilinx_ddr3_ctrl_axi32/u_xilinx_ddr3_ctrl_axi32_mig/u_memc_ui_top_axi/mem_intfc0/ddr_phy_top0/u_ddr_mc_phy_wrapper/u_ddr_mc_phy/ddr_phy_4lanes_0.u_ddr_phy_4lanes/ddr_byte_lane_A.ddr_byte_lane_A/out_fifo/RDCLK
                               i_platform/i_system_ddr/u_xilinx_ddr3_ctrl_axi32/u_xilinx_ddr3_ctrl_axi32_mig/u_memc_ui_top_axi/mem_intfc0/ddr_phy_top0/u_ddr_mc_phy_wrapper/u_ddr_mc_phy/ddr_phy_4lanes_0.u_ddr_phy_4lanes/ddr_byte_lane_A.ddr_byte_lane_A/ddr_byte_group_io/output_[6].oserdes_dq_.ddr.oserdes_dq_i/D4
                                                              4.013         
i_platform/i_system_ddr/u_xilinx_ddr3_ctrl_axi32/u_xilinx_ddr3_ctrl_axi32_mig/u_memc_ui_top_axi/mem_intfc0/ddr_phy_top0/u_ddr_mc_phy_wrapper/u_ddr_mc_phy/ddr_phy_4lanes_0.u_ddr_phy_4lanes/ddr_byte_lane_A.ddr_byte_lane_A/out_fifo/RDCLK
                               i_platform/i_system_ddr/u_xilinx_ddr3_ctrl_axi32/u_xilinx_ddr3_ctrl_axi32_mig/u_memc_ui_top_axi/mem_intfc0/ddr_phy_top0/u_ddr_mc_phy_wrapper/u_ddr_mc_phy/ddr_phy_4lanes_0.u_ddr_phy_4lanes/ddr_byte_lane_A.ddr_byte_lane_A/ddr_byte_group_io/output_[4].oserdes_dq_.ddr.oserdes_dq_i/D2
                                                              4.014         
i_platform/i_system_ddr/u_xilinx_ddr3_ctrl_axi32/u_xilinx_ddr3_ctrl_axi32_mig/u_memc_ui_top_axi/mem_intfc0/ddr_phy_top0/u_ddr_mc_phy_wrapper/u_ddr_mc_phy/ddr_phy_4lanes_0.u_ddr_phy_4lanes/ddr_byte_lane_A.ddr_byte_lane_A/out_fifo/RDCLK
                               i_platform/i_system_ddr/u_xilinx_ddr3_ctrl_axi32/u_xilinx_ddr3_ctrl_axi32_mig/u_memc_ui_top_axi/mem_intfc0/ddr_phy_top0/u_ddr_mc_phy_wrapper/u_ddr_mc_phy/ddr_phy_4lanes_0.u_ddr_phy_4lanes/ddr_byte_lane_A.ddr_byte_lane_A/ddr_byte_group_io/output_[4].oserdes_dq_.ddr.oserdes_dq_i/D4
                                                              4.014         
i_platform/i_system_ddr/u_xilinx_ddr3_ctrl_axi32/u_xilinx_ddr3_ctrl_axi32_mig/u_memc_ui_top_axi/mem_intfc0/ddr_phy_top0/u_ddr_mc_phy_wrapper/u_ddr_mc_phy/ddr_phy_4lanes_0.u_ddr_phy_4lanes/ddr_byte_lane_A.ddr_byte_lane_A/out_fifo/RDCLK
                               i_platform/i_system_ddr/u_xilinx_ddr3_ctrl_axi32/u_xilinx_ddr3_ctrl_axi32_mig/u_memc_ui_top_axi/mem_intfc0/ddr_phy_top0/u_ddr_mc_phy_wrapper/u_ddr_mc_phy/ddr_phy_4lanes_0.u_ddr_phy_4lanes/ddr_byte_lane_A.ddr_byte_lane_A/ddr_byte_group_io/output_[5].oserdes_dq_.ddr.oserdes_dq_i/D2
                                                              4.014         
i_platform/i_system_ddr/u_xilinx_ddr3_ctrl_axi32/u_xilinx_ddr3_ctrl_axi32_mig/u_memc_ui_top_axi/mem_intfc0/ddr_phy_top0/u_ddr_mc_phy_wrapper/u_ddr_mc_phy/ddr_phy_4lanes_0.u_ddr_phy_4lanes/ddr_byte_lane_A.ddr_byte_lane_A/out_fifo/RDCLK
                               i_platform/i_system_ddr/u_xilinx_ddr3_ctrl_axi32/u_xilinx_ddr3_ctrl_axi32_mig/u_memc_ui_top_axi/mem_intfc0/ddr_phy_top0/u_ddr_mc_phy_wrapper/u_ddr_mc_phy/ddr_phy_4lanes_0.u_ddr_phy_4lanes/ddr_byte_lane_A.ddr_byte_lane_A/ddr_byte_group_io/output_[5].oserdes_dq_.ddr.oserdes_dq_i/D4
                                                              4.014         
i_platform/i_system_ddr/u_xilinx_ddr3_ctrl_axi32/u_xilinx_ddr3_ctrl_axi32_mig/u_memc_ui_top_axi/mem_intfc0/ddr_phy_top0/u_ddr_mc_phy_wrapper/u_ddr_mc_phy/ddr_phy_4lanes_0.u_ddr_phy_4lanes/ddr_byte_lane_A.ddr_byte_lane_A/out_fifo/RDCLK
                               i_platform/i_system_ddr/u_xilinx_ddr3_ctrl_axi32/u_xilinx_ddr3_ctrl_axi32_mig/u_memc_ui_top_axi/mem_intfc0/ddr_phy_top0/u_ddr_mc_phy_wrapper/u_ddr_mc_phy/ddr_phy_4lanes_0.u_ddr_phy_4lanes/ddr_byte_lane_A.ddr_byte_lane_A/ddr_byte_group_io/output_[6].oserdes_dq_.ddr.oserdes_dq_i/D3
                                                              4.014         
i_platform/i_system_ddr/u_xilinx_ddr3_ctrl_axi32/u_xilinx_ddr3_ctrl_axi32_mig/u_memc_ui_top_axi/mem_intfc0/ddr_phy_top0/u_ddr_mc_phy_wrapper/u_ddr_mc_phy/ddr_phy_4lanes_0.u_ddr_phy_4lanes/ddr_byte_lane_A.ddr_byte_lane_A/out_fifo/RDCLK
                               i_platform/i_system_ddr/u_xilinx_ddr3_ctrl_axi32/u_xilinx_ddr3_ctrl_axi32_mig/u_memc_ui_top_axi/mem_intfc0/ddr_phy_top0/u_ddr_mc_phy_wrapper/u_ddr_mc_phy/ddr_phy_4lanes_0.u_ddr_phy_4lanes/ddr_byte_lane_A.ddr_byte_lane_A/ddr_byte_group_io/output_[0].oserdes_dq_.ddr.oserdes_dq_i/D2
                                                              4.015         
i_platform/i_system_ddr/u_xilinx_ddr3_ctrl_axi32/u_xilinx_ddr3_ctrl_axi32_mig/u_memc_ui_top_axi/mem_intfc0/ddr_phy_top0/u_ddr_mc_phy_wrapper/u_ddr_mc_phy/ddr_phy_4lanes_0.u_ddr_phy_4lanes/ddr_byte_lane_A.ddr_byte_lane_A/out_fifo/RDCLK
                               i_platform/i_system_ddr/u_xilinx_ddr3_ctrl_axi32/u_xilinx_ddr3_ctrl_axi32_mig/u_memc_ui_top_axi/mem_intfc0/ddr_phy_top0/u_ddr_mc_phy_wrapper/u_ddr_mc_phy/ddr_phy_4lanes_0.u_ddr_phy_4lanes/ddr_byte_lane_A.ddr_byte_lane_A/ddr_byte_group_io/output_[0].oserdes_dq_.ddr.oserdes_dq_i/D4
                                                              4.015         
i_platform/i_system_ddr/u_xilinx_ddr3_ctrl_axi32/u_xilinx_ddr3_ctrl_axi32_mig/u_memc_ui_top_axi/mem_intfc0/ddr_phy_top0/u_ddr_mc_phy_wrapper/u_ddr_mc_phy/ddr_phy_4lanes_0.u_ddr_phy_4lanes/ddr_byte_lane_A.ddr_byte_lane_A/out_fifo/RDCLK
                               i_platform/i_system_ddr/u_xilinx_ddr3_ctrl_axi32/u_xilinx_ddr3_ctrl_axi32_mig/u_memc_ui_top_axi/mem_intfc0/ddr_phy_top0/u_ddr_mc_phy_wrapper/u_ddr_mc_phy/ddr_phy_4lanes_0.u_ddr_phy_4lanes/ddr_byte_lane_A.ddr_byte_lane_A/ddr_byte_group_io/output_[1].oserdes_dq_.ddr.oserdes_dq_i/D2
                                                              4.015         
i_platform/i_system_ddr/u_xilinx_ddr3_ctrl_axi32/u_xilinx_ddr3_ctrl_axi32_mig/u_memc_ui_top_axi/mem_intfc0/ddr_phy_top0/u_ddr_mc_phy_wrapper/u_ddr_mc_phy/ddr_phy_4lanes_0.u_ddr_phy_4lanes/ddr_byte_lane_A.ddr_byte_lane_A/out_fifo/RDCLK
                               i_platform/i_system_ddr/u_xilinx_ddr3_ctrl_axi32/u_xilinx_ddr3_ctrl_axi32_mig/u_memc_ui_top_axi/mem_intfc0/ddr_phy_top0/u_ddr_mc_phy_wrapper/u_ddr_mc_phy/ddr_phy_4lanes_0.u_ddr_phy_4lanes/ddr_byte_lane_A.ddr_byte_lane_A/ddr_byte_group_io/output_[1].oserdes_dq_.ddr.oserdes_dq_i/D4
                                                              4.015         
i_platform/i_system_ddr/u_xilinx_ddr3_ctrl_axi32/u_xilinx_ddr3_ctrl_axi32_mig/u_memc_ui_top_axi/mem_intfc0/ddr_phy_top0/u_ddr_mc_phy_wrapper/u_ddr_mc_phy/ddr_phy_4lanes_0.u_ddr_phy_4lanes/ddr_byte_lane_A.ddr_byte_lane_A/out_fifo/RDCLK
                               i_platform/i_system_ddr/u_xilinx_ddr3_ctrl_axi32/u_xilinx_ddr3_ctrl_axi32_mig/u_memc_ui_top_axi/mem_intfc0/ddr_phy_top0/u_ddr_mc_phy_wrapper/u_ddr_mc_phy/ddr_phy_4lanes_0.u_ddr_phy_4lanes/ddr_byte_lane_A.ddr_byte_lane_A/ddr_byte_group_io/output_[2].oserdes_dq_.ddr.oserdes_dq_i/D2
                                                              4.015         
i_platform/i_system_ddr/u_xilinx_ddr3_ctrl_axi32/u_xilinx_ddr3_ctrl_axi32_mig/u_memc_ui_top_axi/mem_intfc0/ddr_phy_top0/u_ddr_mc_phy_wrapper/u_ddr_mc_phy/ddr_phy_4lanes_0.u_ddr_phy_4lanes/ddr_byte_lane_A.ddr_byte_lane_A/out_fifo/RDCLK
                               i_platform/i_system_ddr/u_xilinx_ddr3_ctrl_axi32/u_xilinx_ddr3_ctrl_axi32_mig/u_memc_ui_top_axi/mem_intfc0/ddr_phy_top0/u_ddr_mc_phy_wrapper/u_ddr_mc_phy/ddr_phy_4lanes_0.u_ddr_phy_4lanes/ddr_byte_lane_A.ddr_byte_lane_A/ddr_byte_group_io/output_[2].oserdes_dq_.ddr.oserdes_dq_i/D4
                                                              4.015         
i_platform/i_system_ddr/u_xilinx_ddr3_ctrl_axi32/u_xilinx_ddr3_ctrl_axi32_mig/u_memc_ui_top_axi/mem_intfc0/ddr_phy_top0/u_ddr_mc_phy_wrapper/u_ddr_mc_phy/ddr_phy_4lanes_0.u_ddr_phy_4lanes/ddr_byte_lane_A.ddr_byte_lane_A/out_fifo/RDCLK
                               i_platform/i_system_ddr/u_xilinx_ddr3_ctrl_axi32/u_xilinx_ddr3_ctrl_axi32_mig/u_memc_ui_top_axi/mem_intfc0/ddr_phy_top0/u_ddr_mc_phy_wrapper/u_ddr_mc_phy/ddr_phy_4lanes_0.u_ddr_phy_4lanes/ddr_byte_lane_A.ddr_byte_lane_A/ddr_byte_group_io/output_[3].oserdes_dq_.ddr.oserdes_dq_i/D2
                                                              4.015         
i_platform/i_system_ddr/u_xilinx_ddr3_ctrl_axi32/u_xilinx_ddr3_ctrl_axi32_mig/u_memc_ui_top_axi/mem_intfc0/ddr_phy_top0/u_ddr_mc_phy_wrapper/u_ddr_mc_phy/ddr_phy_4lanes_0.u_ddr_phy_4lanes/ddr_byte_lane_A.ddr_byte_lane_A/out_fifo/RDCLK
                               i_platform/i_system_ddr/u_xilinx_ddr3_ctrl_axi32/u_xilinx_ddr3_ctrl_axi32_mig/u_memc_ui_top_axi/mem_intfc0/ddr_phy_top0/u_ddr_mc_phy_wrapper/u_ddr_mc_phy/ddr_phy_4lanes_0.u_ddr_phy_4lanes/ddr_byte_lane_A.ddr_byte_lane_A/ddr_byte_group_io/output_[3].oserdes_dq_.ddr.oserdes_dq_i/D4
                                                              4.015         
i_platform/i_system_ddr/u_xilinx_ddr3_ctrl_axi32/u_xilinx_ddr3_ctrl_axi32_mig/u_memc_ui_top_axi/mem_intfc0/ddr_phy_top0/u_ddr_mc_phy_wrapper/u_ddr_mc_phy/ddr_phy_4lanes_0.u_ddr_phy_4lanes/ddr_byte_lane_A.ddr_byte_lane_A/out_fifo/RDCLK
                               i_platform/i_system_ddr/u_xilinx_ddr3_ctrl_axi32/u_xilinx_ddr3_ctrl_axi32_mig/u_memc_ui_top_axi/mem_intfc0/ddr_phy_top0/u_ddr_mc_phy_wrapper/u_ddr_mc_phy/ddr_phy_4lanes_0.u_ddr_phy_4lanes/ddr_byte_lane_A.ddr_byte_lane_A/ddr_byte_group_io/output_[4].oserdes_dq_.ddr.oserdes_dq_i/D3
                                                              4.015         
i_platform/i_system_ddr/u_xilinx_ddr3_ctrl_axi32/u_xilinx_ddr3_ctrl_axi32_mig/u_memc_ui_top_axi/mem_intfc0/ddr_phy_top0/u_ddr_mc_phy_wrapper/u_ddr_mc_phy/ddr_phy_4lanes_0.u_ddr_phy_4lanes/ddr_byte_lane_A.ddr_byte_lane_A/out_fifo/RDCLK
                               i_platform/i_system_ddr/u_xilinx_ddr3_ctrl_axi32/u_xilinx_ddr3_ctrl_axi32_mig/u_memc_ui_top_axi/mem_intfc0/ddr_phy_top0/u_ddr_mc_phy_wrapper/u_ddr_mc_phy/ddr_phy_4lanes_0.u_ddr_phy_4lanes/ddr_byte_lane_A.ddr_byte_lane_A/ddr_byte_group_io/output_[5].oserdes_dq_.ddr.oserdes_dq_i/D3
                                                              4.015         
i_platform/i_system_ddr/u_xilinx_ddr3_ctrl_axi32/u_xilinx_ddr3_ctrl_axi32_mig/u_memc_ui_top_axi/mem_intfc0/ddr_phy_top0/u_ddr_mc_phy_wrapper/u_ddr_mc_phy/ddr_phy_4lanes_0.u_ddr_phy_4lanes/ddr_byte_lane_A.ddr_byte_lane_A/out_fifo/RDCLK
                               i_platform/i_system_ddr/u_xilinx_ddr3_ctrl_axi32/u_xilinx_ddr3_ctrl_axi32_mig/u_memc_ui_top_axi/mem_intfc0/ddr_phy_top0/u_ddr_mc_phy_wrapper/u_ddr_mc_phy/ddr_phy_4lanes_0.u_ddr_phy_4lanes/ddr_byte_lane_A.ddr_byte_lane_A/ddr_byte_group_io/output_[7].oserdes_dq_.ddr.oserdes_dq_i/D2
                                                              4.015         
i_platform/i_system_ddr/u_xilinx_ddr3_ctrl_axi32/u_xilinx_ddr3_ctrl_axi32_mig/u_memc_ui_top_axi/mem_intfc0/ddr_phy_top0/u_ddr_mc_phy_wrapper/u_ddr_mc_phy/ddr_phy_4lanes_0.u_ddr_phy_4lanes/ddr_byte_lane_A.ddr_byte_lane_A/out_fifo/RDCLK
                               i_platform/i_system_ddr/u_xilinx_ddr3_ctrl_axi32/u_xilinx_ddr3_ctrl_axi32_mig/u_memc_ui_top_axi/mem_intfc0/ddr_phy_top0/u_ddr_mc_phy_wrapper/u_ddr_mc_phy/ddr_phy_4lanes_0.u_ddr_phy_4lanes/ddr_byte_lane_A.ddr_byte_lane_A/ddr_byte_group_io/output_[7].oserdes_dq_.ddr.oserdes_dq_i/D4
                                                              4.015         
i_platform/i_system_ddr/u_xilinx_ddr3_ctrl_axi32/u_xilinx_ddr3_ctrl_axi32_mig/u_memc_ui_top_axi/mem_intfc0/ddr_phy_top0/u_ddr_mc_phy_wrapper/u_ddr_mc_phy/ddr_phy_4lanes_0.u_ddr_phy_4lanes/ddr_byte_lane_A.ddr_byte_lane_A/out_fifo/RDCLK
                               i_platform/i_system_ddr/u_xilinx_ddr3_ctrl_axi32/u_xilinx_ddr3_ctrl_axi32_mig/u_memc_ui_top_axi/mem_intfc0/ddr_phy_top0/u_ddr_mc_phy_wrapper/u_ddr_mc_phy/ddr_phy_4lanes_0.u_ddr_phy_4lanes/ddr_byte_lane_A.ddr_byte_lane_A/ddr_byte_group_io/output_[9].oserdes_dq_.ddr.oserdes_dq_i/D2
                                                              4.015         
i_platform/i_system_ddr/u_xilinx_ddr3_ctrl_axi32/u_xilinx_ddr3_ctrl_axi32_mig/u_memc_ui_top_axi/mem_intfc0/ddr_phy_top0/u_ddr_mc_phy_wrapper/u_ddr_mc_phy/ddr_phy_4lanes_0.u_ddr_phy_4lanes/ddr_byte_lane_A.ddr_byte_lane_A/out_fifo/RDCLK
                               i_platform/i_system_ddr/u_xilinx_ddr3_ctrl_axi32/u_xilinx_ddr3_ctrl_axi32_mig/u_memc_ui_top_axi/mem_intfc0/ddr_phy_top0/u_ddr_mc_phy_wrapper/u_ddr_mc_phy/ddr_phy_4lanes_0.u_ddr_phy_4lanes/ddr_byte_lane_A.ddr_byte_lane_A/ddr_byte_group_io/output_[9].oserdes_dq_.ddr.oserdes_dq_i/D4
                                                              4.015         
i_platform/i_system_ddr/u_xilinx_ddr3_ctrl_axi32/u_xilinx_ddr3_ctrl_axi32_mig/u_memc_ui_top_axi/mem_intfc0/ddr_phy_top0/u_ddr_mc_phy_wrapper/u_ddr_mc_phy/ddr_phy_4lanes_0.u_ddr_phy_4lanes/ddr_byte_lane_A.ddr_byte_lane_A/out_fifo/RDCLK
                               i_platform/i_system_ddr/u_xilinx_ddr3_ctrl_axi32/u_xilinx_ddr3_ctrl_axi32_mig/u_memc_ui_top_axi/mem_intfc0/ddr_phy_top0/u_ddr_mc_phy_wrapper/u_ddr_mc_phy/ddr_phy_4lanes_0.u_ddr_phy_4lanes/ddr_byte_lane_A.ddr_byte_lane_A/ddr_byte_group_io/output_[0].oserdes_dq_.ddr.oserdes_dq_i/D3
                                                              4.016         
i_platform/i_system_ddr/u_xilinx_ddr3_ctrl_axi32/u_xilinx_ddr3_ctrl_axi32_mig/u_memc_ui_top_axi/mem_intfc0/ddr_phy_top0/u_ddr_mc_phy_wrapper/u_ddr_mc_phy/ddr_phy_4lanes_0.u_ddr_phy_4lanes/ddr_byte_lane_A.ddr_byte_lane_A/out_fifo/RDCLK
                               i_platform/i_system_ddr/u_xilinx_ddr3_ctrl_axi32/u_xilinx_ddr3_ctrl_axi32_mig/u_memc_ui_top_axi/mem_intfc0/ddr_phy_top0/u_ddr_mc_phy_wrapper/u_ddr_mc_phy/ddr_phy_4lanes_0.u_ddr_phy_4lanes/ddr_byte_lane_A.ddr_byte_lane_A/ddr_byte_group_io/output_[1].oserdes_dq_.ddr.oserdes_dq_i/D3
                                                              4.016         
i_platform/i_system_ddr/u_xilinx_ddr3_ctrl_axi32/u_xilinx_ddr3_ctrl_axi32_mig/u_memc_ui_top_axi/mem_intfc0/ddr_phy_top0/u_ddr_mc_phy_wrapper/u_ddr_mc_phy/ddr_phy_4lanes_0.u_ddr_phy_4lanes/ddr_byte_lane_A.ddr_byte_lane_A/out_fifo/RDCLK
                               i_platform/i_system_ddr/u_xilinx_ddr3_ctrl_axi32/u_xilinx_ddr3_ctrl_axi32_mig/u_memc_ui_top_axi/mem_intfc0/ddr_phy_top0/u_ddr_mc_phy_wrapper/u_ddr_mc_phy/ddr_phy_4lanes_0.u_ddr_phy_4lanes/ddr_byte_lane_A.ddr_byte_lane_A/ddr_byte_group_io/output_[2].oserdes_dq_.ddr.oserdes_dq_i/D3
                                                              4.016         
i_platform/i_system_ddr/u_xilinx_ddr3_ctrl_axi32/u_xilinx_ddr3_ctrl_axi32_mig/u_memc_ui_top_axi/mem_intfc0/ddr_phy_top0/u_ddr_mc_phy_wrapper/u_ddr_mc_phy/ddr_phy_4lanes_0.u_ddr_phy_4lanes/ddr_byte_lane_A.ddr_byte_lane_A/out_fifo/RDCLK
                               i_platform/i_system_ddr/u_xilinx_ddr3_ctrl_axi32/u_xilinx_ddr3_ctrl_axi32_mig/u_memc_ui_top_axi/mem_intfc0/ddr_phy_top0/u_ddr_mc_phy_wrapper/u_ddr_mc_phy/ddr_phy_4lanes_0.u_ddr_phy_4lanes/ddr_byte_lane_A.ddr_byte_lane_A/ddr_byte_group_io/output_[3].oserdes_dq_.ddr.oserdes_dq_i/D3
                                                              4.016         
i_platform/i_system_ddr/u_xilinx_ddr3_ctrl_axi32/u_xilinx_ddr3_ctrl_axi32_mig/u_memc_ui_top_axi/mem_intfc0/ddr_phy_top0/u_ddr_mc_phy_wrapper/u_ddr_mc_phy/ddr_phy_4lanes_0.u_ddr_phy_4lanes/ddr_byte_lane_A.ddr_byte_lane_A/out_fifo/RDCLK
                               i_platform/i_system_ddr/u_xilinx_ddr3_ctrl_axi32/u_xilinx_ddr3_ctrl_axi32_mig/u_memc_ui_top_axi/mem_intfc0/ddr_phy_top0/u_ddr_mc_phy_wrapper/u_ddr_mc_phy/ddr_phy_4lanes_0.u_ddr_phy_4lanes/ddr_byte_lane_A.ddr_byte_lane_A/ddr_byte_group_io/output_[7].oserdes_dq_.ddr.oserdes_dq_i/D3
                                                              4.016         
i_platform/i_system_ddr/u_xilinx_ddr3_ctrl_axi32/u_xilinx_ddr3_ctrl_axi32_mig/u_memc_ui_top_axi/mem_intfc0/ddr_phy_top0/u_ddr_mc_phy_wrapper/u_ddr_mc_phy/ddr_phy_4lanes_0.u_ddr_phy_4lanes/ddr_byte_lane_A.ddr_byte_lane_A/out_fifo/RDCLK
                               i_platform/i_system_ddr/u_xilinx_ddr3_ctrl_axi32/u_xilinx_ddr3_ctrl_axi32_mig/u_memc_ui_top_axi/mem_intfc0/ddr_phy_top0/u_ddr_mc_phy_wrapper/u_ddr_mc_phy/ddr_phy_4lanes_0.u_ddr_phy_4lanes/ddr_byte_lane_A.ddr_byte_lane_A/ddr_byte_group_io/output_[9].oserdes_dq_.ddr.oserdes_dq_i/D3
                                                              4.016         
i_platform/i_system_ddr/u_xilinx_ddr3_ctrl_axi32/u_xilinx_ddr3_ctrl_axi32_mig/u_memc_ui_top_axi/mem_intfc0/ddr_phy_top0/u_ddr_mc_phy_wrapper/u_ddr_mc_phy/ddr_phy_4lanes_0.u_ddr_phy_4lanes/ddr_byte_lane_D.ddr_byte_lane_D/out_fifo/RDCLK
                               i_platform/i_system_ddr/u_xilinx_ddr3_ctrl_axi32/u_xilinx_ddr3_ctrl_axi32_mig/u_memc_ui_top_axi/mem_intfc0/ddr_phy_top0/u_ddr_mc_phy_wrapper/u_ddr_mc_phy/ddr_phy_4lanes_0.u_ddr_phy_4lanes/ddr_byte_lane_D.ddr_byte_lane_D/ddr_byte_group_io/output_[6].oserdes_dq_.ddr.oserdes_dq_i/D1
                                                              4.018         
i_platform/i_system_ddr/u_xilinx_ddr3_ctrl_axi32/u_xilinx_ddr3_ctrl_axi32_mig/u_memc_ui_top_axi/mem_intfc0/ddr_phy_top0/u_ddr_mc_phy_wrapper/u_ddr_mc_phy/ddr_phy_4lanes_0.u_ddr_phy_4lanes/ddr_byte_lane_D.ddr_byte_lane_D/out_fifo/RDCLK
                               i_platform/i_system_ddr/u_xilinx_ddr3_ctrl_axi32/u_xilinx_ddr3_ctrl_axi32_mig/u_memc_ui_top_axi/mem_intfc0/ddr_phy_top0/u_ddr_mc_phy_wrapper/u_ddr_mc_phy/ddr_phy_4lanes_0.u_ddr_phy_4lanes/ddr_byte_lane_D.ddr_byte_lane_D/ddr_byte_group_io/output_[4].oserdes_dq_.ddr.oserdes_dq_i/D1
                                                              4.019         
i_platform/i_system_ddr/u_xilinx_ddr3_ctrl_axi32/u_xilinx_ddr3_ctrl_axi32_mig/u_memc_ui_top_axi/mem_intfc0/ddr_phy_top0/u_ddr_mc_phy_wrapper/u_ddr_mc_phy/ddr_phy_4lanes_0.u_ddr_phy_4lanes/ddr_byte_lane_D.ddr_byte_lane_D/out_fifo/RDCLK
                               i_platform/i_system_ddr/u_xilinx_ddr3_ctrl_axi32/u_xilinx_ddr3_ctrl_axi32_mig/u_memc_ui_top_axi/mem_intfc0/ddr_phy_top0/u_ddr_mc_phy_wrapper/u_ddr_mc_phy/ddr_phy_4lanes_0.u_ddr_phy_4lanes/ddr_byte_lane_D.ddr_byte_lane_D/ddr_byte_group_io/output_[5].oserdes_dq_.ddr.oserdes_dq_i/D1
                                                              4.019         
i_platform/i_system_ddr/u_xilinx_ddr3_ctrl_axi32/u_xilinx_ddr3_ctrl_axi32_mig/u_memc_ui_top_axi/mem_intfc0/ddr_phy_top0/u_ddr_mc_phy_wrapper/u_ddr_mc_phy/ddr_phy_4lanes_0.u_ddr_phy_4lanes/ddr_byte_lane_D.ddr_byte_lane_D/out_fifo/RDCLK
                               i_platform/i_system_ddr/u_xilinx_ddr3_ctrl_axi32/u_xilinx_ddr3_ctrl_axi32_mig/u_memc_ui_top_axi/mem_intfc0/ddr_phy_top0/u_ddr_mc_phy_wrapper/u_ddr_mc_phy/ddr_phy_4lanes_0.u_ddr_phy_4lanes/ddr_byte_lane_D.ddr_byte_lane_D/ddr_byte_group_io/output_[1].oserdes_dq_.ddr.oserdes_dq_i/D1
                                                              4.020         
i_platform/i_system_ddr/u_xilinx_ddr3_ctrl_axi32/u_xilinx_ddr3_ctrl_axi32_mig/u_memc_ui_top_axi/mem_intfc0/ddr_phy_top0/u_ddr_mc_phy_wrapper/u_ddr_mc_phy/ddr_phy_4lanes_0.u_ddr_phy_4lanes/ddr_byte_lane_D.ddr_byte_lane_D/out_fifo/RDCLK
                               i_platform/i_system_ddr/u_xilinx_ddr3_ctrl_axi32/u_xilinx_ddr3_ctrl_axi32_mig/u_memc_ui_top_axi/mem_intfc0/ddr_phy_top0/u_ddr_mc_phy_wrapper/u_ddr_mc_phy/ddr_phy_4lanes_0.u_ddr_phy_4lanes/ddr_byte_lane_D.ddr_byte_lane_D/ddr_byte_group_io/output_[3].oserdes_dq_.ddr.oserdes_dq_i/D1
                                                              4.020         
i_platform/i_system_ddr/u_xilinx_ddr3_ctrl_axi32/u_xilinx_ddr3_ctrl_axi32_mig/u_memc_ui_top_axi/mem_intfc0/ddr_phy_top0/u_ddr_mc_phy_wrapper/u_ddr_mc_phy/ddr_phy_4lanes_0.u_ddr_phy_4lanes/ddr_byte_lane_D.ddr_byte_lane_D/out_fifo/RDCLK
                               i_platform/i_system_ddr/u_xilinx_ddr3_ctrl_axi32/u_xilinx_ddr3_ctrl_axi32_mig/u_memc_ui_top_axi/mem_intfc0/ddr_phy_top0/u_ddr_mc_phy_wrapper/u_ddr_mc_phy/ddr_phy_4lanes_0.u_ddr_phy_4lanes/ddr_byte_lane_D.ddr_byte_lane_D/ddr_byte_group_io/output_[7].oserdes_dq_.ddr.oserdes_dq_i/D1
                                                              4.020         
i_platform/i_system_ddr/u_xilinx_ddr3_ctrl_axi32/u_xilinx_ddr3_ctrl_axi32_mig/u_memc_ui_top_axi/mem_intfc0/ddr_phy_top0/u_ddr_mc_phy_wrapper/u_ddr_mc_phy/ddr_phy_4lanes_0.u_ddr_phy_4lanes/ddr_byte_lane_D.ddr_byte_lane_D/out_fifo/RDCLK
                               i_platform/i_system_ddr/u_xilinx_ddr3_ctrl_axi32/u_xilinx_ddr3_ctrl_axi32_mig/u_memc_ui_top_axi/mem_intfc0/ddr_phy_top0/u_ddr_mc_phy_wrapper/u_ddr_mc_phy/ddr_phy_4lanes_0.u_ddr_phy_4lanes/ddr_byte_lane_D.ddr_byte_lane_D/ddr_byte_group_io/output_[8].oserdes_dq_.ddr.oserdes_dq_i/D1
                                                              4.020         
i_platform/i_system_ddr/u_xilinx_ddr3_ctrl_axi32/u_xilinx_ddr3_ctrl_axi32_mig/u_memc_ui_top_axi/mem_intfc0/ddr_phy_top0/u_ddr_mc_phy_wrapper/u_ddr_mc_phy/ddr_phy_4lanes_0.u_ddr_phy_4lanes/ddr_byte_lane_D.ddr_byte_lane_D/out_fifo/RDCLK
                               i_platform/i_system_ddr/u_xilinx_ddr3_ctrl_axi32/u_xilinx_ddr3_ctrl_axi32_mig/u_memc_ui_top_axi/mem_intfc0/ddr_phy_top0/u_ddr_mc_phy_wrapper/u_ddr_mc_phy/ddr_phy_4lanes_0.u_ddr_phy_4lanes/ddr_byte_lane_D.ddr_byte_lane_D/ddr_byte_group_io/output_[6].oserdes_dq_.ddr.oserdes_dq_i/D2
                                                              4.021         
i_platform/i_system_ddr/u_xilinx_ddr3_ctrl_axi32/u_xilinx_ddr3_ctrl_axi32_mig/u_memc_ui_top_axi/mem_intfc0/ddr_phy_top0/u_ddr_mc_phy_wrapper/u_ddr_mc_phy/ddr_phy_4lanes_0.u_ddr_phy_4lanes/ddr_byte_lane_D.ddr_byte_lane_D/out_fifo/RDCLK
                               i_platform/i_system_ddr/u_xilinx_ddr3_ctrl_axi32/u_xilinx_ddr3_ctrl_axi32_mig/u_memc_ui_top_axi/mem_intfc0/ddr_phy_top0/u_ddr_mc_phy_wrapper/u_ddr_mc_phy/ddr_phy_4lanes_0.u_ddr_phy_4lanes/ddr_byte_lane_D.ddr_byte_lane_D/ddr_byte_group_io/output_[6].oserdes_dq_.ddr.oserdes_dq_i/D4
                                                              4.021         
i_platform/i_system_ddr/u_xilinx_ddr3_ctrl_axi32/u_xilinx_ddr3_ctrl_axi32_mig/u_memc_ui_top_axi/mem_intfc0/ddr_phy_top0/u_ddr_mc_phy_wrapper/u_ddr_mc_phy/ddr_phy_4lanes_0.u_ddr_phy_4lanes/ddr_byte_lane_D.ddr_byte_lane_D/out_fifo/RDCLK
                               i_platform/i_system_ddr/u_xilinx_ddr3_ctrl_axi32/u_xilinx_ddr3_ctrl_axi32_mig/u_memc_ui_top_axi/mem_intfc0/ddr_phy_top0/u_ddr_mc_phy_wrapper/u_ddr_mc_phy/ddr_phy_4lanes_0.u_ddr_phy_4lanes/ddr_byte_lane_D.ddr_byte_lane_D/ddr_byte_group_io/output_[4].oserdes_dq_.ddr.oserdes_dq_i/D2
                                                              4.022         
i_platform/i_system_ddr/u_xilinx_ddr3_ctrl_axi32/u_xilinx_ddr3_ctrl_axi32_mig/u_memc_ui_top_axi/mem_intfc0/ddr_phy_top0/u_ddr_mc_phy_wrapper/u_ddr_mc_phy/ddr_phy_4lanes_0.u_ddr_phy_4lanes/ddr_byte_lane_D.ddr_byte_lane_D/out_fifo/RDCLK
                               i_platform/i_system_ddr/u_xilinx_ddr3_ctrl_axi32/u_xilinx_ddr3_ctrl_axi32_mig/u_memc_ui_top_axi/mem_intfc0/ddr_phy_top0/u_ddr_mc_phy_wrapper/u_ddr_mc_phy/ddr_phy_4lanes_0.u_ddr_phy_4lanes/ddr_byte_lane_D.ddr_byte_lane_D/ddr_byte_group_io/output_[4].oserdes_dq_.ddr.oserdes_dq_i/D4
                                                              4.022         
i_platform/i_system_ddr/u_xilinx_ddr3_ctrl_axi32/u_xilinx_ddr3_ctrl_axi32_mig/u_memc_ui_top_axi/mem_intfc0/ddr_phy_top0/u_ddr_mc_phy_wrapper/u_ddr_mc_phy/ddr_phy_4lanes_0.u_ddr_phy_4lanes/ddr_byte_lane_D.ddr_byte_lane_D/out_fifo/RDCLK
                               i_platform/i_system_ddr/u_xilinx_ddr3_ctrl_axi32/u_xilinx_ddr3_ctrl_axi32_mig/u_memc_ui_top_axi/mem_intfc0/ddr_phy_top0/u_ddr_mc_phy_wrapper/u_ddr_mc_phy/ddr_phy_4lanes_0.u_ddr_phy_4lanes/ddr_byte_lane_D.ddr_byte_lane_D/ddr_byte_group_io/output_[5].oserdes_dq_.ddr.oserdes_dq_i/D2
                                                              4.022         
i_platform/i_system_ddr/u_xilinx_ddr3_ctrl_axi32/u_xilinx_ddr3_ctrl_axi32_mig/u_memc_ui_top_axi/mem_intfc0/ddr_phy_top0/u_ddr_mc_phy_wrapper/u_ddr_mc_phy/ddr_phy_4lanes_0.u_ddr_phy_4lanes/ddr_byte_lane_D.ddr_byte_lane_D/out_fifo/RDCLK
                               i_platform/i_system_ddr/u_xilinx_ddr3_ctrl_axi32/u_xilinx_ddr3_ctrl_axi32_mig/u_memc_ui_top_axi/mem_intfc0/ddr_phy_top0/u_ddr_mc_phy_wrapper/u_ddr_mc_phy/ddr_phy_4lanes_0.u_ddr_phy_4lanes/ddr_byte_lane_D.ddr_byte_lane_D/ddr_byte_group_io/output_[5].oserdes_dq_.ddr.oserdes_dq_i/D4
                                                              4.022         
i_platform/i_system_ddr/u_xilinx_ddr3_ctrl_axi32/u_xilinx_ddr3_ctrl_axi32_mig/u_memc_ui_top_axi/mem_intfc0/ddr_phy_top0/u_ddr_mc_phy_wrapper/u_ddr_mc_phy/ddr_phy_4lanes_0.u_ddr_phy_4lanes/ddr_byte_lane_D.ddr_byte_lane_D/out_fifo/RDCLK
                               i_platform/i_system_ddr/u_xilinx_ddr3_ctrl_axi32/u_xilinx_ddr3_ctrl_axi32_mig/u_memc_ui_top_axi/mem_intfc0/ddr_phy_top0/u_ddr_mc_phy_wrapper/u_ddr_mc_phy/ddr_phy_4lanes_0.u_ddr_phy_4lanes/ddr_byte_lane_D.ddr_byte_lane_D/ddr_byte_group_io/output_[6].oserdes_dq_.ddr.oserdes_dq_i/D3
                                                              4.022         
i_platform/i_system_ddr/u_xilinx_ddr3_ctrl_axi32/u_xilinx_ddr3_ctrl_axi32_mig/u_memc_ui_top_axi/mem_intfc0/ddr_phy_top0/u_ddr_mc_phy_wrapper/u_ddr_mc_phy/ddr_phy_4lanes_0.u_ddr_phy_4lanes/ddr_byte_lane_D.ddr_byte_lane_D/out_fifo/RDCLK
                               i_platform/i_system_ddr/u_xilinx_ddr3_ctrl_axi32/u_xilinx_ddr3_ctrl_axi32_mig/u_memc_ui_top_axi/mem_intfc0/ddr_phy_top0/u_ddr_mc_phy_wrapper/u_ddr_mc_phy/ddr_phy_4lanes_0.u_ddr_phy_4lanes/ddr_byte_lane_D.ddr_byte_lane_D/ddr_byte_group_io/output_[1].oserdes_dq_.ddr.oserdes_dq_i/D2
                                                              4.023         
i_platform/i_system_ddr/u_xilinx_ddr3_ctrl_axi32/u_xilinx_ddr3_ctrl_axi32_mig/u_memc_ui_top_axi/mem_intfc0/ddr_phy_top0/u_ddr_mc_phy_wrapper/u_ddr_mc_phy/ddr_phy_4lanes_0.u_ddr_phy_4lanes/ddr_byte_lane_D.ddr_byte_lane_D/out_fifo/RDCLK
                               i_platform/i_system_ddr/u_xilinx_ddr3_ctrl_axi32/u_xilinx_ddr3_ctrl_axi32_mig/u_memc_ui_top_axi/mem_intfc0/ddr_phy_top0/u_ddr_mc_phy_wrapper/u_ddr_mc_phy/ddr_phy_4lanes_0.u_ddr_phy_4lanes/ddr_byte_lane_D.ddr_byte_lane_D/ddr_byte_group_io/output_[1].oserdes_dq_.ddr.oserdes_dq_i/D4
                                                              4.023         
i_platform/i_system_ddr/u_xilinx_ddr3_ctrl_axi32/u_xilinx_ddr3_ctrl_axi32_mig/u_memc_ui_top_axi/mem_intfc0/ddr_phy_top0/u_ddr_mc_phy_wrapper/u_ddr_mc_phy/ddr_phy_4lanes_0.u_ddr_phy_4lanes/ddr_byte_lane_D.ddr_byte_lane_D/out_fifo/RDCLK
                               i_platform/i_system_ddr/u_xilinx_ddr3_ctrl_axi32/u_xilinx_ddr3_ctrl_axi32_mig/u_memc_ui_top_axi/mem_intfc0/ddr_phy_top0/u_ddr_mc_phy_wrapper/u_ddr_mc_phy/ddr_phy_4lanes_0.u_ddr_phy_4lanes/ddr_byte_lane_D.ddr_byte_lane_D/ddr_byte_group_io/output_[3].oserdes_dq_.ddr.oserdes_dq_i/D2
                                                              4.023         
i_platform/i_system_ddr/u_xilinx_ddr3_ctrl_axi32/u_xilinx_ddr3_ctrl_axi32_mig/u_memc_ui_top_axi/mem_intfc0/ddr_phy_top0/u_ddr_mc_phy_wrapper/u_ddr_mc_phy/ddr_phy_4lanes_0.u_ddr_phy_4lanes/ddr_byte_lane_D.ddr_byte_lane_D/out_fifo/RDCLK
                               i_platform/i_system_ddr/u_xilinx_ddr3_ctrl_axi32/u_xilinx_ddr3_ctrl_axi32_mig/u_memc_ui_top_axi/mem_intfc0/ddr_phy_top0/u_ddr_mc_phy_wrapper/u_ddr_mc_phy/ddr_phy_4lanes_0.u_ddr_phy_4lanes/ddr_byte_lane_D.ddr_byte_lane_D/ddr_byte_group_io/output_[3].oserdes_dq_.ddr.oserdes_dq_i/D4
                                                              4.023         
i_platform/i_system_ddr/u_xilinx_ddr3_ctrl_axi32/u_xilinx_ddr3_ctrl_axi32_mig/u_memc_ui_top_axi/mem_intfc0/ddr_phy_top0/u_ddr_mc_phy_wrapper/u_ddr_mc_phy/ddr_phy_4lanes_0.u_ddr_phy_4lanes/ddr_byte_lane_D.ddr_byte_lane_D/out_fifo/RDCLK
                               i_platform/i_system_ddr/u_xilinx_ddr3_ctrl_axi32/u_xilinx_ddr3_ctrl_axi32_mig/u_memc_ui_top_axi/mem_intfc0/ddr_phy_top0/u_ddr_mc_phy_wrapper/u_ddr_mc_phy/ddr_phy_4lanes_0.u_ddr_phy_4lanes/ddr_byte_lane_D.ddr_byte_lane_D/ddr_byte_group_io/output_[4].oserdes_dq_.ddr.oserdes_dq_i/D3
                                                              4.023         
i_platform/i_system_ddr/u_xilinx_ddr3_ctrl_axi32/u_xilinx_ddr3_ctrl_axi32_mig/u_memc_ui_top_axi/mem_intfc0/ddr_phy_top0/u_ddr_mc_phy_wrapper/u_ddr_mc_phy/ddr_phy_4lanes_0.u_ddr_phy_4lanes/ddr_byte_lane_D.ddr_byte_lane_D/out_fifo/RDCLK
                               i_platform/i_system_ddr/u_xilinx_ddr3_ctrl_axi32/u_xilinx_ddr3_ctrl_axi32_mig/u_memc_ui_top_axi/mem_intfc0/ddr_phy_top0/u_ddr_mc_phy_wrapper/u_ddr_mc_phy/ddr_phy_4lanes_0.u_ddr_phy_4lanes/ddr_byte_lane_D.ddr_byte_lane_D/ddr_byte_group_io/output_[5].oserdes_dq_.ddr.oserdes_dq_i/D3
                                                              4.023         
i_platform/i_system_ddr/u_xilinx_ddr3_ctrl_axi32/u_xilinx_ddr3_ctrl_axi32_mig/u_memc_ui_top_axi/mem_intfc0/ddr_phy_top0/u_ddr_mc_phy_wrapper/u_ddr_mc_phy/ddr_phy_4lanes_0.u_ddr_phy_4lanes/ddr_byte_lane_D.ddr_byte_lane_D/out_fifo/RDCLK
                               i_platform/i_system_ddr/u_xilinx_ddr3_ctrl_axi32/u_xilinx_ddr3_ctrl_axi32_mig/u_memc_ui_top_axi/mem_intfc0/ddr_phy_top0/u_ddr_mc_phy_wrapper/u_ddr_mc_phy/ddr_phy_4lanes_0.u_ddr_phy_4lanes/ddr_byte_lane_D.ddr_byte_lane_D/ddr_byte_group_io/output_[7].oserdes_dq_.ddr.oserdes_dq_i/D2
                                                              4.023         
i_platform/i_system_ddr/u_xilinx_ddr3_ctrl_axi32/u_xilinx_ddr3_ctrl_axi32_mig/u_memc_ui_top_axi/mem_intfc0/ddr_phy_top0/u_ddr_mc_phy_wrapper/u_ddr_mc_phy/ddr_phy_4lanes_0.u_ddr_phy_4lanes/ddr_byte_lane_D.ddr_byte_lane_D/out_fifo/RDCLK
                               i_platform/i_system_ddr/u_xilinx_ddr3_ctrl_axi32/u_xilinx_ddr3_ctrl_axi32_mig/u_memc_ui_top_axi/mem_intfc0/ddr_phy_top0/u_ddr_mc_phy_wrapper/u_ddr_mc_phy/ddr_phy_4lanes_0.u_ddr_phy_4lanes/ddr_byte_lane_D.ddr_byte_lane_D/ddr_byte_group_io/output_[7].oserdes_dq_.ddr.oserdes_dq_i/D4
                                                              4.023         
i_platform/i_system_ddr/u_xilinx_ddr3_ctrl_axi32/u_xilinx_ddr3_ctrl_axi32_mig/u_memc_ui_top_axi/mem_intfc0/ddr_phy_top0/u_ddr_mc_phy_wrapper/u_ddr_mc_phy/ddr_phy_4lanes_0.u_ddr_phy_4lanes/ddr_byte_lane_D.ddr_byte_lane_D/out_fifo/RDCLK
                               i_platform/i_system_ddr/u_xilinx_ddr3_ctrl_axi32/u_xilinx_ddr3_ctrl_axi32_mig/u_memc_ui_top_axi/mem_intfc0/ddr_phy_top0/u_ddr_mc_phy_wrapper/u_ddr_mc_phy/ddr_phy_4lanes_0.u_ddr_phy_4lanes/ddr_byte_lane_D.ddr_byte_lane_D/ddr_byte_group_io/output_[8].oserdes_dq_.ddr.oserdes_dq_i/D2
                                                              4.023         
i_platform/i_system_ddr/u_xilinx_ddr3_ctrl_axi32/u_xilinx_ddr3_ctrl_axi32_mig/u_memc_ui_top_axi/mem_intfc0/ddr_phy_top0/u_ddr_mc_phy_wrapper/u_ddr_mc_phy/ddr_phy_4lanes_0.u_ddr_phy_4lanes/ddr_byte_lane_D.ddr_byte_lane_D/out_fifo/RDCLK
                               i_platform/i_system_ddr/u_xilinx_ddr3_ctrl_axi32/u_xilinx_ddr3_ctrl_axi32_mig/u_memc_ui_top_axi/mem_intfc0/ddr_phy_top0/u_ddr_mc_phy_wrapper/u_ddr_mc_phy/ddr_phy_4lanes_0.u_ddr_phy_4lanes/ddr_byte_lane_D.ddr_byte_lane_D/ddr_byte_group_io/output_[8].oserdes_dq_.ddr.oserdes_dq_i/D4
                                                              4.023         
i_platform/i_system_ddr/u_xilinx_ddr3_ctrl_axi32/u_xilinx_ddr3_ctrl_axi32_mig/u_memc_ui_top_axi/mem_intfc0/ddr_phy_top0/u_ddr_mc_phy_wrapper/u_ddr_mc_phy/ddr_phy_4lanes_0.u_ddr_phy_4lanes/ddr_byte_lane_D.ddr_byte_lane_D/out_fifo/RDCLK
                               i_platform/i_system_ddr/u_xilinx_ddr3_ctrl_axi32/u_xilinx_ddr3_ctrl_axi32_mig/u_memc_ui_top_axi/mem_intfc0/ddr_phy_top0/u_ddr_mc_phy_wrapper/u_ddr_mc_phy/ddr_phy_4lanes_0.u_ddr_phy_4lanes/ddr_byte_lane_D.ddr_byte_lane_D/ddr_byte_group_io/output_[1].oserdes_dq_.ddr.oserdes_dq_i/D3
                                                              4.024         
i_platform/i_system_ddr/u_xilinx_ddr3_ctrl_axi32/u_xilinx_ddr3_ctrl_axi32_mig/u_memc_ui_top_axi/mem_intfc0/ddr_phy_top0/u_ddr_mc_phy_wrapper/u_ddr_mc_phy/ddr_phy_4lanes_0.u_ddr_phy_4lanes/ddr_byte_lane_D.ddr_byte_lane_D/out_fifo/RDCLK
                               i_platform/i_system_ddr/u_xilinx_ddr3_ctrl_axi32/u_xilinx_ddr3_ctrl_axi32_mig/u_memc_ui_top_axi/mem_intfc0/ddr_phy_top0/u_ddr_mc_phy_wrapper/u_ddr_mc_phy/ddr_phy_4lanes_0.u_ddr_phy_4lanes/ddr_byte_lane_D.ddr_byte_lane_D/ddr_byte_group_io/output_[3].oserdes_dq_.ddr.oserdes_dq_i/D3
                                                              4.024         
i_platform/i_system_ddr/u_xilinx_ddr3_ctrl_axi32/u_xilinx_ddr3_ctrl_axi32_mig/u_memc_ui_top_axi/mem_intfc0/ddr_phy_top0/u_ddr_mc_phy_wrapper/u_ddr_mc_phy/ddr_phy_4lanes_0.u_ddr_phy_4lanes/ddr_byte_lane_D.ddr_byte_lane_D/out_fifo/RDCLK
                               i_platform/i_system_ddr/u_xilinx_ddr3_ctrl_axi32/u_xilinx_ddr3_ctrl_axi32_mig/u_memc_ui_top_axi/mem_intfc0/ddr_phy_top0/u_ddr_mc_phy_wrapper/u_ddr_mc_phy/ddr_phy_4lanes_0.u_ddr_phy_4lanes/ddr_byte_lane_D.ddr_byte_lane_D/ddr_byte_group_io/output_[7].oserdes_dq_.ddr.oserdes_dq_i/D3
                                                              4.024         
i_platform/i_system_ddr/u_xilinx_ddr3_ctrl_axi32/u_xilinx_ddr3_ctrl_axi32_mig/u_memc_ui_top_axi/mem_intfc0/ddr_phy_top0/u_ddr_mc_phy_wrapper/u_ddr_mc_phy/ddr_phy_4lanes_0.u_ddr_phy_4lanes/ddr_byte_lane_D.ddr_byte_lane_D/out_fifo/RDCLK
                               i_platform/i_system_ddr/u_xilinx_ddr3_ctrl_axi32/u_xilinx_ddr3_ctrl_axi32_mig/u_memc_ui_top_axi/mem_intfc0/ddr_phy_top0/u_ddr_mc_phy_wrapper/u_ddr_mc_phy/ddr_phy_4lanes_0.u_ddr_phy_4lanes/ddr_byte_lane_D.ddr_byte_lane_D/ddr_byte_group_io/output_[8].oserdes_dq_.ddr.oserdes_dq_i/D3
                                                              4.024         
i_platform/i_system_ddr/u_xilinx_ddr3_ctrl_axi32/u_xilinx_ddr3_ctrl_axi32_mig/u_iodelay_ctrl/rst_ref_sync_r_reg[0][9]/C
                               i_platform/i_system_ddr/u_xilinx_ddr3_ctrl_axi32/u_xilinx_ddr3_ctrl_axi32_mig/u_iodelay_ctrl/rst_ref_sync_r_reg[0][10]/D
                                                              4.168         
i_platform/i_system_ddr/u_xilinx_ddr3_ctrl_axi32/u_xilinx_ddr3_ctrl_axi32_mig/u_iodelay_ctrl/rst_ref_sync_r_reg[0][3]/C
                               i_platform/i_system_ddr/u_xilinx_ddr3_ctrl_axi32/u_xilinx_ddr3_ctrl_axi32_mig/u_iodelay_ctrl/rst_ref_sync_r_reg[0][4]/D
                                                              4.285         
i_platform/i_system_ddr/u_xilinx_ddr3_ctrl_axi32/u_xilinx_ddr3_ctrl_axi32_mig/u_iodelay_ctrl/rst_ref_sync_r_reg[0][13]/C
                               i_platform/i_system_ddr/u_xilinx_ddr3_ctrl_axi32/u_xilinx_ddr3_ctrl_axi32_mig/u_iodelay_ctrl/rst_ref_sync_r_reg[0][14]/D
                                                              4.289         
i_platform/i_system_ddr/u_xilinx_ddr3_ctrl_axi32/u_xilinx_ddr3_ctrl_axi32_mig/u_iodelay_ctrl/rst_ref_sync_r_reg[0][8]/C
                               i_platform/i_system_ddr/u_xilinx_ddr3_ctrl_axi32/u_xilinx_ddr3_ctrl_axi32_mig/u_iodelay_ctrl/rst_ref_sync_r_reg[0][9]/D
                                                              4.310         
i_platform/i_system_ddr/u_xilinx_ddr3_ctrl_axi32/u_xilinx_ddr3_ctrl_axi32_mig/u_iodelay_ctrl/rst_ref_sync_r_reg[0][7]/C
                               i_platform/i_system_ddr/u_xilinx_ddr3_ctrl_axi32/u_xilinx_ddr3_ctrl_axi32_mig/u_iodelay_ctrl/rst_ref_sync_r_reg[0][8]/D
                                                              4.311         
i_platform/i_system_ddr/u_xilinx_ddr3_ctrl_axi32/u_xilinx_ddr3_ctrl_axi32_mig/u_iodelay_ctrl/rst_ref_sync_r_reg[0][12]/C
                               i_platform/i_system_ddr/u_xilinx_ddr3_ctrl_axi32/u_xilinx_ddr3_ctrl_axi32_mig/u_iodelay_ctrl/rst_ref_sync_r_reg[0][13]/D
                                                              4.336         
i_platform/i_system_ddr/u_xilinx_ddr3_ctrl_axi32/u_xilinx_ddr3_ctrl_axi32_mig/u_iodelay_ctrl/rst_ref_sync_r_reg[0][11]/C
                               i_platform/i_system_ddr/u_xilinx_ddr3_ctrl_axi32/u_xilinx_ddr3_ctrl_axi32_mig/u_iodelay_ctrl/rst_ref_sync_r_reg[0][12]/D
                                                              4.361         
i_platform/i_system_ddr/u_xilinx_ddr3_ctrl_axi32/u_xilinx_ddr3_ctrl_axi32_mig/u_iodelay_ctrl/rst_ref_sync_r_reg[0][1]/C
                               i_platform/i_system_ddr/u_xilinx_ddr3_ctrl_axi32/u_xilinx_ddr3_ctrl_axi32_mig/u_iodelay_ctrl/rst_ref_sync_r_reg[0][2]/D
                                                              4.365         
i_platform/i_system_ddr/u_xilinx_ddr3_ctrl_axi32/u_xilinx_ddr3_ctrl_axi32_mig/u_iodelay_ctrl/rst_ref_sync_r_reg[0][4]/C
                               i_platform/i_system_ddr/u_xilinx_ddr3_ctrl_axi32/u_xilinx_ddr3_ctrl_axi32_mig/u_iodelay_ctrl/rst_ref_sync_r_reg[0][5]/D
                                                              4.379         
i_platform/i_system_ddr/u_xilinx_ddr3_ctrl_axi32/u_xilinx_ddr3_ctrl_axi32_mig/u_iodelay_ctrl/rst_ref_sync_r_reg[0][0]/C
                               i_platform/i_system_ddr/u_xilinx_ddr3_ctrl_axi32/u_xilinx_ddr3_ctrl_axi32_mig/u_iodelay_ctrl/rst_ref_sync_r_reg[0][1]/D
                                                              4.383         
i_platform/i_system_ddr/u_xilinx_ddr3_ctrl_axi32/u_xilinx_ddr3_ctrl_axi32_mig/u_iodelay_ctrl/rst_ref_sync_r_reg[0][6]/C
                               i_platform/i_system_ddr/u_xilinx_ddr3_ctrl_axi32/u_xilinx_ddr3_ctrl_axi32_mig/u_iodelay_ctrl/rst_ref_sync_r_reg[0][7]/D
                                                              4.383         
i_platform/i_system_ddr/u_xilinx_ddr3_ctrl_axi32/u_xilinx_ddr3_ctrl_axi32_mig/u_iodelay_ctrl/rst_ref_sync_r_reg[0][2]/C
                               i_platform/i_system_ddr/u_xilinx_ddr3_ctrl_axi32/u_xilinx_ddr3_ctrl_axi32_mig/u_iodelay_ctrl/rst_ref_sync_r_reg[0][3]/D
                                                              4.412         
i_platform/i_system_ddr/u_xilinx_ddr3_ctrl_axi32/u_xilinx_ddr3_ctrl_axi32_mig/u_iodelay_ctrl/rst_ref_sync_r_reg[0][10]/C
                               i_platform/i_system_ddr/u_xilinx_ddr3_ctrl_axi32/u_xilinx_ddr3_ctrl_axi32_mig/u_iodelay_ctrl/rst_ref_sync_r_reg[0][11]/D
                                                              4.435         
i_platform/i_system_ddr/u_xilinx_ddr3_ctrl_axi32/u_xilinx_ddr3_ctrl_axi32_mig/u_iodelay_ctrl/rst_ref_sync_r_reg[0][5]/C
                               i_platform/i_system_ddr/u_xilinx_ddr3_ctrl_axi32/u_xilinx_ddr3_ctrl_axi32_mig/u_iodelay_ctrl/rst_ref_sync_r_reg[0][6]/D
                                                              4.443         
i_platform/i_system_ddr/u_xilinx_ddr3_ctrl_axi32/u_xilinx_ddr3_ctrl_axi32_mig/u_memc_ui_top_axi/mem_intfc0/ddr_phy_top0/u_ddr_mc_phy_wrapper/u_ddr_mc_phy/ddr_phy_4lanes_0.u_ddr_phy_4lanes/ddr_byte_lane_A.ddr_byte_lane_A/ddr_byte_group_io/input_[1].iserdes_dq_.iserdesdq/CLKDIVP
                               i_platform/i_system_ddr/u_xilinx_ddr3_ctrl_axi32/u_xilinx_ddr3_ctrl_axi32_mig/u_memc_ui_top_axi/mem_intfc0/ddr_phy_top0/u_ddr_mc_phy_wrapper/u_ddr_mc_phy/ddr_phy_4lanes_0.u_ddr_phy_4lanes/ddr_byte_lane_A.ddr_byte_lane_A/in_fifo_gen.in_fifo/D1[3]
                                                              8.477         
i_platform/i_system_ddr/u_xilinx_ddr3_ctrl_axi32/u_xilinx_ddr3_ctrl_axi32_mig/u_memc_ui_top_axi/mem_intfc0/ddr_phy_top0/u_ddr_mc_phy_wrapper/u_ddr_mc_phy/ddr_phy_4lanes_0.u_ddr_phy_4lanes/ddr_byte_lane_A.ddr_byte_lane_A/ddr_byte_group_io/input_[1].iserdes_dq_.iserdesdq/CLKDIVP
                               i_platform/i_system_ddr/u_xilinx_ddr3_ctrl_axi32/u_xilinx_ddr3_ctrl_axi32_mig/u_memc_ui_top_axi/mem_intfc0/ddr_phy_top0/u_ddr_mc_phy_wrapper/u_ddr_mc_phy/ddr_phy_4lanes_0.u_ddr_phy_4lanes/ddr_byte_lane_A.ddr_byte_lane_A/in_fifo_gen.in_fifo/D1[2]
                                                              8.479         
i_platform/i_system_ddr/u_xilinx_ddr3_ctrl_axi32/u_xilinx_ddr3_ctrl_axi32_mig/u_memc_ui_top_axi/mem_intfc0/ddr_phy_top0/u_ddr_mc_phy_wrapper/u_ddr_mc_phy/ddr_phy_4lanes_0.u_ddr_phy_4lanes/ddr_byte_lane_A.ddr_byte_lane_A/ddr_byte_group_io/input_[1].iserdes_dq_.iserdesdq/CLKDIVP
                               i_platform/i_system_ddr/u_xilinx_ddr3_ctrl_axi32/u_xilinx_ddr3_ctrl_axi32_mig/u_memc_ui_top_axi/mem_intfc0/ddr_phy_top0/u_ddr_mc_phy_wrapper/u_ddr_mc_phy/ddr_phy_4lanes_0.u_ddr_phy_4lanes/ddr_byte_lane_A.ddr_byte_lane_A/in_fifo_gen.in_fifo/D1[0]
                                                              8.483         
i_platform/i_system_ddr/u_xilinx_ddr3_ctrl_axi32/u_xilinx_ddr3_ctrl_axi32_mig/u_memc_ui_top_axi/mem_intfc0/ddr_phy_top0/u_ddr_mc_phy_wrapper/u_ddr_mc_phy/ddr_phy_4lanes_0.u_ddr_phy_4lanes/ddr_byte_lane_A.ddr_byte_lane_A/ddr_byte_group_io/input_[1].iserdes_dq_.iserdesdq/CLKDIVP
                               i_platform/i_system_ddr/u_xilinx_ddr3_ctrl_axi32/u_xilinx_ddr3_ctrl_axi32_mig/u_memc_ui_top_axi/mem_intfc0/ddr_phy_top0/u_ddr_mc_phy_wrapper/u_ddr_mc_phy/ddr_phy_4lanes_0.u_ddr_phy_4lanes/ddr_byte_lane_A.ddr_byte_lane_A/in_fifo_gen.in_fifo/D1[1]
                                                              8.483         
i_platform/i_system_ddr/u_xilinx_ddr3_ctrl_axi32/u_xilinx_ddr3_ctrl_axi32_mig/u_memc_ui_top_axi/mem_intfc0/ddr_phy_top0/u_ddr_mc_phy_wrapper/u_ddr_mc_phy/ddr_phy_4lanes_0.u_ddr_phy_4lanes/ddr_byte_lane_D.ddr_byte_lane_D/ddr_byte_group_io/input_[1].iserdes_dq_.iserdesdq/CLKDIVP
                               i_platform/i_system_ddr/u_xilinx_ddr3_ctrl_axi32/u_xilinx_ddr3_ctrl_axi32_mig/u_memc_ui_top_axi/mem_intfc0/ddr_phy_top0/u_ddr_mc_phy_wrapper/u_ddr_mc_phy/ddr_phy_4lanes_0.u_ddr_phy_4lanes/ddr_byte_lane_D.ddr_byte_lane_D/in_fifo_gen.in_fifo/D1[3]
                                                              8.483         
i_platform/i_system_ddr/u_xilinx_ddr3_ctrl_axi32/u_xilinx_ddr3_ctrl_axi32_mig/u_memc_ui_top_axi/mem_intfc0/ddr_phy_top0/u_ddr_mc_phy_wrapper/u_ddr_mc_phy/ddr_phy_4lanes_0.u_ddr_phy_4lanes/ddr_byte_lane_D.ddr_byte_lane_D/ddr_byte_group_io/input_[1].iserdes_dq_.iserdesdq/CLKDIVP
                               i_platform/i_system_ddr/u_xilinx_ddr3_ctrl_axi32/u_xilinx_ddr3_ctrl_axi32_mig/u_memc_ui_top_axi/mem_intfc0/ddr_phy_top0/u_ddr_mc_phy_wrapper/u_ddr_mc_phy/ddr_phy_4lanes_0.u_ddr_phy_4lanes/ddr_byte_lane_D.ddr_byte_lane_D/in_fifo_gen.in_fifo/D1[2]
                                                              8.485         
i_platform/i_system_ddr/u_xilinx_ddr3_ctrl_axi32/u_xilinx_ddr3_ctrl_axi32_mig/u_memc_ui_top_axi/mem_intfc0/ddr_phy_top0/u_ddr_mc_phy_wrapper/u_ddr_mc_phy/ddr_phy_4lanes_0.u_ddr_phy_4lanes/ddr_byte_lane_D.ddr_byte_lane_D/ddr_byte_group_io/input_[1].iserdes_dq_.iserdesdq/CLKDIVP
                               i_platform/i_system_ddr/u_xilinx_ddr3_ctrl_axi32/u_xilinx_ddr3_ctrl_axi32_mig/u_memc_ui_top_axi/mem_intfc0/ddr_phy_top0/u_ddr_mc_phy_wrapper/u_ddr_mc_phy/ddr_phy_4lanes_0.u_ddr_phy_4lanes/ddr_byte_lane_D.ddr_byte_lane_D/in_fifo_gen.in_fifo/D1[0]
                                                              8.489         
i_platform/i_system_ddr/u_xilinx_ddr3_ctrl_axi32/u_xilinx_ddr3_ctrl_axi32_mig/u_memc_ui_top_axi/mem_intfc0/ddr_phy_top0/u_ddr_mc_phy_wrapper/u_ddr_mc_phy/ddr_phy_4lanes_0.u_ddr_phy_4lanes/ddr_byte_lane_D.ddr_byte_lane_D/ddr_byte_group_io/input_[1].iserdes_dq_.iserdesdq/CLKDIVP
                               i_platform/i_system_ddr/u_xilinx_ddr3_ctrl_axi32/u_xilinx_ddr3_ctrl_axi32_mig/u_memc_ui_top_axi/mem_intfc0/ddr_phy_top0/u_ddr_mc_phy_wrapper/u_ddr_mc_phy/ddr_phy_4lanes_0.u_ddr_phy_4lanes/ddr_byte_lane_D.ddr_byte_lane_D/in_fifo_gen.in_fifo/D1[1]
                                                              8.489         
i_platform/i_system_ddr/u_xilinx_ddr3_ctrl_axi32/u_xilinx_ddr3_ctrl_axi32_mig/u_memc_ui_top_axi/mem_intfc0/ddr_phy_top0/u_ddr_mc_phy_wrapper/u_ddr_mc_phy/ddr_phy_4lanes_0.u_ddr_phy_4lanes/ddr_byte_lane_B.ddr_byte_lane_B/ddr_byte_group_io/input_[1].iserdes_dq_.iserdesdq/CLKDIVP
                               i_platform/i_system_ddr/u_xilinx_ddr3_ctrl_axi32/u_xilinx_ddr3_ctrl_axi32_mig/u_memc_ui_top_axi/mem_intfc0/ddr_phy_top0/u_ddr_mc_phy_wrapper/u_ddr_mc_phy/ddr_phy_4lanes_0.u_ddr_phy_4lanes/ddr_byte_lane_B.ddr_byte_lane_B/in_fifo_gen.in_fifo/D1[3]
                                                              8.491         
i_platform/i_system_ddr/u_xilinx_ddr3_ctrl_axi32/u_xilinx_ddr3_ctrl_axi32_mig/u_memc_ui_top_axi/mem_intfc0/ddr_phy_top0/u_ddr_mc_phy_wrapper/u_ddr_mc_phy/ddr_phy_4lanes_0.u_ddr_phy_4lanes/ddr_byte_lane_B.ddr_byte_lane_B/ddr_byte_group_io/input_[1].iserdes_dq_.iserdesdq/CLKDIVP
                               i_platform/i_system_ddr/u_xilinx_ddr3_ctrl_axi32/u_xilinx_ddr3_ctrl_axi32_mig/u_memc_ui_top_axi/mem_intfc0/ddr_phy_top0/u_ddr_mc_phy_wrapper/u_ddr_mc_phy/ddr_phy_4lanes_0.u_ddr_phy_4lanes/ddr_byte_lane_B.ddr_byte_lane_B/in_fifo_gen.in_fifo/D1[2]
                                                              8.493         
i_platform/i_system_ddr/u_xilinx_ddr3_ctrl_axi32/u_xilinx_ddr3_ctrl_axi32_mig/u_memc_ui_top_axi/mem_intfc0/ddr_phy_top0/u_ddr_mc_phy_wrapper/u_ddr_mc_phy/ddr_phy_4lanes_0.u_ddr_phy_4lanes/ddr_byte_lane_C.ddr_byte_lane_C/ddr_byte_group_io/input_[1].iserdes_dq_.iserdesdq/CLKDIVP
                               i_platform/i_system_ddr/u_xilinx_ddr3_ctrl_axi32/u_xilinx_ddr3_ctrl_axi32_mig/u_memc_ui_top_axi/mem_intfc0/ddr_phy_top0/u_ddr_mc_phy_wrapper/u_ddr_mc_phy/ddr_phy_4lanes_0.u_ddr_phy_4lanes/ddr_byte_lane_C.ddr_byte_lane_C/in_fifo_gen.in_fifo/D1[3]
                                                              8.496         
i_platform/i_system_ddr/u_xilinx_ddr3_ctrl_axi32/u_xilinx_ddr3_ctrl_axi32_mig/u_memc_ui_top_axi/mem_intfc0/ddr_phy_top0/u_ddr_mc_phy_wrapper/u_ddr_mc_phy/ddr_phy_4lanes_0.u_ddr_phy_4lanes/ddr_byte_lane_A.ddr_byte_lane_A/ddr_byte_group_io/input_[0].iserdes_dq_.iserdesdq/CLKDIVP
                               i_platform/i_system_ddr/u_xilinx_ddr3_ctrl_axi32/u_xilinx_ddr3_ctrl_axi32_mig/u_memc_ui_top_axi/mem_intfc0/ddr_phy_top0/u_ddr_mc_phy_wrapper/u_ddr_mc_phy/ddr_phy_4lanes_0.u_ddr_phy_4lanes/ddr_byte_lane_A.ddr_byte_lane_A/in_fifo_gen.in_fifo/D0[3]
                                                              8.496         
i_platform/i_system_ddr/u_xilinx_ddr3_ctrl_axi32/u_xilinx_ddr3_ctrl_axi32_mig/u_memc_ui_top_axi/mem_intfc0/ddr_phy_top0/u_ddr_mc_phy_wrapper/u_ddr_mc_phy/ddr_phy_4lanes_0.u_ddr_phy_4lanes/ddr_byte_lane_B.ddr_byte_lane_B/ddr_byte_group_io/input_[1].iserdes_dq_.iserdesdq/CLKDIVP
                               i_platform/i_system_ddr/u_xilinx_ddr3_ctrl_axi32/u_xilinx_ddr3_ctrl_axi32_mig/u_memc_ui_top_axi/mem_intfc0/ddr_phy_top0/u_ddr_mc_phy_wrapper/u_ddr_mc_phy/ddr_phy_4lanes_0.u_ddr_phy_4lanes/ddr_byte_lane_B.ddr_byte_lane_B/in_fifo_gen.in_fifo/D1[0]
                                                              8.497         
i_platform/i_system_ddr/u_xilinx_ddr3_ctrl_axi32/u_xilinx_ddr3_ctrl_axi32_mig/u_memc_ui_top_axi/mem_intfc0/ddr_phy_top0/u_ddr_mc_phy_wrapper/u_ddr_mc_phy/ddr_phy_4lanes_0.u_ddr_phy_4lanes/ddr_byte_lane_B.ddr_byte_lane_B/ddr_byte_group_io/input_[1].iserdes_dq_.iserdesdq/CLKDIVP
                               i_platform/i_system_ddr/u_xilinx_ddr3_ctrl_axi32/u_xilinx_ddr3_ctrl_axi32_mig/u_memc_ui_top_axi/mem_intfc0/ddr_phy_top0/u_ddr_mc_phy_wrapper/u_ddr_mc_phy/ddr_phy_4lanes_0.u_ddr_phy_4lanes/ddr_byte_lane_B.ddr_byte_lane_B/in_fifo_gen.in_fifo/D1[1]
                                                              8.497         
i_platform/i_system_ddr/u_xilinx_ddr3_ctrl_axi32/u_xilinx_ddr3_ctrl_axi32_mig/u_memc_ui_top_axi/mem_intfc0/ddr_phy_top0/u_ddr_mc_phy_wrapper/u_ddr_mc_phy/ddr_phy_4lanes_0.u_ddr_phy_4lanes/ddr_byte_lane_C.ddr_byte_lane_C/ddr_byte_group_io/input_[1].iserdes_dq_.iserdesdq/CLKDIVP
                               i_platform/i_system_ddr/u_xilinx_ddr3_ctrl_axi32/u_xilinx_ddr3_ctrl_axi32_mig/u_memc_ui_top_axi/mem_intfc0/ddr_phy_top0/u_ddr_mc_phy_wrapper/u_ddr_mc_phy/ddr_phy_4lanes_0.u_ddr_phy_4lanes/ddr_byte_lane_C.ddr_byte_lane_C/in_fifo_gen.in_fifo/D1[2]
                                                              8.498         
i_platform/i_system_ddr/u_xilinx_ddr3_ctrl_axi32/u_xilinx_ddr3_ctrl_axi32_mig/u_memc_ui_top_axi/mem_intfc0/ddr_phy_top0/u_ddr_mc_phy_wrapper/u_ddr_mc_phy/ddr_phy_4lanes_0.u_ddr_phy_4lanes/ddr_byte_lane_A.ddr_byte_lane_A/ddr_byte_group_io/input_[0].iserdes_dq_.iserdesdq/CLKDIVP
                               i_platform/i_system_ddr/u_xilinx_ddr3_ctrl_axi32/u_xilinx_ddr3_ctrl_axi32_mig/u_memc_ui_top_axi/mem_intfc0/ddr_phy_top0/u_ddr_mc_phy_wrapper/u_ddr_mc_phy/ddr_phy_4lanes_0.u_ddr_phy_4lanes/ddr_byte_lane_A.ddr_byte_lane_A/in_fifo_gen.in_fifo/D0[2]
                                                              8.498         
i_platform/i_system_ddr/u_xilinx_ddr3_ctrl_axi32/u_xilinx_ddr3_ctrl_axi32_mig/u_memc_ui_top_axi/mem_intfc0/ddr_phy_top0/u_ddr_mc_phy_wrapper/u_ddr_mc_phy/ddr_phy_4lanes_0.u_ddr_phy_4lanes/ddr_byte_lane_C.ddr_byte_lane_C/ddr_byte_group_io/input_[1].iserdes_dq_.iserdesdq/CLKDIVP
                               i_platform/i_system_ddr/u_xilinx_ddr3_ctrl_axi32/u_xilinx_ddr3_ctrl_axi32_mig/u_memc_ui_top_axi/mem_intfc0/ddr_phy_top0/u_ddr_mc_phy_wrapper/u_ddr_mc_phy/ddr_phy_4lanes_0.u_ddr_phy_4lanes/ddr_byte_lane_C.ddr_byte_lane_C/in_fifo_gen.in_fifo/D1[0]
                                                              8.502         
i_platform/i_system_ddr/u_xilinx_ddr3_ctrl_axi32/u_xilinx_ddr3_ctrl_axi32_mig/u_memc_ui_top_axi/mem_intfc0/ddr_phy_top0/u_ddr_mc_phy_wrapper/u_ddr_mc_phy/ddr_phy_4lanes_0.u_ddr_phy_4lanes/ddr_byte_lane_C.ddr_byte_lane_C/ddr_byte_group_io/input_[1].iserdes_dq_.iserdesdq/CLKDIVP
                               i_platform/i_system_ddr/u_xilinx_ddr3_ctrl_axi32/u_xilinx_ddr3_ctrl_axi32_mig/u_memc_ui_top_axi/mem_intfc0/ddr_phy_top0/u_ddr_mc_phy_wrapper/u_ddr_mc_phy/ddr_phy_4lanes_0.u_ddr_phy_4lanes/ddr_byte_lane_C.ddr_byte_lane_C/in_fifo_gen.in_fifo/D1[1]
                                                              8.502         
i_platform/i_system_ddr/u_xilinx_ddr3_ctrl_axi32/u_xilinx_ddr3_ctrl_axi32_mig/u_memc_ui_top_axi/mem_intfc0/ddr_phy_top0/u_ddr_mc_phy_wrapper/u_ddr_mc_phy/ddr_phy_4lanes_0.u_ddr_phy_4lanes/ddr_byte_lane_A.ddr_byte_lane_A/ddr_byte_group_io/input_[0].iserdes_dq_.iserdesdq/CLKDIVP
                               i_platform/i_system_ddr/u_xilinx_ddr3_ctrl_axi32/u_xilinx_ddr3_ctrl_axi32_mig/u_memc_ui_top_axi/mem_intfc0/ddr_phy_top0/u_ddr_mc_phy_wrapper/u_ddr_mc_phy/ddr_phy_4lanes_0.u_ddr_phy_4lanes/ddr_byte_lane_A.ddr_byte_lane_A/in_fifo_gen.in_fifo/D0[0]
                                                              8.502         
i_platform/i_system_ddr/u_xilinx_ddr3_ctrl_axi32/u_xilinx_ddr3_ctrl_axi32_mig/u_memc_ui_top_axi/mem_intfc0/ddr_phy_top0/u_ddr_mc_phy_wrapper/u_ddr_mc_phy/ddr_phy_4lanes_0.u_ddr_phy_4lanes/ddr_byte_lane_A.ddr_byte_lane_A/ddr_byte_group_io/input_[0].iserdes_dq_.iserdesdq/CLKDIVP
                               i_platform/i_system_ddr/u_xilinx_ddr3_ctrl_axi32/u_xilinx_ddr3_ctrl_axi32_mig/u_memc_ui_top_axi/mem_intfc0/ddr_phy_top0/u_ddr_mc_phy_wrapper/u_ddr_mc_phy/ddr_phy_4lanes_0.u_ddr_phy_4lanes/ddr_byte_lane_A.ddr_byte_lane_A/in_fifo_gen.in_fifo/D0[1]
                                                              8.502         
i_platform/i_system_ddr/u_xilinx_ddr3_ctrl_axi32/u_xilinx_ddr3_ctrl_axi32_mig/u_memc_ui_top_axi/mem_intfc0/ddr_phy_top0/u_ddr_mc_phy_wrapper/u_ddr_mc_phy/ddr_phy_4lanes_0.u_ddr_phy_4lanes/ddr_byte_lane_A.ddr_byte_lane_A/ddr_byte_group_io/input_[2].iserdes_dq_.iserdesdq/CLKDIVP
                               i_platform/i_system_ddr/u_xilinx_ddr3_ctrl_axi32/u_xilinx_ddr3_ctrl_axi32_mig/u_memc_ui_top_axi/mem_intfc0/ddr_phy_top0/u_ddr_mc_phy_wrapper/u_ddr_mc_phy/ddr_phy_4lanes_0.u_ddr_phy_4lanes/ddr_byte_lane_A.ddr_byte_lane_A/in_fifo_gen.in_fifo/D2[2]
                                                              8.505         
i_platform/i_system_ddr/u_xilinx_ddr3_ctrl_axi32/u_xilinx_ddr3_ctrl_axi32_mig/u_memc_ui_top_axi/mem_intfc0/ddr_phy_top0/u_ddr_mc_phy_wrapper/u_ddr_mc_phy/ddr_phy_4lanes_0.u_ddr_phy_4lanes/ddr_byte_lane_D.ddr_byte_lane_D/ddr_byte_group_io/input_[3].iserdes_dq_.iserdesdq/CLKDIVP
                               i_platform/i_system_ddr/u_xilinx_ddr3_ctrl_axi32/u_xilinx_ddr3_ctrl_axi32_mig/u_memc_ui_top_axi/mem_intfc0/ddr_phy_top0/u_ddr_mc_phy_wrapper/u_ddr_mc_phy/ddr_phy_4lanes_0.u_ddr_phy_4lanes/ddr_byte_lane_D.ddr_byte_lane_D/in_fifo_gen.in_fifo/D3[2]
                                                              8.513         
i_platform/i_system_ddr/u_xilinx_ddr3_ctrl_axi32/u_xilinx_ddr3_ctrl_axi32_mig/u_memc_ui_top_axi/mem_intfc0/ddr_phy_top0/u_ddr_mc_phy_wrapper/u_ddr_mc_phy/ddr_phy_4lanes_0.u_ddr_phy_4lanes/ddr_byte_lane_A.ddr_byte_lane_A/ddr_byte_group_io/input_[2].iserdes_dq_.iserdesdq/CLKDIVP
                               i_platform/i_system_ddr/u_xilinx_ddr3_ctrl_axi32/u_xilinx_ddr3_ctrl_axi32_mig/u_memc_ui_top_axi/mem_intfc0/ddr_phy_top0/u_ddr_mc_phy_wrapper/u_ddr_mc_phy/ddr_phy_4lanes_0.u_ddr_phy_4lanes/ddr_byte_lane_A.ddr_byte_lane_A/in_fifo_gen.in_fifo/D2[3]
                                                              8.516         
i_platform/i_system_ddr/u_xilinx_ddr3_ctrl_axi32/u_xilinx_ddr3_ctrl_axi32_mig/u_memc_ui_top_axi/mem_intfc0/ddr_phy_top0/u_ddr_mc_phy_wrapper/u_ddr_mc_phy/ddr_phy_4lanes_0.u_ddr_phy_4lanes/ddr_byte_lane_A.ddr_byte_lane_A/ddr_byte_group_io/input_[3].iserdes_dq_.iserdesdq/CLKDIVP
                               i_platform/i_system_ddr/u_xilinx_ddr3_ctrl_axi32/u_xilinx_ddr3_ctrl_axi32_mig/u_memc_ui_top_axi/mem_intfc0/ddr_phy_top0/u_ddr_mc_phy_wrapper/u_ddr_mc_phy/ddr_phy_4lanes_0.u_ddr_phy_4lanes/ddr_byte_lane_A.ddr_byte_lane_A/in_fifo_gen.in_fifo/D3[3]
                                                              8.518         
i_platform/i_system_ddr/u_xilinx_ddr3_ctrl_axi32/u_xilinx_ddr3_ctrl_axi32_mig/u_memc_ui_top_axi/mem_intfc0/ddr_phy_top0/u_ddr_mc_phy_wrapper/u_ddr_mc_phy/ddr_phy_4lanes_0.u_ddr_phy_4lanes/ddr_byte_lane_A.ddr_byte_lane_A/ddr_byte_group_io/input_[3].iserdes_dq_.iserdesdq/CLKDIVP
                               i_platform/i_system_ddr/u_xilinx_ddr3_ctrl_axi32/u_xilinx_ddr3_ctrl_axi32_mig/u_memc_ui_top_axi/mem_intfc0/ddr_phy_top0/u_ddr_mc_phy_wrapper/u_ddr_mc_phy/ddr_phy_4lanes_0.u_ddr_phy_4lanes/ddr_byte_lane_A.ddr_byte_lane_A/in_fifo_gen.in_fifo/D3[2]
                                                              8.520         
i_platform/i_system_ddr/u_xilinx_ddr3_ctrl_axi32/u_xilinx_ddr3_ctrl_axi32_mig/u_memc_ui_top_axi/mem_intfc0/ddr_phy_top0/u_ddr_mc_phy_wrapper/u_ddr_mc_phy/ddr_phy_4lanes_0.u_ddr_phy_4lanes/ddr_byte_lane_A.ddr_byte_lane_A/ddr_byte_group_io/input_[2].iserdes_dq_.iserdesdq/CLKDIVP
                               i_platform/i_system_ddr/u_xilinx_ddr3_ctrl_axi32/u_xilinx_ddr3_ctrl_axi32_mig/u_memc_ui_top_axi/mem_intfc0/ddr_phy_top0/u_ddr_mc_phy_wrapper/u_ddr_mc_phy/ddr_phy_4lanes_0.u_ddr_phy_4lanes/ddr_byte_lane_A.ddr_byte_lane_A/in_fifo_gen.in_fifo/D2[0]
                                                              8.522         
i_platform/i_system_ddr/u_xilinx_ddr3_ctrl_axi32/u_xilinx_ddr3_ctrl_axi32_mig/u_memc_ui_top_axi/mem_intfc0/ddr_phy_top0/u_ddr_mc_phy_wrapper/u_ddr_mc_phy/ddr_phy_4lanes_0.u_ddr_phy_4lanes/ddr_byte_lane_A.ddr_byte_lane_A/ddr_byte_group_io/input_[2].iserdes_dq_.iserdesdq/CLKDIVP
                               i_platform/i_system_ddr/u_xilinx_ddr3_ctrl_axi32/u_xilinx_ddr3_ctrl_axi32_mig/u_memc_ui_top_axi/mem_intfc0/ddr_phy_top0/u_ddr_mc_phy_wrapper/u_ddr_mc_phy/ddr_phy_4lanes_0.u_ddr_phy_4lanes/ddr_byte_lane_A.ddr_byte_lane_A/in_fifo_gen.in_fifo/D2[1]
                                                              8.522         
i_platform/i_system_ddr/u_xilinx_ddr3_ctrl_axi32/u_xilinx_ddr3_ctrl_axi32_mig/u_memc_ui_top_axi/mem_intfc0/ddr_phy_top0/u_ddr_mc_phy_wrapper/u_ddr_mc_phy/ddr_phy_4lanes_0.u_ddr_phy_4lanes/ddr_byte_lane_D.ddr_byte_lane_D/ddr_byte_group_io/input_[2].iserdes_dq_.iserdesdq/CLKDIVP
                               i_platform/i_system_ddr/u_xilinx_ddr3_ctrl_axi32/u_xilinx_ddr3_ctrl_axi32_mig/u_memc_ui_top_axi/mem_intfc0/ddr_phy_top0/u_ddr_mc_phy_wrapper/u_ddr_mc_phy/ddr_phy_4lanes_0.u_ddr_phy_4lanes/ddr_byte_lane_D.ddr_byte_lane_D/in_fifo_gen.in_fifo/D2[3]
                                                              8.522         
i_platform/i_system_ddr/u_xilinx_ddr3_ctrl_axi32/u_xilinx_ddr3_ctrl_axi32_mig/u_memc_ui_top_axi/mem_intfc0/ddr_phy_top0/u_ddr_mc_phy_wrapper/u_ddr_mc_phy/ddr_phy_4lanes_0.u_ddr_phy_4lanes/ddr_byte_lane_A.ddr_byte_lane_A/ddr_byte_group_io/input_[3].iserdes_dq_.iserdesdq/CLKDIVP
                               i_platform/i_system_ddr/u_xilinx_ddr3_ctrl_axi32/u_xilinx_ddr3_ctrl_axi32_mig/u_memc_ui_top_axi/mem_intfc0/ddr_phy_top0/u_ddr_mc_phy_wrapper/u_ddr_mc_phy/ddr_phy_4lanes_0.u_ddr_phy_4lanes/ddr_byte_lane_A.ddr_byte_lane_A/in_fifo_gen.in_fifo/D3[0]
                                                              8.524         
i_platform/i_system_ddr/u_xilinx_ddr3_ctrl_axi32/u_xilinx_ddr3_ctrl_axi32_mig/u_memc_ui_top_axi/mem_intfc0/ddr_phy_top0/u_ddr_mc_phy_wrapper/u_ddr_mc_phy/ddr_phy_4lanes_0.u_ddr_phy_4lanes/ddr_byte_lane_A.ddr_byte_lane_A/ddr_byte_group_io/input_[3].iserdes_dq_.iserdesdq/CLKDIVP
                               i_platform/i_system_ddr/u_xilinx_ddr3_ctrl_axi32/u_xilinx_ddr3_ctrl_axi32_mig/u_memc_ui_top_axi/mem_intfc0/ddr_phy_top0/u_ddr_mc_phy_wrapper/u_ddr_mc_phy/ddr_phy_4lanes_0.u_ddr_phy_4lanes/ddr_byte_lane_A.ddr_byte_lane_A/in_fifo_gen.in_fifo/D3[1]
                                                              8.524         
i_platform/i_system_ddr/u_xilinx_ddr3_ctrl_axi32/u_xilinx_ddr3_ctrl_axi32_mig/u_memc_ui_top_axi/mem_intfc0/ddr_phy_top0/u_ddr_mc_phy_wrapper/u_ddr_mc_phy/ddr_phy_4lanes_0.u_ddr_phy_4lanes/ddr_byte_lane_D.ddr_byte_lane_D/ddr_byte_group_io/input_[2].iserdes_dq_.iserdesdq/CLKDIVP
                               i_platform/i_system_ddr/u_xilinx_ddr3_ctrl_axi32/u_xilinx_ddr3_ctrl_axi32_mig/u_memc_ui_top_axi/mem_intfc0/ddr_phy_top0/u_ddr_mc_phy_wrapper/u_ddr_mc_phy/ddr_phy_4lanes_0.u_ddr_phy_4lanes/ddr_byte_lane_D.ddr_byte_lane_D/in_fifo_gen.in_fifo/D2[2]
                                                              8.524         
i_platform/i_system_ddr/u_xilinx_ddr3_ctrl_axi32/u_xilinx_ddr3_ctrl_axi32_mig/u_memc_ui_top_axi/mem_intfc0/ddr_phy_top0/u_ddr_mc_phy_wrapper/u_ddr_mc_phy/ddr_phy_4lanes_0.u_ddr_phy_4lanes/ddr_byte_lane_D.ddr_byte_lane_D/ddr_byte_group_io/input_[3].iserdes_dq_.iserdesdq/CLKDIVP
                               i_platform/i_system_ddr/u_xilinx_ddr3_ctrl_axi32/u_xilinx_ddr3_ctrl_axi32_mig/u_memc_ui_top_axi/mem_intfc0/ddr_phy_top0/u_ddr_mc_phy_wrapper/u_ddr_mc_phy/ddr_phy_4lanes_0.u_ddr_phy_4lanes/ddr_byte_lane_D.ddr_byte_lane_D/in_fifo_gen.in_fifo/D3[3]
                                                              8.524         
i_platform/i_system_ddr/u_xilinx_ddr3_ctrl_axi32/u_xilinx_ddr3_ctrl_axi32_mig/u_memc_ui_top_axi/mem_intfc0/ddr_phy_top0/u_ddr_mc_phy_wrapper/u_ddr_mc_phy/ddr_phy_4lanes_0.u_ddr_phy_4lanes/ddr_byte_lane_C.ddr_byte_lane_C/ddr_byte_group_io/input_[3].iserdes_dq_.iserdesdq/CLKDIVP
                               i_platform/i_system_ddr/u_xilinx_ddr3_ctrl_axi32/u_xilinx_ddr3_ctrl_axi32_mig/u_memc_ui_top_axi/mem_intfc0/ddr_phy_top0/u_ddr_mc_phy_wrapper/u_ddr_mc_phy/ddr_phy_4lanes_0.u_ddr_phy_4lanes/ddr_byte_lane_C.ddr_byte_lane_C/in_fifo_gen.in_fifo/D3[2]
                                                              8.526         
i_platform/i_system_ddr/u_xilinx_ddr3_ctrl_axi32/u_xilinx_ddr3_ctrl_axi32_mig/u_memc_ui_top_axi/mem_intfc0/ddr_phy_top0/u_ddr_mc_phy_wrapper/u_ddr_mc_phy/ddr_phy_4lanes_0.u_ddr_phy_4lanes/ddr_byte_lane_B.ddr_byte_lane_B/ddr_byte_group_io/input_[2].iserdes_dq_.iserdesdq/CLKDIVP
                               i_platform/i_system_ddr/u_xilinx_ddr3_ctrl_axi32/u_xilinx_ddr3_ctrl_axi32_mig/u_memc_ui_top_axi/mem_intfc0/ddr_phy_top0/u_ddr_mc_phy_wrapper/u_ddr_mc_phy/ddr_phy_4lanes_0.u_ddr_phy_4lanes/ddr_byte_lane_B.ddr_byte_lane_B/in_fifo_gen.in_fifo/D2[3]
                                                              8.528         
i_platform/i_system_ddr/u_xilinx_ddr3_ctrl_axi32/u_xilinx_ddr3_ctrl_axi32_mig/u_memc_ui_top_axi/mem_intfc0/ddr_phy_top0/u_ddr_mc_phy_wrapper/u_ddr_mc_phy/ddr_phy_4lanes_0.u_ddr_phy_4lanes/ddr_byte_lane_D.ddr_byte_lane_D/ddr_byte_group_io/input_[2].iserdes_dq_.iserdesdq/CLKDIVP
                               i_platform/i_system_ddr/u_xilinx_ddr3_ctrl_axi32/u_xilinx_ddr3_ctrl_axi32_mig/u_memc_ui_top_axi/mem_intfc0/ddr_phy_top0/u_ddr_mc_phy_wrapper/u_ddr_mc_phy/ddr_phy_4lanes_0.u_ddr_phy_4lanes/ddr_byte_lane_D.ddr_byte_lane_D/in_fifo_gen.in_fifo/D2[0]
                                                              8.528         
i_platform/i_system_ddr/u_xilinx_ddr3_ctrl_axi32/u_xilinx_ddr3_ctrl_axi32_mig/u_memc_ui_top_axi/mem_intfc0/ddr_phy_top0/u_ddr_mc_phy_wrapper/u_ddr_mc_phy/ddr_phy_4lanes_0.u_ddr_phy_4lanes/ddr_byte_lane_D.ddr_byte_lane_D/ddr_byte_group_io/input_[2].iserdes_dq_.iserdesdq/CLKDIVP
                               i_platform/i_system_ddr/u_xilinx_ddr3_ctrl_axi32/u_xilinx_ddr3_ctrl_axi32_mig/u_memc_ui_top_axi/mem_intfc0/ddr_phy_top0/u_ddr_mc_phy_wrapper/u_ddr_mc_phy/ddr_phy_4lanes_0.u_ddr_phy_4lanes/ddr_byte_lane_D.ddr_byte_lane_D/in_fifo_gen.in_fifo/D2[1]
                                                              8.528         
i_platform/i_system_ddr/u_xilinx_ddr3_ctrl_axi32/u_xilinx_ddr3_ctrl_axi32_mig/u_memc_ui_top_axi/mem_intfc0/ddr_phy_top0/u_ddr_mc_phy_wrapper/u_ddr_mc_phy/ddr_phy_4lanes_0.u_ddr_phy_4lanes/ddr_byte_lane_B.ddr_byte_lane_B/ddr_byte_group_io/input_[2].iserdes_dq_.iserdesdq/CLKDIVP
                               i_platform/i_system_ddr/u_xilinx_ddr3_ctrl_axi32/u_xilinx_ddr3_ctrl_axi32_mig/u_memc_ui_top_axi/mem_intfc0/ddr_phy_top0/u_ddr_mc_phy_wrapper/u_ddr_mc_phy/ddr_phy_4lanes_0.u_ddr_phy_4lanes/ddr_byte_lane_B.ddr_byte_lane_B/in_fifo_gen.in_fifo/D2[2]
                                                              8.530         
i_platform/i_system_ddr/u_xilinx_ddr3_ctrl_axi32/u_xilinx_ddr3_ctrl_axi32_mig/u_memc_ui_top_axi/mem_intfc0/ddr_phy_top0/u_ddr_mc_phy_wrapper/u_ddr_mc_phy/ddr_phy_4lanes_0.u_ddr_phy_4lanes/ddr_byte_lane_D.ddr_byte_lane_D/ddr_byte_group_io/input_[3].iserdes_dq_.iserdesdq/CLKDIVP
                               i_platform/i_system_ddr/u_xilinx_ddr3_ctrl_axi32/u_xilinx_ddr3_ctrl_axi32_mig/u_memc_ui_top_axi/mem_intfc0/ddr_phy_top0/u_ddr_mc_phy_wrapper/u_ddr_mc_phy/ddr_phy_4lanes_0.u_ddr_phy_4lanes/ddr_byte_lane_D.ddr_byte_lane_D/in_fifo_gen.in_fifo/D3[0]
                                                              8.530         
i_platform/i_system_ddr/u_xilinx_ddr3_ctrl_axi32/u_xilinx_ddr3_ctrl_axi32_mig/u_memc_ui_top_axi/mem_intfc0/ddr_phy_top0/u_ddr_mc_phy_wrapper/u_ddr_mc_phy/ddr_phy_4lanes_0.u_ddr_phy_4lanes/ddr_byte_lane_D.ddr_byte_lane_D/ddr_byte_group_io/input_[3].iserdes_dq_.iserdesdq/CLKDIVP
                               i_platform/i_system_ddr/u_xilinx_ddr3_ctrl_axi32/u_xilinx_ddr3_ctrl_axi32_mig/u_memc_ui_top_axi/mem_intfc0/ddr_phy_top0/u_ddr_mc_phy_wrapper/u_ddr_mc_phy/ddr_phy_4lanes_0.u_ddr_phy_4lanes/ddr_byte_lane_D.ddr_byte_lane_D/in_fifo_gen.in_fifo/D3[1]
                                                              8.530         
i_platform/i_system_ddr/u_xilinx_ddr3_ctrl_axi32/u_xilinx_ddr3_ctrl_axi32_mig/u_memc_ui_top_axi/mem_intfc0/ddr_phy_top0/u_ddr_mc_phy_wrapper/u_ddr_mc_phy/ddr_phy_4lanes_0.u_ddr_phy_4lanes/ddr_byte_lane_B.ddr_byte_lane_B/ddr_byte_group_io/input_[3].iserdes_dq_.iserdesdq/CLKDIVP
                               i_platform/i_system_ddr/u_xilinx_ddr3_ctrl_axi32/u_xilinx_ddr3_ctrl_axi32_mig/u_memc_ui_top_axi/mem_intfc0/ddr_phy_top0/u_ddr_mc_phy_wrapper/u_ddr_mc_phy/ddr_phy_4lanes_0.u_ddr_phy_4lanes/ddr_byte_lane_B.ddr_byte_lane_B/in_fifo_gen.in_fifo/D3[3]
                                                              8.532         
i_platform/i_system_ddr/u_xilinx_ddr3_ctrl_axi32/u_xilinx_ddr3_ctrl_axi32_mig/u_memc_ui_top_axi/mem_intfc0/ddr_phy_top0/u_ddr_mc_phy_wrapper/u_ddr_mc_phy/ddr_phy_4lanes_0.u_ddr_phy_4lanes/ddr_byte_lane_B.ddr_byte_lane_B/ddr_byte_group_io/input_[2].iserdes_dq_.iserdesdq/CLKDIVP
                               i_platform/i_system_ddr/u_xilinx_ddr3_ctrl_axi32/u_xilinx_ddr3_ctrl_axi32_mig/u_memc_ui_top_axi/mem_intfc0/ddr_phy_top0/u_ddr_mc_phy_wrapper/u_ddr_mc_phy/ddr_phy_4lanes_0.u_ddr_phy_4lanes/ddr_byte_lane_B.ddr_byte_lane_B/in_fifo_gen.in_fifo/D2[0]
                                                              8.534         
i_platform/i_system_ddr/u_xilinx_ddr3_ctrl_axi32/u_xilinx_ddr3_ctrl_axi32_mig/u_memc_ui_top_axi/mem_intfc0/ddr_phy_top0/u_ddr_mc_phy_wrapper/u_ddr_mc_phy/ddr_phy_4lanes_0.u_ddr_phy_4lanes/ddr_byte_lane_B.ddr_byte_lane_B/ddr_byte_group_io/input_[2].iserdes_dq_.iserdesdq/CLKDIVP
                               i_platform/i_system_ddr/u_xilinx_ddr3_ctrl_axi32/u_xilinx_ddr3_ctrl_axi32_mig/u_memc_ui_top_axi/mem_intfc0/ddr_phy_top0/u_ddr_mc_phy_wrapper/u_ddr_mc_phy/ddr_phy_4lanes_0.u_ddr_phy_4lanes/ddr_byte_lane_B.ddr_byte_lane_B/in_fifo_gen.in_fifo/D2[1]
                                                              8.534         
i_platform/i_system_ddr/u_xilinx_ddr3_ctrl_axi32/u_xilinx_ddr3_ctrl_axi32_mig/u_memc_ui_top_axi/mem_intfc0/ddr_phy_top0/u_ddr_mc_phy_wrapper/u_ddr_mc_phy/ddr_phy_4lanes_0.u_ddr_phy_4lanes/ddr_byte_lane_B.ddr_byte_lane_B/ddr_byte_group_io/input_[3].iserdes_dq_.iserdesdq/CLKDIVP
                               i_platform/i_system_ddr/u_xilinx_ddr3_ctrl_axi32/u_xilinx_ddr3_ctrl_axi32_mig/u_memc_ui_top_axi/mem_intfc0/ddr_phy_top0/u_ddr_mc_phy_wrapper/u_ddr_mc_phy/ddr_phy_4lanes_0.u_ddr_phy_4lanes/ddr_byte_lane_B.ddr_byte_lane_B/in_fifo_gen.in_fifo/D3[2]
                                                              8.534         
i_platform/i_system_ddr/u_xilinx_ddr3_ctrl_axi32/u_xilinx_ddr3_ctrl_axi32_mig/u_memc_ui_top_axi/mem_intfc0/ddr_phy_top0/u_ddr_mc_phy_wrapper/u_ddr_mc_phy/ddr_phy_4lanes_0.u_ddr_phy_4lanes/ddr_byte_lane_C.ddr_byte_lane_C/ddr_byte_group_io/input_[2].iserdes_dq_.iserdesdq/CLKDIVP
                               i_platform/i_system_ddr/u_xilinx_ddr3_ctrl_axi32/u_xilinx_ddr3_ctrl_axi32_mig/u_memc_ui_top_axi/mem_intfc0/ddr_phy_top0/u_ddr_mc_phy_wrapper/u_ddr_mc_phy/ddr_phy_4lanes_0.u_ddr_phy_4lanes/ddr_byte_lane_C.ddr_byte_lane_C/in_fifo_gen.in_fifo/D2[3]
                                                              8.535         
i_platform/i_system_ddr/u_xilinx_ddr3_ctrl_axi32/u_xilinx_ddr3_ctrl_axi32_mig/u_memc_ui_top_axi/mem_intfc0/ddr_phy_top0/u_ddr_mc_phy_wrapper/u_ddr_mc_phy/ddr_phy_4lanes_0.u_ddr_phy_4lanes/ddr_byte_lane_C.ddr_byte_lane_C/ddr_byte_group_io/input_[2].iserdes_dq_.iserdesdq/CLKDIVP
                               i_platform/i_system_ddr/u_xilinx_ddr3_ctrl_axi32/u_xilinx_ddr3_ctrl_axi32_mig/u_memc_ui_top_axi/mem_intfc0/ddr_phy_top0/u_ddr_mc_phy_wrapper/u_ddr_mc_phy/ddr_phy_4lanes_0.u_ddr_phy_4lanes/ddr_byte_lane_C.ddr_byte_lane_C/in_fifo_gen.in_fifo/D2[2]
                                                              8.537         
i_platform/i_system_ddr/u_xilinx_ddr3_ctrl_axi32/u_xilinx_ddr3_ctrl_axi32_mig/u_memc_ui_top_axi/mem_intfc0/ddr_phy_top0/u_ddr_mc_phy_wrapper/u_ddr_mc_phy/ddr_phy_4lanes_0.u_ddr_phy_4lanes/ddr_byte_lane_C.ddr_byte_lane_C/ddr_byte_group_io/input_[3].iserdes_dq_.iserdesdq/CLKDIVP
                               i_platform/i_system_ddr/u_xilinx_ddr3_ctrl_axi32/u_xilinx_ddr3_ctrl_axi32_mig/u_memc_ui_top_axi/mem_intfc0/ddr_phy_top0/u_ddr_mc_phy_wrapper/u_ddr_mc_phy/ddr_phy_4lanes_0.u_ddr_phy_4lanes/ddr_byte_lane_C.ddr_byte_lane_C/in_fifo_gen.in_fifo/D3[3]
                                                              8.537         
i_platform/i_system_ddr/u_xilinx_ddr3_ctrl_axi32/u_xilinx_ddr3_ctrl_axi32_mig/u_memc_ui_top_axi/mem_intfc0/ddr_phy_top0/u_ddr_mc_phy_wrapper/u_ddr_mc_phy/ddr_phy_4lanes_0.u_ddr_phy_4lanes/ddr_byte_lane_B.ddr_byte_lane_B/ddr_byte_group_io/input_[3].iserdes_dq_.iserdesdq/CLKDIVP
                               i_platform/i_system_ddr/u_xilinx_ddr3_ctrl_axi32/u_xilinx_ddr3_ctrl_axi32_mig/u_memc_ui_top_axi/mem_intfc0/ddr_phy_top0/u_ddr_mc_phy_wrapper/u_ddr_mc_phy/ddr_phy_4lanes_0.u_ddr_phy_4lanes/ddr_byte_lane_B.ddr_byte_lane_B/in_fifo_gen.in_fifo/D3[0]
                                                              8.538         
i_platform/i_system_ddr/u_xilinx_ddr3_ctrl_axi32/u_xilinx_ddr3_ctrl_axi32_mig/u_memc_ui_top_axi/mem_intfc0/ddr_phy_top0/u_ddr_mc_phy_wrapper/u_ddr_mc_phy/ddr_phy_4lanes_0.u_ddr_phy_4lanes/ddr_byte_lane_B.ddr_byte_lane_B/ddr_byte_group_io/input_[3].iserdes_dq_.iserdesdq/CLKDIVP
                               i_platform/i_system_ddr/u_xilinx_ddr3_ctrl_axi32/u_xilinx_ddr3_ctrl_axi32_mig/u_memc_ui_top_axi/mem_intfc0/ddr_phy_top0/u_ddr_mc_phy_wrapper/u_ddr_mc_phy/ddr_phy_4lanes_0.u_ddr_phy_4lanes/ddr_byte_lane_B.ddr_byte_lane_B/in_fifo_gen.in_fifo/D3[1]
                                                              8.538         
i_platform/i_system_ddr/u_xilinx_ddr3_ctrl_axi32/u_xilinx_ddr3_ctrl_axi32_mig/u_memc_ui_top_axi/mem_intfc0/ddr_phy_top0/u_ddr_mc_phy_wrapper/u_ddr_mc_phy/ddr_phy_4lanes_0.u_ddr_phy_4lanes/ddr_byte_lane_C.ddr_byte_lane_C/ddr_byte_group_io/input_[2].iserdes_dq_.iserdesdq/CLKDIVP
                               i_platform/i_system_ddr/u_xilinx_ddr3_ctrl_axi32/u_xilinx_ddr3_ctrl_axi32_mig/u_memc_ui_top_axi/mem_intfc0/ddr_phy_top0/u_ddr_mc_phy_wrapper/u_ddr_mc_phy/ddr_phy_4lanes_0.u_ddr_phy_4lanes/ddr_byte_lane_C.ddr_byte_lane_C/in_fifo_gen.in_fifo/D2[0]
                                                              8.541         
i_platform/i_system_ddr/u_xilinx_ddr3_ctrl_axi32/u_xilinx_ddr3_ctrl_axi32_mig/u_memc_ui_top_axi/mem_intfc0/ddr_phy_top0/u_ddr_mc_phy_wrapper/u_ddr_mc_phy/ddr_phy_4lanes_0.u_ddr_phy_4lanes/ddr_byte_lane_C.ddr_byte_lane_C/ddr_byte_group_io/input_[2].iserdes_dq_.iserdesdq/CLKDIVP
                               i_platform/i_system_ddr/u_xilinx_ddr3_ctrl_axi32/u_xilinx_ddr3_ctrl_axi32_mig/u_memc_ui_top_axi/mem_intfc0/ddr_phy_top0/u_ddr_mc_phy_wrapper/u_ddr_mc_phy/ddr_phy_4lanes_0.u_ddr_phy_4lanes/ddr_byte_lane_C.ddr_byte_lane_C/in_fifo_gen.in_fifo/D2[1]
                                                              8.541         
i_platform/i_system_ddr/u_xilinx_ddr3_ctrl_axi32/u_xilinx_ddr3_ctrl_axi32_mig/u_memc_ui_top_axi/mem_intfc0/ddr_phy_top0/u_ddr_mc_phy_wrapper/u_ddr_mc_phy/ddr_phy_4lanes_0.u_ddr_phy_4lanes/ddr_byte_lane_C.ddr_byte_lane_C/ddr_byte_group_io/input_[3].iserdes_dq_.iserdesdq/CLKDIVP
                               i_platform/i_system_ddr/u_xilinx_ddr3_ctrl_axi32/u_xilinx_ddr3_ctrl_axi32_mig/u_memc_ui_top_axi/mem_intfc0/ddr_phy_top0/u_ddr_mc_phy_wrapper/u_ddr_mc_phy/ddr_phy_4lanes_0.u_ddr_phy_4lanes/ddr_byte_lane_C.ddr_byte_lane_C/in_fifo_gen.in_fifo/D3[0]
                                                              8.543         
i_platform/i_system_ddr/u_xilinx_ddr3_ctrl_axi32/u_xilinx_ddr3_ctrl_axi32_mig/u_memc_ui_top_axi/mem_intfc0/ddr_phy_top0/u_ddr_mc_phy_wrapper/u_ddr_mc_phy/ddr_phy_4lanes_0.u_ddr_phy_4lanes/ddr_byte_lane_C.ddr_byte_lane_C/ddr_byte_group_io/input_[3].iserdes_dq_.iserdesdq/CLKDIVP
                               i_platform/i_system_ddr/u_xilinx_ddr3_ctrl_axi32/u_xilinx_ddr3_ctrl_axi32_mig/u_memc_ui_top_axi/mem_intfc0/ddr_phy_top0/u_ddr_mc_phy_wrapper/u_ddr_mc_phy/ddr_phy_4lanes_0.u_ddr_phy_4lanes/ddr_byte_lane_C.ddr_byte_lane_C/in_fifo_gen.in_fifo/D3[1]
                                                              8.543         
i_platform/i_system_ddr/u_xilinx_ddr3_ctrl_axi32/u_xilinx_ddr3_ctrl_axi32_mig/u_memc_ui_top_axi/mem_intfc0/ddr_phy_top0/u_ddr_mc_phy_wrapper/u_ddr_mc_phy/ddr_phy_4lanes_0.u_ddr_phy_4lanes/ddr_byte_lane_D.ddr_byte_lane_D/ddr_byte_group_io/input_[8].iserdes_dq_.iserdesdq/CLKDIVP
                               i_platform/i_system_ddr/u_xilinx_ddr3_ctrl_axi32/u_xilinx_ddr3_ctrl_axi32_mig/u_memc_ui_top_axi/mem_intfc0/ddr_phy_top0/u_ddr_mc_phy_wrapper/u_ddr_mc_phy/ddr_phy_4lanes_0.u_ddr_phy_4lanes/ddr_byte_lane_D.ddr_byte_lane_D/in_fifo_gen.in_fifo/D8[3]
                                                              8.544         
i_platform/i_system_ddr/u_xilinx_ddr3_ctrl_axi32/u_xilinx_ddr3_ctrl_axi32_mig/u_memc_ui_top_axi/mem_intfc0/ddr_phy_top0/u_ddr_mc_phy_wrapper/u_ddr_mc_phy/ddr_phy_4lanes_0.u_ddr_phy_4lanes/ddr_byte_lane_D.ddr_byte_lane_D/ddr_byte_group_io/input_[8].iserdes_dq_.iserdesdq/CLKDIVP
                               i_platform/i_system_ddr/u_xilinx_ddr3_ctrl_axi32/u_xilinx_ddr3_ctrl_axi32_mig/u_memc_ui_top_axi/mem_intfc0/ddr_phy_top0/u_ddr_mc_phy_wrapper/u_ddr_mc_phy/ddr_phy_4lanes_0.u_ddr_phy_4lanes/ddr_byte_lane_D.ddr_byte_lane_D/in_fifo_gen.in_fifo/D8[2]
                                                              8.546         
i_platform/i_system_ddr/u_xilinx_ddr3_ctrl_axi32/u_xilinx_ddr3_ctrl_axi32_mig/u_memc_ui_top_axi/mem_intfc0/ddr_phy_top0/u_ddr_mc_phy_wrapper/u_ddr_mc_phy/ddr_phy_4lanes_0.u_ddr_phy_4lanes/ddr_byte_lane_D.ddr_byte_lane_D/ddr_byte_group_io/input_[8].iserdes_dq_.iserdesdq/CLKDIVP
                               i_platform/i_system_ddr/u_xilinx_ddr3_ctrl_axi32/u_xilinx_ddr3_ctrl_axi32_mig/u_memc_ui_top_axi/mem_intfc0/ddr_phy_top0/u_ddr_mc_phy_wrapper/u_ddr_mc_phy/ddr_phy_4lanes_0.u_ddr_phy_4lanes/ddr_byte_lane_D.ddr_byte_lane_D/in_fifo_gen.in_fifo/D8[0]
                                                              8.550         
i_platform/i_system_ddr/u_xilinx_ddr3_ctrl_axi32/u_xilinx_ddr3_ctrl_axi32_mig/u_memc_ui_top_axi/mem_intfc0/ddr_phy_top0/u_ddr_mc_phy_wrapper/u_ddr_mc_phy/ddr_phy_4lanes_0.u_ddr_phy_4lanes/ddr_byte_lane_D.ddr_byte_lane_D/ddr_byte_group_io/input_[8].iserdes_dq_.iserdesdq/CLKDIVP
                               i_platform/i_system_ddr/u_xilinx_ddr3_ctrl_axi32/u_xilinx_ddr3_ctrl_axi32_mig/u_memc_ui_top_axi/mem_intfc0/ddr_phy_top0/u_ddr_mc_phy_wrapper/u_ddr_mc_phy/ddr_phy_4lanes_0.u_ddr_phy_4lanes/ddr_byte_lane_D.ddr_byte_lane_D/in_fifo_gen.in_fifo/D8[1]
                                                              8.550         
i_platform/i_system_ddr/u_xilinx_ddr3_ctrl_axi32/u_xilinx_ddr3_ctrl_axi32_mig/u_memc_ui_top_axi/mem_intfc0/ddr_phy_top0/u_ddr_mc_phy_wrapper/u_ddr_mc_phy/ddr_phy_4lanes_0.u_ddr_phy_4lanes/ddr_byte_lane_A.ddr_byte_lane_A/ddr_byte_group_io/input_[7].iserdes_dq_.iserdesdq/CLKDIVP
                               i_platform/i_system_ddr/u_xilinx_ddr3_ctrl_axi32/u_xilinx_ddr3_ctrl_axi32_mig/u_memc_ui_top_axi/mem_intfc0/ddr_phy_top0/u_ddr_mc_phy_wrapper/u_ddr_mc_phy/ddr_phy_4lanes_0.u_ddr_phy_4lanes/ddr_byte_lane_A.ddr_byte_lane_A/in_fifo_gen.in_fifo/D7[3]
                                                              8.550         
i_platform/i_system_ddr/u_xilinx_ddr3_ctrl_axi32/u_xilinx_ddr3_ctrl_axi32_mig/u_memc_ui_top_axi/mem_intfc0/ddr_phy_top0/u_ddr_mc_phy_wrapper/u_ddr_mc_phy/ddr_phy_4lanes_0.u_ddr_phy_4lanes/ddr_byte_lane_A.ddr_byte_lane_A/ddr_byte_group_io/input_[6].iserdes_dq_.iserdesdq/CLKDIVP
                               i_platform/i_system_ddr/u_xilinx_ddr3_ctrl_axi32/u_xilinx_ddr3_ctrl_axi32_mig/u_memc_ui_top_axi/mem_intfc0/ddr_phy_top0/u_ddr_mc_phy_wrapper/u_ddr_mc_phy/ddr_phy_4lanes_0.u_ddr_phy_4lanes/ddr_byte_lane_A.ddr_byte_lane_A/in_fifo_gen.in_fifo/D6[3]
                                                              8.551         
i_platform/i_system_ddr/u_xilinx_ddr3_ctrl_axi32/u_xilinx_ddr3_ctrl_axi32_mig/u_memc_ui_top_axi/mem_intfc0/ddr_phy_top0/u_ddr_mc_phy_wrapper/u_ddr_mc_phy/ddr_phy_4lanes_0.u_ddr_phy_4lanes/ddr_byte_lane_B.ddr_byte_lane_B/ddr_byte_group_io/input_[8].iserdes_dq_.iserdesdq/CLKDIVP
                               i_platform/i_system_ddr/u_xilinx_ddr3_ctrl_axi32/u_xilinx_ddr3_ctrl_axi32_mig/u_memc_ui_top_axi/mem_intfc0/ddr_phy_top0/u_ddr_mc_phy_wrapper/u_ddr_mc_phy/ddr_phy_4lanes_0.u_ddr_phy_4lanes/ddr_byte_lane_B.ddr_byte_lane_B/in_fifo_gen.in_fifo/D8[3]
                                                              8.552         
i_platform/i_system_ddr/u_xilinx_ddr3_ctrl_axi32/u_xilinx_ddr3_ctrl_axi32_mig/u_memc_ui_top_axi/mem_intfc0/ddr_phy_top0/u_ddr_mc_phy_wrapper/u_ddr_mc_phy/ddr_phy_4lanes_0.u_ddr_phy_4lanes/ddr_byte_lane_A.ddr_byte_lane_A/ddr_byte_group_io/input_[7].iserdes_dq_.iserdesdq/CLKDIVP
                               i_platform/i_system_ddr/u_xilinx_ddr3_ctrl_axi32/u_xilinx_ddr3_ctrl_axi32_mig/u_memc_ui_top_axi/mem_intfc0/ddr_phy_top0/u_ddr_mc_phy_wrapper/u_ddr_mc_phy/ddr_phy_4lanes_0.u_ddr_phy_4lanes/ddr_byte_lane_A.ddr_byte_lane_A/in_fifo_gen.in_fifo/D7[2]
                                                              8.552         
i_platform/i_system_ddr/u_xilinx_ddr3_ctrl_axi32/u_xilinx_ddr3_ctrl_axi32_mig/u_memc_ui_top_axi/mem_intfc0/ddr_phy_top0/u_ddr_mc_phy_wrapper/u_ddr_mc_phy/ddr_phy_4lanes_0.u_ddr_phy_4lanes/ddr_byte_lane_A.ddr_byte_lane_A/ddr_byte_group_io/input_[6].iserdes_dq_.iserdesdq/CLKDIVP
                               i_platform/i_system_ddr/u_xilinx_ddr3_ctrl_axi32/u_xilinx_ddr3_ctrl_axi32_mig/u_memc_ui_top_axi/mem_intfc0/ddr_phy_top0/u_ddr_mc_phy_wrapper/u_ddr_mc_phy/ddr_phy_4lanes_0.u_ddr_phy_4lanes/ddr_byte_lane_A.ddr_byte_lane_A/in_fifo_gen.in_fifo/D6[2]
                                                              8.553         
i_platform/i_system_ddr/u_xilinx_ddr3_ctrl_axi32/u_xilinx_ddr3_ctrl_axi32_mig/u_memc_ui_top_axi/mem_intfc0/ddr_phy_top0/u_ddr_mc_phy_wrapper/u_ddr_mc_phy/ddr_phy_4lanes_0.u_ddr_phy_4lanes/ddr_byte_lane_B.ddr_byte_lane_B/ddr_byte_group_io/input_[8].iserdes_dq_.iserdesdq/CLKDIVP
                               i_platform/i_system_ddr/u_xilinx_ddr3_ctrl_axi32/u_xilinx_ddr3_ctrl_axi32_mig/u_memc_ui_top_axi/mem_intfc0/ddr_phy_top0/u_ddr_mc_phy_wrapper/u_ddr_mc_phy/ddr_phy_4lanes_0.u_ddr_phy_4lanes/ddr_byte_lane_B.ddr_byte_lane_B/in_fifo_gen.in_fifo/D8[2]
                                                              8.554         
i_platform/i_system_ddr/u_xilinx_ddr3_ctrl_axi32/u_xilinx_ddr3_ctrl_axi32_mig/u_memc_ui_top_axi/mem_intfc0/ddr_phy_top0/u_ddr_mc_phy_wrapper/u_ddr_mc_phy/ddr_phy_4lanes_0.u_ddr_phy_4lanes/ddr_byte_lane_B.ddr_byte_lane_B/ddr_byte_group_io/input_[6].iserdes_dq_.iserdesdq/CLKDIVP
                               i_platform/i_system_ddr/u_xilinx_ddr3_ctrl_axi32/u_xilinx_ddr3_ctrl_axi32_mig/u_memc_ui_top_axi/mem_intfc0/ddr_phy_top0/u_ddr_mc_phy_wrapper/u_ddr_mc_phy/ddr_phy_4lanes_0.u_ddr_phy_4lanes/ddr_byte_lane_B.ddr_byte_lane_B/in_fifo_gen.in_fifo/D6[3]
                                                              8.554         
i_platform/i_system_ddr/u_xilinx_ddr3_ctrl_axi32/u_xilinx_ddr3_ctrl_axi32_mig/u_memc_ui_top_axi/mem_intfc0/ddr_phy_top0/u_ddr_mc_phy_wrapper/u_ddr_mc_phy/ddr_phy_4lanes_0.u_ddr_phy_4lanes/ddr_byte_lane_A.ddr_byte_lane_A/ddr_byte_group_io/input_[5].iserdes_dq_.iserdesdq/CLKDIVP
                               i_platform/i_system_ddr/u_xilinx_ddr3_ctrl_axi32/u_xilinx_ddr3_ctrl_axi32_mig/u_memc_ui_top_axi/mem_intfc0/ddr_phy_top0/u_ddr_mc_phy_wrapper/u_ddr_mc_phy/ddr_phy_4lanes_0.u_ddr_phy_4lanes/ddr_byte_lane_A.ddr_byte_lane_A/in_fifo_gen.in_fifo/D5[2]
                                                              8.554         
i_platform/i_system_ddr/u_xilinx_ddr3_ctrl_axi32/u_xilinx_ddr3_ctrl_axi32_mig/u_memc_ui_top_axi/mem_intfc0/ddr_phy_top0/u_ddr_mc_phy_wrapper/u_ddr_mc_phy/ddr_phy_4lanes_0.u_ddr_phy_4lanes/ddr_byte_lane_A.ddr_byte_lane_A/ddr_byte_group_io/input_[4].iserdes_dq_.iserdesdq/CLKDIVP
                               i_platform/i_system_ddr/u_xilinx_ddr3_ctrl_axi32/u_xilinx_ddr3_ctrl_axi32_mig/u_memc_ui_top_axi/mem_intfc0/ddr_phy_top0/u_ddr_mc_phy_wrapper/u_ddr_mc_phy/ddr_phy_4lanes_0.u_ddr_phy_4lanes/ddr_byte_lane_A.ddr_byte_lane_A/in_fifo_gen.in_fifo/D4[3]
                                                              8.555         
i_platform/i_system_ddr/u_xilinx_ddr3_ctrl_axi32/u_xilinx_ddr3_ctrl_axi32_mig/u_memc_ui_top_axi/mem_intfc0/ddr_phy_top0/u_ddr_mc_phy_wrapper/u_ddr_mc_phy/ddr_phy_4lanes_0.u_ddr_phy_4lanes/ddr_byte_lane_A.ddr_byte_lane_A/ddr_byte_group_io/input_[7].iserdes_dq_.iserdesdq/CLKDIVP
                               i_platform/i_system_ddr/u_xilinx_ddr3_ctrl_axi32/u_xilinx_ddr3_ctrl_axi32_mig/u_memc_ui_top_axi/mem_intfc0/ddr_phy_top0/u_ddr_mc_phy_wrapper/u_ddr_mc_phy/ddr_phy_4lanes_0.u_ddr_phy_4lanes/ddr_byte_lane_A.ddr_byte_lane_A/in_fifo_gen.in_fifo/D7[0]
                                                              8.556         
i_platform/i_system_ddr/u_xilinx_ddr3_ctrl_axi32/u_xilinx_ddr3_ctrl_axi32_mig/u_memc_ui_top_axi/mem_intfc0/ddr_phy_top0/u_ddr_mc_phy_wrapper/u_ddr_mc_phy/ddr_phy_4lanes_0.u_ddr_phy_4lanes/ddr_byte_lane_A.ddr_byte_lane_A/ddr_byte_group_io/input_[7].iserdes_dq_.iserdesdq/CLKDIVP
                               i_platform/i_system_ddr/u_xilinx_ddr3_ctrl_axi32/u_xilinx_ddr3_ctrl_axi32_mig/u_memc_ui_top_axi/mem_intfc0/ddr_phy_top0/u_ddr_mc_phy_wrapper/u_ddr_mc_phy/ddr_phy_4lanes_0.u_ddr_phy_4lanes/ddr_byte_lane_A.ddr_byte_lane_A/in_fifo_gen.in_fifo/D7[1]
                                                              8.556         
i_platform/i_system_ddr/u_xilinx_ddr3_ctrl_axi32/u_xilinx_ddr3_ctrl_axi32_mig/u_memc_ui_top_axi/mem_intfc0/ddr_phy_top0/u_ddr_mc_phy_wrapper/u_ddr_mc_phy/ddr_phy_4lanes_0.u_ddr_phy_4lanes/ddr_byte_lane_D.ddr_byte_lane_D/ddr_byte_group_io/input_[7].iserdes_dq_.iserdesdq/CLKDIVP
                               i_platform/i_system_ddr/u_xilinx_ddr3_ctrl_axi32/u_xilinx_ddr3_ctrl_axi32_mig/u_memc_ui_top_axi/mem_intfc0/ddr_phy_top0/u_ddr_mc_phy_wrapper/u_ddr_mc_phy/ddr_phy_4lanes_0.u_ddr_phy_4lanes/ddr_byte_lane_D.ddr_byte_lane_D/in_fifo_gen.in_fifo/D7[3]
                                                              8.556         
i_platform/i_system_ddr/u_xilinx_ddr3_ctrl_axi32/u_xilinx_ddr3_ctrl_axi32_mig/u_memc_ui_top_axi/mem_intfc0/ddr_phy_top0/u_ddr_mc_phy_wrapper/u_ddr_mc_phy/ddr_phy_4lanes_0.u_ddr_phy_4lanes/ddr_byte_lane_C.ddr_byte_lane_C/ddr_byte_group_io/input_[8].iserdes_dq_.iserdesdq/CLKDIVP
                               i_platform/i_system_ddr/u_xilinx_ddr3_ctrl_axi32/u_xilinx_ddr3_ctrl_axi32_mig/u_memc_ui_top_axi/mem_intfc0/ddr_phy_top0/u_ddr_mc_phy_wrapper/u_ddr_mc_phy/ddr_phy_4lanes_0.u_ddr_phy_4lanes/ddr_byte_lane_C.ddr_byte_lane_C/in_fifo_gen.in_fifo/D8[3]
                                                              8.557         
i_platform/i_system_ddr/u_xilinx_ddr3_ctrl_axi32/u_xilinx_ddr3_ctrl_axi32_mig/u_memc_ui_top_axi/mem_intfc0/ddr_phy_top0/u_ddr_mc_phy_wrapper/u_ddr_mc_phy/ddr_phy_4lanes_0.u_ddr_phy_4lanes/ddr_byte_lane_A.ddr_byte_lane_A/ddr_byte_group_io/input_[6].iserdes_dq_.iserdesdq/CLKDIVP
                               i_platform/i_system_ddr/u_xilinx_ddr3_ctrl_axi32/u_xilinx_ddr3_ctrl_axi32_mig/u_memc_ui_top_axi/mem_intfc0/ddr_phy_top0/u_ddr_mc_phy_wrapper/u_ddr_mc_phy/ddr_phy_4lanes_0.u_ddr_phy_4lanes/ddr_byte_lane_A.ddr_byte_lane_A/in_fifo_gen.in_fifo/D6[0]
                                                              8.557         
i_platform/i_system_ddr/u_xilinx_ddr3_ctrl_axi32/u_xilinx_ddr3_ctrl_axi32_mig/u_memc_ui_top_axi/mem_intfc0/ddr_phy_top0/u_ddr_mc_phy_wrapper/u_ddr_mc_phy/ddr_phy_4lanes_0.u_ddr_phy_4lanes/ddr_byte_lane_A.ddr_byte_lane_A/ddr_byte_group_io/input_[6].iserdes_dq_.iserdesdq/CLKDIVP
                               i_platform/i_system_ddr/u_xilinx_ddr3_ctrl_axi32/u_xilinx_ddr3_ctrl_axi32_mig/u_memc_ui_top_axi/mem_intfc0/ddr_phy_top0/u_ddr_mc_phy_wrapper/u_ddr_mc_phy/ddr_phy_4lanes_0.u_ddr_phy_4lanes/ddr_byte_lane_A.ddr_byte_lane_A/in_fifo_gen.in_fifo/D6[1]
                                                              8.557         
i_platform/i_system_ddr/u_xilinx_ddr3_ctrl_axi32/u_xilinx_ddr3_ctrl_axi32_mig/u_memc_ui_top_axi/mem_intfc0/ddr_phy_top0/u_ddr_mc_phy_wrapper/u_ddr_mc_phy/ddr_phy_4lanes_0.u_ddr_phy_4lanes/ddr_byte_lane_D.ddr_byte_lane_D/ddr_byte_group_io/input_[6].iserdes_dq_.iserdesdq/CLKDIVP
                               i_platform/i_system_ddr/u_xilinx_ddr3_ctrl_axi32/u_xilinx_ddr3_ctrl_axi32_mig/u_memc_ui_top_axi/mem_intfc0/ddr_phy_top0/u_ddr_mc_phy_wrapper/u_ddr_mc_phy/ddr_phy_4lanes_0.u_ddr_phy_4lanes/ddr_byte_lane_D.ddr_byte_lane_D/in_fifo_gen.in_fifo/D6[3]
                                                              8.557         
i_platform/i_system_ddr/u_xilinx_ddr3_ctrl_axi32/u_xilinx_ddr3_ctrl_axi32_mig/u_memc_ui_top_axi/mem_intfc0/ddr_phy_top0/u_ddr_mc_phy_wrapper/u_ddr_mc_phy/ddr_phy_4lanes_0.u_ddr_phy_4lanes/ddr_byte_lane_A.ddr_byte_lane_A/ddr_byte_group_io/input_[4].iserdes_dq_.iserdesdq/CLKDIVP
                               i_platform/i_system_ddr/u_xilinx_ddr3_ctrl_axi32/u_xilinx_ddr3_ctrl_axi32_mig/u_memc_ui_top_axi/mem_intfc0/ddr_phy_top0/u_ddr_mc_phy_wrapper/u_ddr_mc_phy/ddr_phy_4lanes_0.u_ddr_phy_4lanes/ddr_byte_lane_A.ddr_byte_lane_A/in_fifo_gen.in_fifo/D4[2]
                                                              8.557         
i_platform/i_system_ddr/u_xilinx_ddr3_ctrl_axi32/u_xilinx_ddr3_ctrl_axi32_mig/u_memc_ui_top_axi/mem_intfc0/ddr_phy_top0/u_ddr_mc_phy_wrapper/u_ddr_mc_phy/ddr_phy_4lanes_0.u_ddr_phy_4lanes/ddr_byte_lane_B.ddr_byte_lane_B/ddr_byte_group_io/input_[8].iserdes_dq_.iserdesdq/CLKDIVP
                               i_platform/i_system_ddr/u_xilinx_ddr3_ctrl_axi32/u_xilinx_ddr3_ctrl_axi32_mig/u_memc_ui_top_axi/mem_intfc0/ddr_phy_top0/u_ddr_mc_phy_wrapper/u_ddr_mc_phy/ddr_phy_4lanes_0.u_ddr_phy_4lanes/ddr_byte_lane_B.ddr_byte_lane_B/in_fifo_gen.in_fifo/D8[0]
                                                              8.558         
i_platform/i_system_ddr/u_xilinx_ddr3_ctrl_axi32/u_xilinx_ddr3_ctrl_axi32_mig/u_memc_ui_top_axi/mem_intfc0/ddr_phy_top0/u_ddr_mc_phy_wrapper/u_ddr_mc_phy/ddr_phy_4lanes_0.u_ddr_phy_4lanes/ddr_byte_lane_B.ddr_byte_lane_B/ddr_byte_group_io/input_[8].iserdes_dq_.iserdesdq/CLKDIVP
                               i_platform/i_system_ddr/u_xilinx_ddr3_ctrl_axi32/u_xilinx_ddr3_ctrl_axi32_mig/u_memc_ui_top_axi/mem_intfc0/ddr_phy_top0/u_ddr_mc_phy_wrapper/u_ddr_mc_phy/ddr_phy_4lanes_0.u_ddr_phy_4lanes/ddr_byte_lane_B.ddr_byte_lane_B/in_fifo_gen.in_fifo/D8[1]
                                                              8.558         
i_platform/i_system_ddr/u_xilinx_ddr3_ctrl_axi32/u_xilinx_ddr3_ctrl_axi32_mig/u_memc_ui_top_axi/mem_intfc0/ddr_phy_top0/u_ddr_mc_phy_wrapper/u_ddr_mc_phy/ddr_phy_4lanes_0.u_ddr_phy_4lanes/ddr_byte_lane_D.ddr_byte_lane_D/ddr_byte_group_io/input_[7].iserdes_dq_.iserdesdq/CLKDIVP
                               i_platform/i_system_ddr/u_xilinx_ddr3_ctrl_axi32/u_xilinx_ddr3_ctrl_axi32_mig/u_memc_ui_top_axi/mem_intfc0/ddr_phy_top0/u_ddr_mc_phy_wrapper/u_ddr_mc_phy/ddr_phy_4lanes_0.u_ddr_phy_4lanes/ddr_byte_lane_D.ddr_byte_lane_D/in_fifo_gen.in_fifo/D7[2]
                                                              8.558         
i_platform/i_system_ddr/u_xilinx_ddr3_ctrl_axi32/u_xilinx_ddr3_ctrl_axi32_mig/u_memc_ui_top_axi/mem_intfc0/ddr_phy_top0/u_ddr_mc_phy_wrapper/u_ddr_mc_phy/ddr_phy_4lanes_0.u_ddr_phy_4lanes/ddr_byte_lane_C.ddr_byte_lane_C/ddr_byte_group_io/input_[7].iserdes_dq_.iserdesdq/CLKDIVP
                               i_platform/i_system_ddr/u_xilinx_ddr3_ctrl_axi32/u_xilinx_ddr3_ctrl_axi32_mig/u_memc_ui_top_axi/mem_intfc0/ddr_phy_top0/u_ddr_mc_phy_wrapper/u_ddr_mc_phy/ddr_phy_4lanes_0.u_ddr_phy_4lanes/ddr_byte_lane_C.ddr_byte_lane_C/in_fifo_gen.in_fifo/D7[2]
                                                              8.558         
i_platform/i_system_ddr/u_xilinx_ddr3_ctrl_axi32/u_xilinx_ddr3_ctrl_axi32_mig/u_memc_ui_top_axi/mem_intfc0/ddr_phy_top0/u_ddr_mc_phy_wrapper/u_ddr_mc_phy/ddr_phy_4lanes_0.u_ddr_phy_4lanes/ddr_byte_lane_C.ddr_byte_lane_C/ddr_byte_group_io/input_[8].iserdes_dq_.iserdesdq/CLKDIVP
                               i_platform/i_system_ddr/u_xilinx_ddr3_ctrl_axi32/u_xilinx_ddr3_ctrl_axi32_mig/u_memc_ui_top_axi/mem_intfc0/ddr_phy_top0/u_ddr_mc_phy_wrapper/u_ddr_mc_phy/ddr_phy_4lanes_0.u_ddr_phy_4lanes/ddr_byte_lane_C.ddr_byte_lane_C/in_fifo_gen.in_fifo/D8[2]
                                                              8.559         
i_platform/i_system_ddr/u_xilinx_ddr3_ctrl_axi32/u_xilinx_ddr3_ctrl_axi32_mig/u_memc_ui_top_axi/mem_intfc0/ddr_phy_top0/u_ddr_mc_phy_wrapper/u_ddr_mc_phy/ddr_phy_4lanes_0.u_ddr_phy_4lanes/ddr_byte_lane_D.ddr_byte_lane_D/ddr_byte_group_io/input_[6].iserdes_dq_.iserdesdq/CLKDIVP
                               i_platform/i_system_ddr/u_xilinx_ddr3_ctrl_axi32/u_xilinx_ddr3_ctrl_axi32_mig/u_memc_ui_top_axi/mem_intfc0/ddr_phy_top0/u_ddr_mc_phy_wrapper/u_ddr_mc_phy/ddr_phy_4lanes_0.u_ddr_phy_4lanes/ddr_byte_lane_D.ddr_byte_lane_D/in_fifo_gen.in_fifo/D6[2]
                                                              8.559         
i_platform/i_system_ddr/u_xilinx_ddr3_ctrl_axi32/u_xilinx_ddr3_ctrl_axi32_mig/u_memc_ui_top_axi/mem_intfc0/ddr_phy_top0/u_ddr_mc_phy_wrapper/u_ddr_mc_phy/ddr_phy_4lanes_0.u_ddr_phy_4lanes/ddr_byte_lane_A.ddr_byte_lane_A/ddr_byte_group_io/input_[4].iserdes_dq_.iserdesdq/CLKDIVP
                               i_platform/i_system_ddr/u_xilinx_ddr3_ctrl_axi32/u_xilinx_ddr3_ctrl_axi32_mig/u_memc_ui_top_axi/mem_intfc0/ddr_phy_top0/u_ddr_mc_phy_wrapper/u_ddr_mc_phy/ddr_phy_4lanes_0.u_ddr_phy_4lanes/ddr_byte_lane_A.ddr_byte_lane_A/in_fifo_gen.in_fifo/D4[0]
                                                              8.561         
i_platform/i_system_ddr/u_xilinx_ddr3_ctrl_axi32/u_xilinx_ddr3_ctrl_axi32_mig/u_memc_ui_top_axi/mem_intfc0/ddr_phy_top0/u_ddr_mc_phy_wrapper/u_ddr_mc_phy/ddr_phy_4lanes_0.u_ddr_phy_4lanes/ddr_byte_lane_A.ddr_byte_lane_A/ddr_byte_group_io/input_[4].iserdes_dq_.iserdesdq/CLKDIVP
                               i_platform/i_system_ddr/u_xilinx_ddr3_ctrl_axi32/u_xilinx_ddr3_ctrl_axi32_mig/u_memc_ui_top_axi/mem_intfc0/ddr_phy_top0/u_ddr_mc_phy_wrapper/u_ddr_mc_phy/ddr_phy_4lanes_0.u_ddr_phy_4lanes/ddr_byte_lane_A.ddr_byte_lane_A/in_fifo_gen.in_fifo/D4[1]
                                                              8.561         
i_platform/i_system_ddr/u_xilinx_ddr3_ctrl_axi32/u_xilinx_ddr3_ctrl_axi32_mig/u_memc_ui_top_axi/mem_intfc0/ddr_phy_top0/u_ddr_mc_phy_wrapper/u_ddr_mc_phy/ddr_phy_4lanes_0.u_ddr_phy_4lanes/ddr_byte_lane_D.ddr_byte_lane_D/ddr_byte_group_io/input_[4].iserdes_dq_.iserdesdq/CLKDIVP
                               i_platform/i_system_ddr/u_xilinx_ddr3_ctrl_axi32/u_xilinx_ddr3_ctrl_axi32_mig/u_memc_ui_top_axi/mem_intfc0/ddr_phy_top0/u_ddr_mc_phy_wrapper/u_ddr_mc_phy/ddr_phy_4lanes_0.u_ddr_phy_4lanes/ddr_byte_lane_D.ddr_byte_lane_D/in_fifo_gen.in_fifo/D4[3]
                                                              8.561         
i_platform/i_system_ddr/u_xilinx_ddr3_ctrl_axi32/u_xilinx_ddr3_ctrl_axi32_mig/u_memc_ui_top_axi/mem_intfc0/ddr_phy_top0/u_ddr_mc_phy_wrapper/u_ddr_mc_phy/ddr_phy_4lanes_0.u_ddr_phy_4lanes/ddr_byte_lane_D.ddr_byte_lane_D/ddr_byte_group_io/input_[7].iserdes_dq_.iserdesdq/CLKDIVP
                               i_platform/i_system_ddr/u_xilinx_ddr3_ctrl_axi32/u_xilinx_ddr3_ctrl_axi32_mig/u_memc_ui_top_axi/mem_intfc0/ddr_phy_top0/u_ddr_mc_phy_wrapper/u_ddr_mc_phy/ddr_phy_4lanes_0.u_ddr_phy_4lanes/ddr_byte_lane_D.ddr_byte_lane_D/in_fifo_gen.in_fifo/D7[0]
                                                              8.562         
i_platform/i_system_ddr/u_xilinx_ddr3_ctrl_axi32/u_xilinx_ddr3_ctrl_axi32_mig/u_memc_ui_top_axi/mem_intfc0/ddr_phy_top0/u_ddr_mc_phy_wrapper/u_ddr_mc_phy/ddr_phy_4lanes_0.u_ddr_phy_4lanes/ddr_byte_lane_D.ddr_byte_lane_D/ddr_byte_group_io/input_[7].iserdes_dq_.iserdesdq/CLKDIVP
                               i_platform/i_system_ddr/u_xilinx_ddr3_ctrl_axi32/u_xilinx_ddr3_ctrl_axi32_mig/u_memc_ui_top_axi/mem_intfc0/ddr_phy_top0/u_ddr_mc_phy_wrapper/u_ddr_mc_phy/ddr_phy_4lanes_0.u_ddr_phy_4lanes/ddr_byte_lane_D.ddr_byte_lane_D/in_fifo_gen.in_fifo/D7[1]
                                                              8.562         
i_platform/i_system_ddr/u_xilinx_ddr3_ctrl_axi32/u_xilinx_ddr3_ctrl_axi32_mig/u_memc_ui_top_axi/mem_intfc0/ddr_phy_top0/u_ddr_mc_phy_wrapper/u_ddr_mc_phy/ddr_phy_4lanes_0.u_ddr_phy_4lanes/ddr_byte_lane_C.ddr_byte_lane_C/ddr_byte_group_io/input_[8].iserdes_dq_.iserdesdq/CLKDIVP
                               i_platform/i_system_ddr/u_xilinx_ddr3_ctrl_axi32/u_xilinx_ddr3_ctrl_axi32_mig/u_memc_ui_top_axi/mem_intfc0/ddr_phy_top0/u_ddr_mc_phy_wrapper/u_ddr_mc_phy/ddr_phy_4lanes_0.u_ddr_phy_4lanes/ddr_byte_lane_C.ddr_byte_lane_C/in_fifo_gen.in_fifo/D8[0]
                                                              8.563         
i_platform/i_system_ddr/u_xilinx_ddr3_ctrl_axi32/u_xilinx_ddr3_ctrl_axi32_mig/u_memc_ui_top_axi/mem_intfc0/ddr_phy_top0/u_ddr_mc_phy_wrapper/u_ddr_mc_phy/ddr_phy_4lanes_0.u_ddr_phy_4lanes/ddr_byte_lane_C.ddr_byte_lane_C/ddr_byte_group_io/input_[8].iserdes_dq_.iserdesdq/CLKDIVP
                               i_platform/i_system_ddr/u_xilinx_ddr3_ctrl_axi32/u_xilinx_ddr3_ctrl_axi32_mig/u_memc_ui_top_axi/mem_intfc0/ddr_phy_top0/u_ddr_mc_phy_wrapper/u_ddr_mc_phy/ddr_phy_4lanes_0.u_ddr_phy_4lanes/ddr_byte_lane_C.ddr_byte_lane_C/in_fifo_gen.in_fifo/D8[1]
                                                              8.563         
i_platform/i_system_ddr/u_xilinx_ddr3_ctrl_axi32/u_xilinx_ddr3_ctrl_axi32_mig/u_memc_ui_top_axi/mem_intfc0/ddr_phy_top0/u_ddr_mc_phy_wrapper/u_ddr_mc_phy/ddr_phy_4lanes_0.u_ddr_phy_4lanes/ddr_byte_lane_D.ddr_byte_lane_D/ddr_byte_group_io/input_[6].iserdes_dq_.iserdesdq/CLKDIVP
                               i_platform/i_system_ddr/u_xilinx_ddr3_ctrl_axi32/u_xilinx_ddr3_ctrl_axi32_mig/u_memc_ui_top_axi/mem_intfc0/ddr_phy_top0/u_ddr_mc_phy_wrapper/u_ddr_mc_phy/ddr_phy_4lanes_0.u_ddr_phy_4lanes/ddr_byte_lane_D.ddr_byte_lane_D/in_fifo_gen.in_fifo/D6[0]
                                                              8.563         
i_platform/i_system_ddr/u_xilinx_ddr3_ctrl_axi32/u_xilinx_ddr3_ctrl_axi32_mig/u_memc_ui_top_axi/mem_intfc0/ddr_phy_top0/u_ddr_mc_phy_wrapper/u_ddr_mc_phy/ddr_phy_4lanes_0.u_ddr_phy_4lanes/ddr_byte_lane_D.ddr_byte_lane_D/ddr_byte_group_io/input_[6].iserdes_dq_.iserdesdq/CLKDIVP
                               i_platform/i_system_ddr/u_xilinx_ddr3_ctrl_axi32/u_xilinx_ddr3_ctrl_axi32_mig/u_memc_ui_top_axi/mem_intfc0/ddr_phy_top0/u_ddr_mc_phy_wrapper/u_ddr_mc_phy/ddr_phy_4lanes_0.u_ddr_phy_4lanes/ddr_byte_lane_D.ddr_byte_lane_D/in_fifo_gen.in_fifo/D6[1]
                                                              8.563         
i_platform/i_system_ddr/u_xilinx_ddr3_ctrl_axi32/u_xilinx_ddr3_ctrl_axi32_mig/u_memc_ui_top_axi/mem_intfc0/ddr_phy_top0/u_ddr_mc_phy_wrapper/u_ddr_mc_phy/ddr_phy_4lanes_0.u_ddr_phy_4lanes/ddr_byte_lane_D.ddr_byte_lane_D/ddr_byte_group_io/input_[4].iserdes_dq_.iserdesdq/CLKDIVP
                               i_platform/i_system_ddr/u_xilinx_ddr3_ctrl_axi32/u_xilinx_ddr3_ctrl_axi32_mig/u_memc_ui_top_axi/mem_intfc0/ddr_phy_top0/u_ddr_mc_phy_wrapper/u_ddr_mc_phy/ddr_phy_4lanes_0.u_ddr_phy_4lanes/ddr_byte_lane_D.ddr_byte_lane_D/in_fifo_gen.in_fifo/D4[2]
                                                              8.563         
i_platform/i_system_ddr/u_xilinx_ddr3_ctrl_axi32/u_xilinx_ddr3_ctrl_axi32_mig/u_memc_ui_top_axi/mem_intfc0/ddr_phy_top0/u_ddr_mc_phy_wrapper/u_ddr_mc_phy/ddr_phy_4lanes_0.u_ddr_phy_4lanes/ddr_byte_lane_B.ddr_byte_lane_B/ddr_byte_group_io/input_[7].iserdes_dq_.iserdesdq/CLKDIVP
                               i_platform/i_system_ddr/u_xilinx_ddr3_ctrl_axi32/u_xilinx_ddr3_ctrl_axi32_mig/u_memc_ui_top_axi/mem_intfc0/ddr_phy_top0/u_ddr_mc_phy_wrapper/u_ddr_mc_phy/ddr_phy_4lanes_0.u_ddr_phy_4lanes/ddr_byte_lane_B.ddr_byte_lane_B/in_fifo_gen.in_fifo/D7[3]
                                                              8.564         
i_platform/i_system_ddr/u_xilinx_ddr3_ctrl_axi32/u_xilinx_ddr3_ctrl_axi32_mig/u_memc_ui_top_axi/mem_intfc0/ddr_phy_top0/u_ddr_mc_phy_wrapper/u_ddr_mc_phy/ddr_phy_4lanes_0.u_ddr_phy_4lanes/ddr_byte_lane_A.ddr_byte_lane_A/ddr_byte_group_io/input_[5].iserdes_dq_.iserdesdq/CLKDIVP
                               i_platform/i_system_ddr/u_xilinx_ddr3_ctrl_axi32/u_xilinx_ddr3_ctrl_axi32_mig/u_memc_ui_top_axi/mem_intfc0/ddr_phy_top0/u_ddr_mc_phy_wrapper/u_ddr_mc_phy/ddr_phy_4lanes_0.u_ddr_phy_4lanes/ddr_byte_lane_A.ddr_byte_lane_A/in_fifo_gen.in_fifo/D5[3]
                                                              8.565         
i_platform/i_system_ddr/u_xilinx_ddr3_ctrl_axi32/u_xilinx_ddr3_ctrl_axi32_mig/u_memc_ui_top_axi/mem_intfc0/ddr_phy_top0/u_ddr_mc_phy_wrapper/u_ddr_mc_phy/ddr_phy_4lanes_0.u_ddr_phy_4lanes/ddr_byte_lane_B.ddr_byte_lane_B/ddr_byte_group_io/input_[7].iserdes_dq_.iserdesdq/CLKDIVP
                               i_platform/i_system_ddr/u_xilinx_ddr3_ctrl_axi32/u_xilinx_ddr3_ctrl_axi32_mig/u_memc_ui_top_axi/mem_intfc0/ddr_phy_top0/u_ddr_mc_phy_wrapper/u_ddr_mc_phy/ddr_phy_4lanes_0.u_ddr_phy_4lanes/ddr_byte_lane_B.ddr_byte_lane_B/in_fifo_gen.in_fifo/D7[2]
                                                              8.566         
i_platform/i_system_ddr/u_xilinx_ddr3_ctrl_axi32/u_xilinx_ddr3_ctrl_axi32_mig/u_memc_ui_top_axi/mem_intfc0/ddr_phy_top0/u_ddr_mc_phy_wrapper/u_ddr_mc_phy/ddr_phy_4lanes_0.u_ddr_phy_4lanes/ddr_byte_lane_B.ddr_byte_lane_B/ddr_byte_group_io/input_[6].iserdes_dq_.iserdesdq/CLKDIVP
                               i_platform/i_system_ddr/u_xilinx_ddr3_ctrl_axi32/u_xilinx_ddr3_ctrl_axi32_mig/u_memc_ui_top_axi/mem_intfc0/ddr_phy_top0/u_ddr_mc_phy_wrapper/u_ddr_mc_phy/ddr_phy_4lanes_0.u_ddr_phy_4lanes/ddr_byte_lane_B.ddr_byte_lane_B/in_fifo_gen.in_fifo/D6[2]
                                                              8.567         
i_platform/i_system_ddr/u_xilinx_ddr3_ctrl_axi32/u_xilinx_ddr3_ctrl_axi32_mig/u_memc_ui_top_axi/mem_intfc0/ddr_phy_top0/u_ddr_mc_phy_wrapper/u_ddr_mc_phy/ddr_phy_4lanes_0.u_ddr_phy_4lanes/ddr_byte_lane_D.ddr_byte_lane_D/ddr_byte_group_io/input_[4].iserdes_dq_.iserdesdq/CLKDIVP
                               i_platform/i_system_ddr/u_xilinx_ddr3_ctrl_axi32/u_xilinx_ddr3_ctrl_axi32_mig/u_memc_ui_top_axi/mem_intfc0/ddr_phy_top0/u_ddr_mc_phy_wrapper/u_ddr_mc_phy/ddr_phy_4lanes_0.u_ddr_phy_4lanes/ddr_byte_lane_D.ddr_byte_lane_D/in_fifo_gen.in_fifo/D4[0]
                                                              8.567         
i_platform/i_system_ddr/u_xilinx_ddr3_ctrl_axi32/u_xilinx_ddr3_ctrl_axi32_mig/u_memc_ui_top_axi/mem_intfc0/ddr_phy_top0/u_ddr_mc_phy_wrapper/u_ddr_mc_phy/ddr_phy_4lanes_0.u_ddr_phy_4lanes/ddr_byte_lane_D.ddr_byte_lane_D/ddr_byte_group_io/input_[4].iserdes_dq_.iserdesdq/CLKDIVP
                               i_platform/i_system_ddr/u_xilinx_ddr3_ctrl_axi32/u_xilinx_ddr3_ctrl_axi32_mig/u_memc_ui_top_axi/mem_intfc0/ddr_phy_top0/u_ddr_mc_phy_wrapper/u_ddr_mc_phy/ddr_phy_4lanes_0.u_ddr_phy_4lanes/ddr_byte_lane_D.ddr_byte_lane_D/in_fifo_gen.in_fifo/D4[1]
                                                              8.567         
i_platform/i_system_ddr/u_xilinx_ddr3_ctrl_axi32/u_xilinx_ddr3_ctrl_axi32_mig/u_memc_ui_top_axi/mem_intfc0/ddr_phy_top0/u_ddr_mc_phy_wrapper/u_ddr_mc_phy/ddr_phy_4lanes_0.u_ddr_phy_4lanes/ddr_byte_lane_B.ddr_byte_lane_B/ddr_byte_group_io/input_[4].iserdes_dq_.iserdesdq/CLKDIVP
                               i_platform/i_system_ddr/u_xilinx_ddr3_ctrl_axi32/u_xilinx_ddr3_ctrl_axi32_mig/u_memc_ui_top_axi/mem_intfc0/ddr_phy_top0/u_ddr_mc_phy_wrapper/u_ddr_mc_phy/ddr_phy_4lanes_0.u_ddr_phy_4lanes/ddr_byte_lane_B.ddr_byte_lane_B/in_fifo_gen.in_fifo/D4[3]
                                                              8.569         
i_platform/i_system_ddr/u_xilinx_ddr3_ctrl_axi32/u_xilinx_ddr3_ctrl_axi32_mig/u_memc_ui_top_axi/mem_intfc0/ddr_phy_top0/u_ddr_mc_phy_wrapper/u_ddr_mc_phy/ddr_phy_4lanes_0.u_ddr_phy_4lanes/ddr_byte_lane_C.ddr_byte_lane_C/ddr_byte_group_io/input_[7].iserdes_dq_.iserdesdq/CLKDIVP
                               i_platform/i_system_ddr/u_xilinx_ddr3_ctrl_axi32/u_xilinx_ddr3_ctrl_axi32_mig/u_memc_ui_top_axi/mem_intfc0/ddr_phy_top0/u_ddr_mc_phy_wrapper/u_ddr_mc_phy/ddr_phy_4lanes_0.u_ddr_phy_4lanes/ddr_byte_lane_C.ddr_byte_lane_C/in_fifo_gen.in_fifo/D7[3]
                                                              8.569         
i_platform/i_system_ddr/u_xilinx_ddr3_ctrl_axi32/u_xilinx_ddr3_ctrl_axi32_mig/u_memc_ui_top_axi/mem_intfc0/ddr_phy_top0/u_ddr_mc_phy_wrapper/u_ddr_mc_phy/ddr_phy_4lanes_0.u_ddr_phy_4lanes/ddr_byte_lane_B.ddr_byte_lane_B/ddr_byte_group_io/input_[7].iserdes_dq_.iserdesdq/CLKDIVP
                               i_platform/i_system_ddr/u_xilinx_ddr3_ctrl_axi32/u_xilinx_ddr3_ctrl_axi32_mig/u_memc_ui_top_axi/mem_intfc0/ddr_phy_top0/u_ddr_mc_phy_wrapper/u_ddr_mc_phy/ddr_phy_4lanes_0.u_ddr_phy_4lanes/ddr_byte_lane_B.ddr_byte_lane_B/in_fifo_gen.in_fifo/D7[0]
                                                              8.570         
i_platform/i_system_ddr/u_xilinx_ddr3_ctrl_axi32/u_xilinx_ddr3_ctrl_axi32_mig/u_memc_ui_top_axi/mem_intfc0/ddr_phy_top0/u_ddr_mc_phy_wrapper/u_ddr_mc_phy/ddr_phy_4lanes_0.u_ddr_phy_4lanes/ddr_byte_lane_B.ddr_byte_lane_B/ddr_byte_group_io/input_[7].iserdes_dq_.iserdesdq/CLKDIVP
                               i_platform/i_system_ddr/u_xilinx_ddr3_ctrl_axi32/u_xilinx_ddr3_ctrl_axi32_mig/u_memc_ui_top_axi/mem_intfc0/ddr_phy_top0/u_ddr_mc_phy_wrapper/u_ddr_mc_phy/ddr_phy_4lanes_0.u_ddr_phy_4lanes/ddr_byte_lane_B.ddr_byte_lane_B/in_fifo_gen.in_fifo/D7[1]
                                                              8.570         
i_platform/i_system_ddr/u_xilinx_ddr3_ctrl_axi32/u_xilinx_ddr3_ctrl_axi32_mig/u_memc_ui_top_axi/mem_intfc0/ddr_phy_top0/u_ddr_mc_phy_wrapper/u_ddr_mc_phy/ddr_phy_4lanes_0.u_ddr_phy_4lanes/ddr_byte_lane_C.ddr_byte_lane_C/ddr_byte_group_io/input_[6].iserdes_dq_.iserdesdq/CLKDIVP
                               i_platform/i_system_ddr/u_xilinx_ddr3_ctrl_axi32/u_xilinx_ddr3_ctrl_axi32_mig/u_memc_ui_top_axi/mem_intfc0/ddr_phy_top0/u_ddr_mc_phy_wrapper/u_ddr_mc_phy/ddr_phy_4lanes_0.u_ddr_phy_4lanes/ddr_byte_lane_C.ddr_byte_lane_C/in_fifo_gen.in_fifo/D6[3]
                                                              8.570         
i_platform/i_system_ddr/u_xilinx_ddr3_ctrl_axi32/u_xilinx_ddr3_ctrl_axi32_mig/u_memc_ui_top_axi/mem_intfc0/ddr_phy_top0/u_ddr_mc_phy_wrapper/u_ddr_mc_phy/ddr_phy_4lanes_0.u_ddr_phy_4lanes/ddr_byte_lane_B.ddr_byte_lane_B/ddr_byte_group_io/input_[4].iserdes_dq_.iserdesdq/CLKDIVP
                               i_platform/i_system_ddr/u_xilinx_ddr3_ctrl_axi32/u_xilinx_ddr3_ctrl_axi32_mig/u_memc_ui_top_axi/mem_intfc0/ddr_phy_top0/u_ddr_mc_phy_wrapper/u_ddr_mc_phy/ddr_phy_4lanes_0.u_ddr_phy_4lanes/ddr_byte_lane_B.ddr_byte_lane_B/in_fifo_gen.in_fifo/D4[2]
                                                              8.571         
i_platform/i_system_ddr/u_xilinx_ddr3_ctrl_axi32/u_xilinx_ddr3_ctrl_axi32_mig/u_memc_ui_top_axi/mem_intfc0/ddr_phy_top0/u_ddr_mc_phy_wrapper/u_ddr_mc_phy/ddr_phy_4lanes_0.u_ddr_phy_4lanes/ddr_byte_lane_B.ddr_byte_lane_B/ddr_byte_group_io/input_[6].iserdes_dq_.iserdesdq/CLKDIVP
                               i_platform/i_system_ddr/u_xilinx_ddr3_ctrl_axi32/u_xilinx_ddr3_ctrl_axi32_mig/u_memc_ui_top_axi/mem_intfc0/ddr_phy_top0/u_ddr_mc_phy_wrapper/u_ddr_mc_phy/ddr_phy_4lanes_0.u_ddr_phy_4lanes/ddr_byte_lane_B.ddr_byte_lane_B/in_fifo_gen.in_fifo/D6[0]
                                                              8.571         
i_platform/i_system_ddr/u_xilinx_ddr3_ctrl_axi32/u_xilinx_ddr3_ctrl_axi32_mig/u_memc_ui_top_axi/mem_intfc0/ddr_phy_top0/u_ddr_mc_phy_wrapper/u_ddr_mc_phy/ddr_phy_4lanes_0.u_ddr_phy_4lanes/ddr_byte_lane_B.ddr_byte_lane_B/ddr_byte_group_io/input_[6].iserdes_dq_.iserdesdq/CLKDIVP
                               i_platform/i_system_ddr/u_xilinx_ddr3_ctrl_axi32/u_xilinx_ddr3_ctrl_axi32_mig/u_memc_ui_top_axi/mem_intfc0/ddr_phy_top0/u_ddr_mc_phy_wrapper/u_ddr_mc_phy/ddr_phy_4lanes_0.u_ddr_phy_4lanes/ddr_byte_lane_B.ddr_byte_lane_B/in_fifo_gen.in_fifo/D6[1]
                                                              8.571         
i_platform/i_system_ddr/u_xilinx_ddr3_ctrl_axi32/u_xilinx_ddr3_ctrl_axi32_mig/u_memc_ui_top_axi/mem_intfc0/ddr_phy_top0/u_ddr_mc_phy_wrapper/u_ddr_mc_phy/ddr_phy_4lanes_0.u_ddr_phy_4lanes/ddr_byte_lane_A.ddr_byte_lane_A/ddr_byte_group_io/input_[5].iserdes_dq_.iserdesdq/CLKDIVP
                               i_platform/i_system_ddr/u_xilinx_ddr3_ctrl_axi32/u_xilinx_ddr3_ctrl_axi32_mig/u_memc_ui_top_axi/mem_intfc0/ddr_phy_top0/u_ddr_mc_phy_wrapper/u_ddr_mc_phy/ddr_phy_4lanes_0.u_ddr_phy_4lanes/ddr_byte_lane_A.ddr_byte_lane_A/in_fifo_gen.in_fifo/D5[0]
                                                              8.571         
i_platform/i_system_ddr/u_xilinx_ddr3_ctrl_axi32/u_xilinx_ddr3_ctrl_axi32_mig/u_memc_ui_top_axi/mem_intfc0/ddr_phy_top0/u_ddr_mc_phy_wrapper/u_ddr_mc_phy/ddr_phy_4lanes_0.u_ddr_phy_4lanes/ddr_byte_lane_A.ddr_byte_lane_A/ddr_byte_group_io/input_[5].iserdes_dq_.iserdesdq/CLKDIVP
                               i_platform/i_system_ddr/u_xilinx_ddr3_ctrl_axi32/u_xilinx_ddr3_ctrl_axi32_mig/u_memc_ui_top_axi/mem_intfc0/ddr_phy_top0/u_ddr_mc_phy_wrapper/u_ddr_mc_phy/ddr_phy_4lanes_0.u_ddr_phy_4lanes/ddr_byte_lane_A.ddr_byte_lane_A/in_fifo_gen.in_fifo/D5[1]
                                                              8.571         
i_platform/i_system_ddr/u_xilinx_ddr3_ctrl_axi32/u_xilinx_ddr3_ctrl_axi32_mig/u_memc_ui_top_axi/mem_intfc0/ddr_phy_top0/u_ddr_mc_phy_wrapper/u_ddr_mc_phy/ddr_phy_4lanes_0.u_ddr_phy_4lanes/ddr_byte_lane_D.ddr_byte_lane_D/ddr_byte_group_io/input_[5].iserdes_dq_.iserdesdq/CLKDIVP
                               i_platform/i_system_ddr/u_xilinx_ddr3_ctrl_axi32/u_xilinx_ddr3_ctrl_axi32_mig/u_memc_ui_top_axi/mem_intfc0/ddr_phy_top0/u_ddr_mc_phy_wrapper/u_ddr_mc_phy/ddr_phy_4lanes_0.u_ddr_phy_4lanes/ddr_byte_lane_D.ddr_byte_lane_D/in_fifo_gen.in_fifo/D5[3]
                                                              8.571         
i_platform/i_system_ddr/u_xilinx_ddr3_ctrl_axi32/u_xilinx_ddr3_ctrl_axi32_mig/u_memc_ui_top_axi/mem_intfc0/ddr_phy_top0/u_ddr_mc_phy_wrapper/u_ddr_mc_phy/ddr_phy_4lanes_0.u_ddr_phy_4lanes/ddr_byte_lane_C.ddr_byte_lane_C/ddr_byte_group_io/input_[6].iserdes_dq_.iserdesdq/CLKDIVP
                               i_platform/i_system_ddr/u_xilinx_ddr3_ctrl_axi32/u_xilinx_ddr3_ctrl_axi32_mig/u_memc_ui_top_axi/mem_intfc0/ddr_phy_top0/u_ddr_mc_phy_wrapper/u_ddr_mc_phy/ddr_phy_4lanes_0.u_ddr_phy_4lanes/ddr_byte_lane_C.ddr_byte_lane_C/in_fifo_gen.in_fifo/D6[2]
                                                              8.572         
i_platform/i_system_ddr/u_xilinx_ddr3_ctrl_axi32/u_xilinx_ddr3_ctrl_axi32_mig/u_memc_ui_top_axi/mem_intfc0/ddr_phy_top0/u_ddr_mc_phy_wrapper/u_ddr_mc_phy/ddr_phy_4lanes_0.u_ddr_phy_4lanes/ddr_byte_lane_D.ddr_byte_lane_D/ddr_byte_group_io/input_[5].iserdes_dq_.iserdesdq/CLKDIVP
                               i_platform/i_system_ddr/u_xilinx_ddr3_ctrl_axi32/u_xilinx_ddr3_ctrl_axi32_mig/u_memc_ui_top_axi/mem_intfc0/ddr_phy_top0/u_ddr_mc_phy_wrapper/u_ddr_mc_phy/ddr_phy_4lanes_0.u_ddr_phy_4lanes/ddr_byte_lane_D.ddr_byte_lane_D/in_fifo_gen.in_fifo/D5[2]
                                                              8.573         
i_platform/i_system_ddr/u_xilinx_ddr3_ctrl_axi32/u_xilinx_ddr3_ctrl_axi32_mig/u_memc_ui_top_axi/mem_intfc0/ddr_phy_top0/u_ddr_mc_phy_wrapper/u_ddr_mc_phy/ddr_phy_4lanes_0.u_ddr_phy_4lanes/ddr_byte_lane_C.ddr_byte_lane_C/ddr_byte_group_io/input_[4].iserdes_dq_.iserdesdq/CLKDIVP
                               i_platform/i_system_ddr/u_xilinx_ddr3_ctrl_axi32/u_xilinx_ddr3_ctrl_axi32_mig/u_memc_ui_top_axi/mem_intfc0/ddr_phy_top0/u_ddr_mc_phy_wrapper/u_ddr_mc_phy/ddr_phy_4lanes_0.u_ddr_phy_4lanes/ddr_byte_lane_C.ddr_byte_lane_C/in_fifo_gen.in_fifo/D4[3]
                                                              8.574         
i_platform/i_system_ddr/u_xilinx_ddr3_ctrl_axi32/u_xilinx_ddr3_ctrl_axi32_mig/u_memc_ui_top_axi/mem_intfc0/ddr_phy_top0/u_ddr_mc_phy_wrapper/u_ddr_mc_phy/ddr_phy_4lanes_0.u_ddr_phy_4lanes/ddr_byte_lane_B.ddr_byte_lane_B/ddr_byte_group_io/input_[4].iserdes_dq_.iserdesdq/CLKDIVP
                               i_platform/i_system_ddr/u_xilinx_ddr3_ctrl_axi32/u_xilinx_ddr3_ctrl_axi32_mig/u_memc_ui_top_axi/mem_intfc0/ddr_phy_top0/u_ddr_mc_phy_wrapper/u_ddr_mc_phy/ddr_phy_4lanes_0.u_ddr_phy_4lanes/ddr_byte_lane_B.ddr_byte_lane_B/in_fifo_gen.in_fifo/D4[0]
                                                              8.575         
i_platform/i_system_ddr/u_xilinx_ddr3_ctrl_axi32/u_xilinx_ddr3_ctrl_axi32_mig/u_memc_ui_top_axi/mem_intfc0/ddr_phy_top0/u_ddr_mc_phy_wrapper/u_ddr_mc_phy/ddr_phy_4lanes_0.u_ddr_phy_4lanes/ddr_byte_lane_B.ddr_byte_lane_B/ddr_byte_group_io/input_[4].iserdes_dq_.iserdesdq/CLKDIVP
                               i_platform/i_system_ddr/u_xilinx_ddr3_ctrl_axi32/u_xilinx_ddr3_ctrl_axi32_mig/u_memc_ui_top_axi/mem_intfc0/ddr_phy_top0/u_ddr_mc_phy_wrapper/u_ddr_mc_phy/ddr_phy_4lanes_0.u_ddr_phy_4lanes/ddr_byte_lane_B.ddr_byte_lane_B/in_fifo_gen.in_fifo/D4[1]
                                                              8.575         
i_platform/i_system_ddr/u_xilinx_ddr3_ctrl_axi32/u_xilinx_ddr3_ctrl_axi32_mig/u_memc_ui_top_axi/mem_intfc0/ddr_phy_top0/u_ddr_mc_phy_wrapper/u_ddr_mc_phy/ddr_phy_4lanes_0.u_ddr_phy_4lanes/ddr_byte_lane_C.ddr_byte_lane_C/ddr_byte_group_io/input_[7].iserdes_dq_.iserdesdq/CLKDIVP
                               i_platform/i_system_ddr/u_xilinx_ddr3_ctrl_axi32/u_xilinx_ddr3_ctrl_axi32_mig/u_memc_ui_top_axi/mem_intfc0/ddr_phy_top0/u_ddr_mc_phy_wrapper/u_ddr_mc_phy/ddr_phy_4lanes_0.u_ddr_phy_4lanes/ddr_byte_lane_C.ddr_byte_lane_C/in_fifo_gen.in_fifo/D7[0]
                                                              8.575         
i_platform/i_system_ddr/u_xilinx_ddr3_ctrl_axi32/u_xilinx_ddr3_ctrl_axi32_mig/u_memc_ui_top_axi/mem_intfc0/ddr_phy_top0/u_ddr_mc_phy_wrapper/u_ddr_mc_phy/ddr_phy_4lanes_0.u_ddr_phy_4lanes/ddr_byte_lane_C.ddr_byte_lane_C/ddr_byte_group_io/input_[7].iserdes_dq_.iserdesdq/CLKDIVP
                               i_platform/i_system_ddr/u_xilinx_ddr3_ctrl_axi32/u_xilinx_ddr3_ctrl_axi32_mig/u_memc_ui_top_axi/mem_intfc0/ddr_phy_top0/u_ddr_mc_phy_wrapper/u_ddr_mc_phy/ddr_phy_4lanes_0.u_ddr_phy_4lanes/ddr_byte_lane_C.ddr_byte_lane_C/in_fifo_gen.in_fifo/D7[1]
                                                              8.575         
i_platform/i_system_ddr/u_xilinx_ddr3_ctrl_axi32/u_xilinx_ddr3_ctrl_axi32_mig/u_memc_ui_top_axi/mem_intfc0/ddr_phy_top0/u_ddr_mc_phy_wrapper/u_ddr_mc_phy/ddr_phy_4lanes_0.u_ddr_phy_4lanes/ddr_byte_lane_C.ddr_byte_lane_C/ddr_byte_group_io/input_[6].iserdes_dq_.iserdesdq/CLKDIVP
                               i_platform/i_system_ddr/u_xilinx_ddr3_ctrl_axi32/u_xilinx_ddr3_ctrl_axi32_mig/u_memc_ui_top_axi/mem_intfc0/ddr_phy_top0/u_ddr_mc_phy_wrapper/u_ddr_mc_phy/ddr_phy_4lanes_0.u_ddr_phy_4lanes/ddr_byte_lane_C.ddr_byte_lane_C/in_fifo_gen.in_fifo/D6[0]
                                                              8.576         
i_platform/i_system_ddr/u_xilinx_ddr3_ctrl_axi32/u_xilinx_ddr3_ctrl_axi32_mig/u_memc_ui_top_axi/mem_intfc0/ddr_phy_top0/u_ddr_mc_phy_wrapper/u_ddr_mc_phy/ddr_phy_4lanes_0.u_ddr_phy_4lanes/ddr_byte_lane_C.ddr_byte_lane_C/ddr_byte_group_io/input_[6].iserdes_dq_.iserdesdq/CLKDIVP
                               i_platform/i_system_ddr/u_xilinx_ddr3_ctrl_axi32/u_xilinx_ddr3_ctrl_axi32_mig/u_memc_ui_top_axi/mem_intfc0/ddr_phy_top0/u_ddr_mc_phy_wrapper/u_ddr_mc_phy/ddr_phy_4lanes_0.u_ddr_phy_4lanes/ddr_byte_lane_C.ddr_byte_lane_C/in_fifo_gen.in_fifo/D6[1]
                                                              8.576         
i_platform/i_system_ddr/u_xilinx_ddr3_ctrl_axi32/u_xilinx_ddr3_ctrl_axi32_mig/u_memc_ui_top_axi/mem_intfc0/ddr_phy_top0/u_ddr_mc_phy_wrapper/u_ddr_mc_phy/ddr_phy_4lanes_0.u_ddr_phy_4lanes/ddr_byte_lane_C.ddr_byte_lane_C/ddr_byte_group_io/input_[4].iserdes_dq_.iserdesdq/CLKDIVP
                               i_platform/i_system_ddr/u_xilinx_ddr3_ctrl_axi32/u_xilinx_ddr3_ctrl_axi32_mig/u_memc_ui_top_axi/mem_intfc0/ddr_phy_top0/u_ddr_mc_phy_wrapper/u_ddr_mc_phy/ddr_phy_4lanes_0.u_ddr_phy_4lanes/ddr_byte_lane_C.ddr_byte_lane_C/in_fifo_gen.in_fifo/D4[2]
                                                              8.576         
i_platform/i_system_ddr/u_xilinx_ddr3_ctrl_axi32/u_xilinx_ddr3_ctrl_axi32_mig/u_memc_ui_top_axi/mem_intfc0/ddr_phy_top0/u_ddr_mc_phy_wrapper/u_ddr_mc_phy/ddr_phy_4lanes_0.u_ddr_phy_4lanes/ddr_byte_lane_D.ddr_byte_lane_D/ddr_byte_group_io/input_[5].iserdes_dq_.iserdesdq/CLKDIVP
                               i_platform/i_system_ddr/u_xilinx_ddr3_ctrl_axi32/u_xilinx_ddr3_ctrl_axi32_mig/u_memc_ui_top_axi/mem_intfc0/ddr_phy_top0/u_ddr_mc_phy_wrapper/u_ddr_mc_phy/ddr_phy_4lanes_0.u_ddr_phy_4lanes/ddr_byte_lane_D.ddr_byte_lane_D/in_fifo_gen.in_fifo/D5[0]
                                                              8.577         
i_platform/i_system_ddr/u_xilinx_ddr3_ctrl_axi32/u_xilinx_ddr3_ctrl_axi32_mig/u_memc_ui_top_axi/mem_intfc0/ddr_phy_top0/u_ddr_mc_phy_wrapper/u_ddr_mc_phy/ddr_phy_4lanes_0.u_ddr_phy_4lanes/ddr_byte_lane_D.ddr_byte_lane_D/ddr_byte_group_io/input_[5].iserdes_dq_.iserdesdq/CLKDIVP
                               i_platform/i_system_ddr/u_xilinx_ddr3_ctrl_axi32/u_xilinx_ddr3_ctrl_axi32_mig/u_memc_ui_top_axi/mem_intfc0/ddr_phy_top0/u_ddr_mc_phy_wrapper/u_ddr_mc_phy/ddr_phy_4lanes_0.u_ddr_phy_4lanes/ddr_byte_lane_D.ddr_byte_lane_D/in_fifo_gen.in_fifo/D5[1]
                                                              8.577         
i_platform/i_system_ddr/u_xilinx_ddr3_ctrl_axi32/u_xilinx_ddr3_ctrl_axi32_mig/u_memc_ui_top_axi/mem_intfc0/ddr_phy_top0/u_ddr_mc_phy_wrapper/u_ddr_mc_phy/ddr_phy_4lanes_0.u_ddr_phy_4lanes/ddr_byte_lane_B.ddr_byte_lane_B/ddr_byte_group_io/input_[5].iserdes_dq_.iserdesdq/CLKDIVP
                               i_platform/i_system_ddr/u_xilinx_ddr3_ctrl_axi32/u_xilinx_ddr3_ctrl_axi32_mig/u_memc_ui_top_axi/mem_intfc0/ddr_phy_top0/u_ddr_mc_phy_wrapper/u_ddr_mc_phy/ddr_phy_4lanes_0.u_ddr_phy_4lanes/ddr_byte_lane_B.ddr_byte_lane_B/in_fifo_gen.in_fifo/D5[3]
                                                              8.579         
i_platform/i_system_ddr/u_xilinx_ddr3_ctrl_axi32/u_xilinx_ddr3_ctrl_axi32_mig/u_memc_ui_top_axi/mem_intfc0/ddr_phy_top0/u_ddr_mc_phy_wrapper/u_ddr_mc_phy/ddr_phy_4lanes_0.u_ddr_phy_4lanes/ddr_byte_lane_C.ddr_byte_lane_C/ddr_byte_group_io/input_[4].iserdes_dq_.iserdesdq/CLKDIVP
                               i_platform/i_system_ddr/u_xilinx_ddr3_ctrl_axi32/u_xilinx_ddr3_ctrl_axi32_mig/u_memc_ui_top_axi/mem_intfc0/ddr_phy_top0/u_ddr_mc_phy_wrapper/u_ddr_mc_phy/ddr_phy_4lanes_0.u_ddr_phy_4lanes/ddr_byte_lane_C.ddr_byte_lane_C/in_fifo_gen.in_fifo/D4[0]
                                                              8.580         
i_platform/i_system_ddr/u_xilinx_ddr3_ctrl_axi32/u_xilinx_ddr3_ctrl_axi32_mig/u_memc_ui_top_axi/mem_intfc0/ddr_phy_top0/u_ddr_mc_phy_wrapper/u_ddr_mc_phy/ddr_phy_4lanes_0.u_ddr_phy_4lanes/ddr_byte_lane_C.ddr_byte_lane_C/ddr_byte_group_io/input_[4].iserdes_dq_.iserdesdq/CLKDIVP
                               i_platform/i_system_ddr/u_xilinx_ddr3_ctrl_axi32/u_xilinx_ddr3_ctrl_axi32_mig/u_memc_ui_top_axi/mem_intfc0/ddr_phy_top0/u_ddr_mc_phy_wrapper/u_ddr_mc_phy/ddr_phy_4lanes_0.u_ddr_phy_4lanes/ddr_byte_lane_C.ddr_byte_lane_C/in_fifo_gen.in_fifo/D4[1]
                                                              8.580         
i_platform/i_system_ddr/u_xilinx_ddr3_ctrl_axi32/u_xilinx_ddr3_ctrl_axi32_mig/u_memc_ui_top_axi/mem_intfc0/ddr_phy_top0/u_ddr_mc_phy_wrapper/u_ddr_mc_phy/ddr_phy_4lanes_0.u_ddr_phy_4lanes/ddr_byte_lane_B.ddr_byte_lane_B/ddr_byte_group_io/input_[5].iserdes_dq_.iserdesdq/CLKDIVP
                               i_platform/i_system_ddr/u_xilinx_ddr3_ctrl_axi32/u_xilinx_ddr3_ctrl_axi32_mig/u_memc_ui_top_axi/mem_intfc0/ddr_phy_top0/u_ddr_mc_phy_wrapper/u_ddr_mc_phy/ddr_phy_4lanes_0.u_ddr_phy_4lanes/ddr_byte_lane_B.ddr_byte_lane_B/in_fifo_gen.in_fifo/D5[2]
                                                              8.581         
i_platform/i_system_ddr/u_xilinx_ddr3_ctrl_axi32/u_xilinx_ddr3_ctrl_axi32_mig/u_memc_ui_top_axi/mem_intfc0/ddr_phy_top0/u_ddr_mc_phy_wrapper/u_ddr_mc_phy/ddr_phy_4lanes_0.u_ddr_phy_4lanes/ddr_byte_lane_C.ddr_byte_lane_C/ddr_byte_group_io/input_[5].iserdes_dq_.iserdesdq/CLKDIVP
                               i_platform/i_system_ddr/u_xilinx_ddr3_ctrl_axi32/u_xilinx_ddr3_ctrl_axi32_mig/u_memc_ui_top_axi/mem_intfc0/ddr_phy_top0/u_ddr_mc_phy_wrapper/u_ddr_mc_phy/ddr_phy_4lanes_0.u_ddr_phy_4lanes/ddr_byte_lane_C.ddr_byte_lane_C/in_fifo_gen.in_fifo/D5[3]
                                                              8.584         
i_platform/i_system_ddr/u_xilinx_ddr3_ctrl_axi32/u_xilinx_ddr3_ctrl_axi32_mig/u_memc_ui_top_axi/mem_intfc0/ddr_phy_top0/u_ddr_mc_phy_wrapper/u_ddr_mc_phy/ddr_phy_4lanes_0.u_ddr_phy_4lanes/ddr_byte_lane_B.ddr_byte_lane_B/ddr_byte_group_io/input_[5].iserdes_dq_.iserdesdq/CLKDIVP
                               i_platform/i_system_ddr/u_xilinx_ddr3_ctrl_axi32/u_xilinx_ddr3_ctrl_axi32_mig/u_memc_ui_top_axi/mem_intfc0/ddr_phy_top0/u_ddr_mc_phy_wrapper/u_ddr_mc_phy/ddr_phy_4lanes_0.u_ddr_phy_4lanes/ddr_byte_lane_B.ddr_byte_lane_B/in_fifo_gen.in_fifo/D5[0]
                                                              8.585         
i_platform/i_system_ddr/u_xilinx_ddr3_ctrl_axi32/u_xilinx_ddr3_ctrl_axi32_mig/u_memc_ui_top_axi/mem_intfc0/ddr_phy_top0/u_ddr_mc_phy_wrapper/u_ddr_mc_phy/ddr_phy_4lanes_0.u_ddr_phy_4lanes/ddr_byte_lane_B.ddr_byte_lane_B/ddr_byte_group_io/input_[5].iserdes_dq_.iserdesdq/CLKDIVP
                               i_platform/i_system_ddr/u_xilinx_ddr3_ctrl_axi32/u_xilinx_ddr3_ctrl_axi32_mig/u_memc_ui_top_axi/mem_intfc0/ddr_phy_top0/u_ddr_mc_phy_wrapper/u_ddr_mc_phy/ddr_phy_4lanes_0.u_ddr_phy_4lanes/ddr_byte_lane_B.ddr_byte_lane_B/in_fifo_gen.in_fifo/D5[1]
                                                              8.585         
i_platform/i_system_ddr/u_xilinx_ddr3_ctrl_axi32/u_xilinx_ddr3_ctrl_axi32_mig/u_memc_ui_top_axi/mem_intfc0/ddr_phy_top0/u_ddr_mc_phy_wrapper/u_ddr_mc_phy/ddr_phy_4lanes_0.u_ddr_phy_4lanes/ddr_byte_lane_C.ddr_byte_lane_C/ddr_byte_group_io/input_[5].iserdes_dq_.iserdesdq/CLKDIVP
                               i_platform/i_system_ddr/u_xilinx_ddr3_ctrl_axi32/u_xilinx_ddr3_ctrl_axi32_mig/u_memc_ui_top_axi/mem_intfc0/ddr_phy_top0/u_ddr_mc_phy_wrapper/u_ddr_mc_phy/ddr_phy_4lanes_0.u_ddr_phy_4lanes/ddr_byte_lane_C.ddr_byte_lane_C/in_fifo_gen.in_fifo/D5[2]
                                                              8.586         
i_platform/i_system_ddr/u_xilinx_ddr3_ctrl_axi32/u_xilinx_ddr3_ctrl_axi32_mig/u_memc_ui_top_axi/mem_intfc0/ddr_phy_top0/u_ddr_mc_phy_wrapper/u_ddr_mc_phy/ddr_phy_4lanes_0.u_ddr_phy_4lanes/ddr_byte_lane_C.ddr_byte_lane_C/ddr_byte_group_io/input_[5].iserdes_dq_.iserdesdq/CLKDIVP
                               i_platform/i_system_ddr/u_xilinx_ddr3_ctrl_axi32/u_xilinx_ddr3_ctrl_axi32_mig/u_memc_ui_top_axi/mem_intfc0/ddr_phy_top0/u_ddr_mc_phy_wrapper/u_ddr_mc_phy/ddr_phy_4lanes_0.u_ddr_phy_4lanes/ddr_byte_lane_C.ddr_byte_lane_C/in_fifo_gen.in_fifo/D5[0]
                                                              8.590         
i_platform/i_system_ddr/u_xilinx_ddr3_ctrl_axi32/u_xilinx_ddr3_ctrl_axi32_mig/u_memc_ui_top_axi/mem_intfc0/ddr_phy_top0/u_ddr_mc_phy_wrapper/u_ddr_mc_phy/ddr_phy_4lanes_0.u_ddr_phy_4lanes/ddr_byte_lane_C.ddr_byte_lane_C/ddr_byte_group_io/input_[5].iserdes_dq_.iserdesdq/CLKDIVP
                               i_platform/i_system_ddr/u_xilinx_ddr3_ctrl_axi32/u_xilinx_ddr3_ctrl_axi32_mig/u_memc_ui_top_axi/mem_intfc0/ddr_phy_top0/u_ddr_mc_phy_wrapper/u_ddr_mc_phy/ddr_phy_4lanes_0.u_ddr_phy_4lanes/ddr_byte_lane_C.ddr_byte_lane_C/in_fifo_gen.in_fifo/D5[1]
                                                              8.590         
i_platform/i_system_ddr/u_xilinx_ddr3_ctrl_axi32/u_xilinx_ddr3_ctrl_axi32_mig/u_memc_ui_top_axi/mem_intfc0/ddr_phy_top0/u_ddr_mc_phy_wrapper/u_ddr_mc_phy/ddr_phy_4lanes_1.u_ddr_phy_4lanes/ddr_byte_lane_D.ddr_byte_lane_D/out_fifo/RDCLK
                               i_platform/i_system_ddr/u_xilinx_ddr3_ctrl_axi32/u_xilinx_ddr3_ctrl_axi32_mig/u_memc_ui_top_axi/mem_intfc0/ddr_phy_top0/u_ddr_mc_phy_wrapper/u_ddr_mc_phy/ddr_phy_4lanes_1.u_ddr_phy_4lanes/ddr_byte_lane_D.ddr_byte_lane_D/ddr_byte_group_io/output_[2].oserdes_dq_.sdr.oserdes_dq_i/D3
                                                              8.849         
i_platform/i_system_ddr/u_xilinx_ddr3_ctrl_axi32/u_xilinx_ddr3_ctrl_axi32_mig/u_memc_ui_top_axi/mem_intfc0/ddr_phy_top0/u_ddr_mc_phy_wrapper/u_ddr_mc_phy/ddr_phy_4lanes_1.u_ddr_phy_4lanes/ddr_byte_lane_D.ddr_byte_lane_D/out_fifo/RDCLK
                               i_platform/i_system_ddr/u_xilinx_ddr3_ctrl_axi32/u_xilinx_ddr3_ctrl_axi32_mig/u_memc_ui_top_axi/mem_intfc0/ddr_phy_top0/u_ddr_mc_phy_wrapper/u_ddr_mc_phy/ddr_phy_4lanes_1.u_ddr_phy_4lanes/ddr_byte_lane_D.ddr_byte_lane_D/ddr_byte_group_io/output_[2].oserdes_dq_.sdr.oserdes_dq_i/D4
                                                              8.849         
i_platform/i_system_ddr/u_xilinx_ddr3_ctrl_axi32/u_xilinx_ddr3_ctrl_axi32_mig/u_memc_ui_top_axi/mem_intfc0/ddr_phy_top0/u_ddr_mc_phy_wrapper/u_ddr_mc_phy/ddr_phy_4lanes_1.u_ddr_phy_4lanes/ddr_byte_lane_D.ddr_byte_lane_D/out_fifo/RDCLK
                               i_platform/i_system_ddr/u_xilinx_ddr3_ctrl_axi32/u_xilinx_ddr3_ctrl_axi32_mig/u_memc_ui_top_axi/mem_intfc0/ddr_phy_top0/u_ddr_mc_phy_wrapper/u_ddr_mc_phy/ddr_phy_4lanes_1.u_ddr_phy_4lanes/ddr_byte_lane_D.ddr_byte_lane_D/ddr_byte_group_io/output_[9].oserdes_dq_.sdr.oserdes_dq_i/D3
                                                              8.849         
i_platform/i_system_ddr/u_xilinx_ddr3_ctrl_axi32/u_xilinx_ddr3_ctrl_axi32_mig/u_memc_ui_top_axi/mem_intfc0/ddr_phy_top0/u_ddr_mc_phy_wrapper/u_ddr_mc_phy/ddr_phy_4lanes_1.u_ddr_phy_4lanes/ddr_byte_lane_D.ddr_byte_lane_D/out_fifo/RDCLK
                               i_platform/i_system_ddr/u_xilinx_ddr3_ctrl_axi32/u_xilinx_ddr3_ctrl_axi32_mig/u_memc_ui_top_axi/mem_intfc0/ddr_phy_top0/u_ddr_mc_phy_wrapper/u_ddr_mc_phy/ddr_phy_4lanes_1.u_ddr_phy_4lanes/ddr_byte_lane_D.ddr_byte_lane_D/ddr_byte_group_io/output_[2].oserdes_dq_.sdr.oserdes_dq_i/D1
                                                              8.858         
i_platform/i_system_ddr/u_xilinx_ddr3_ctrl_axi32/u_xilinx_ddr3_ctrl_axi32_mig/u_memc_ui_top_axi/mem_intfc0/ddr_phy_top0/u_ddr_mc_phy_wrapper/u_ddr_mc_phy/ddr_phy_4lanes_1.u_ddr_phy_4lanes/ddr_byte_lane_D.ddr_byte_lane_D/out_fifo/RDCLK
                               i_platform/i_system_ddr/u_xilinx_ddr3_ctrl_axi32/u_xilinx_ddr3_ctrl_axi32_mig/u_memc_ui_top_axi/mem_intfc0/ddr_phy_top0/u_ddr_mc_phy_wrapper/u_ddr_mc_phy/ddr_phy_4lanes_1.u_ddr_phy_4lanes/ddr_byte_lane_D.ddr_byte_lane_D/ddr_byte_group_io/output_[9].oserdes_dq_.sdr.oserdes_dq_i/D4
                                                              8.897         
i_platform/i_system_ddr/u_xilinx_ddr3_ctrl_axi32/u_xilinx_ddr3_ctrl_axi32_mig/u_memc_ui_top_axi/mem_intfc0/ddr_phy_top0/u_ddr_mc_phy_wrapper/u_ddr_mc_phy/ddr_phy_4lanes_1.u_ddr_phy_4lanes/ddr_byte_lane_D.ddr_byte_lane_D/out_fifo/RDCLK
                               i_platform/i_system_ddr/u_xilinx_ddr3_ctrl_axi32/u_xilinx_ddr3_ctrl_axi32_mig/u_memc_ui_top_axi/mem_intfc0/ddr_phy_top0/u_ddr_mc_phy_wrapper/u_ddr_mc_phy/ddr_phy_4lanes_1.u_ddr_phy_4lanes/ddr_byte_lane_D.ddr_byte_lane_D/ddr_byte_group_io/output_[2].oserdes_dq_.sdr.oserdes_dq_i/D2
                                                              8.899         
i_platform/i_system_ddr/u_xilinx_ddr3_ctrl_axi32/u_xilinx_ddr3_ctrl_axi32_mig/u_memc_ui_top_axi/mem_intfc0/ddr_phy_top0/u_ddr_mc_phy_wrapper/u_ddr_mc_phy/ddr_phy_4lanes_1.u_ddr_phy_4lanes/ddr_byte_lane_D.ddr_byte_lane_D/out_fifo/RDCLK
                               i_platform/i_system_ddr/u_xilinx_ddr3_ctrl_axi32/u_xilinx_ddr3_ctrl_axi32_mig/u_memc_ui_top_axi/mem_intfc0/ddr_phy_top0/u_ddr_mc_phy_wrapper/u_ddr_mc_phy/ddr_phy_4lanes_1.u_ddr_phy_4lanes/ddr_byte_lane_D.ddr_byte_lane_D/ddr_byte_group_io/output_[9].oserdes_dq_.sdr.oserdes_dq_i/D2
                                                              8.899         
i_platform/i_system_ddr/u_xilinx_ddr3_ctrl_axi32/u_xilinx_ddr3_ctrl_axi32_mig/u_memc_ui_top_axi/mem_intfc0/ddr_phy_top0/u_ddr_mc_phy_wrapper/u_ddr_mc_phy/ddr_phy_4lanes_1.u_ddr_phy_4lanes/ddr_byte_lane_C.ddr_byte_lane_C/out_fifo/RDCLK
                               i_platform/i_system_ddr/u_xilinx_ddr3_ctrl_axi32/u_xilinx_ddr3_ctrl_axi32_mig/u_memc_ui_top_axi/mem_intfc0/ddr_phy_top0/u_ddr_mc_phy_wrapper/u_ddr_mc_phy/ddr_phy_4lanes_1.u_ddr_phy_4lanes/ddr_byte_lane_C.ddr_byte_lane_C/ddr_byte_group_io/output_[9].oserdes_dq_.sdr.oserdes_dq_i/D1
                                                              8.996         
i_platform/i_system_ddr/u_xilinx_ddr3_ctrl_axi32/u_xilinx_ddr3_ctrl_axi32_mig/u_memc_ui_top_axi/mem_intfc0/ddr_phy_top0/u_ddr_mc_phy_wrapper/u_ddr_mc_phy/ddr_phy_4lanes_1.u_ddr_phy_4lanes/ddr_byte_lane_B.ddr_byte_lane_B/out_fifo/RDCLK
                               i_platform/i_system_ddr/u_xilinx_ddr3_ctrl_axi32/u_xilinx_ddr3_ctrl_axi32_mig/u_memc_ui_top_axi/mem_intfc0/ddr_phy_top0/u_ddr_mc_phy_wrapper/u_ddr_mc_phy/ddr_phy_4lanes_1.u_ddr_phy_4lanes/ddr_byte_lane_B.ddr_byte_lane_B/ddr_byte_group_io/output_[10].oserdes_dq_.sdr.oserdes_dq_i/D1
                                                              9.000         
i_platform/i_system_ddr/u_xilinx_ddr3_ctrl_axi32/u_xilinx_ddr3_ctrl_axi32_mig/u_memc_ui_top_axi/mem_intfc0/ddr_phy_top0/u_ddr_mc_phy_wrapper/u_ddr_mc_phy/ddr_phy_4lanes_1.u_ddr_phy_4lanes/ddr_byte_lane_B.ddr_byte_lane_B/out_fifo/RDCLK
                               i_platform/i_system_ddr/u_xilinx_ddr3_ctrl_axi32/u_xilinx_ddr3_ctrl_axi32_mig/u_memc_ui_top_axi/mem_intfc0/ddr_phy_top0/u_ddr_mc_phy_wrapper/u_ddr_mc_phy/ddr_phy_4lanes_1.u_ddr_phy_4lanes/ddr_byte_lane_B.ddr_byte_lane_B/ddr_byte_group_io/output_[11].oserdes_dq_.sdr.oserdes_dq_i/D1
                                                              9.000         
i_platform/i_system_ddr/u_xilinx_ddr3_ctrl_axi32/u_xilinx_ddr3_ctrl_axi32_mig/u_memc_ui_top_axi/mem_intfc0/ddr_phy_top0/u_ddr_mc_phy_wrapper/u_ddr_mc_phy/ddr_phy_4lanes_1.u_ddr_phy_4lanes/ddr_byte_lane_B.ddr_byte_lane_B/out_fifo/RDCLK
                               i_platform/i_system_ddr/u_xilinx_ddr3_ctrl_axi32/u_xilinx_ddr3_ctrl_axi32_mig/u_memc_ui_top_axi/mem_intfc0/ddr_phy_top0/u_ddr_mc_phy_wrapper/u_ddr_mc_phy/ddr_phy_4lanes_1.u_ddr_phy_4lanes/ddr_byte_lane_B.ddr_byte_lane_B/ddr_byte_group_io/output_[4].oserdes_dq_.sdr.oserdes_dq_i/D1
                                                              9.001         
i_platform/i_system_ddr/u_xilinx_ddr3_ctrl_axi32/u_xilinx_ddr3_ctrl_axi32_mig/u_memc_ui_top_axi/mem_intfc0/ddr_phy_top0/u_ddr_mc_phy_wrapper/u_ddr_mc_phy/ddr_phy_4lanes_1.u_ddr_phy_4lanes/ddr_byte_lane_B.ddr_byte_lane_B/out_fifo/RDCLK
                               i_platform/i_system_ddr/u_xilinx_ddr3_ctrl_axi32/u_xilinx_ddr3_ctrl_axi32_mig/u_memc_ui_top_axi/mem_intfc0/ddr_phy_top0/u_ddr_mc_phy_wrapper/u_ddr_mc_phy/ddr_phy_4lanes_1.u_ddr_phy_4lanes/ddr_byte_lane_B.ddr_byte_lane_B/ddr_byte_group_io/output_[10].oserdes_dq_.sdr.oserdes_dq_i/D2
                                                              9.003         
i_platform/i_system_ddr/u_xilinx_ddr3_ctrl_axi32/u_xilinx_ddr3_ctrl_axi32_mig/u_memc_ui_top_axi/mem_intfc0/ddr_phy_top0/u_ddr_mc_phy_wrapper/u_ddr_mc_phy/ddr_phy_4lanes_1.u_ddr_phy_4lanes/ddr_byte_lane_B.ddr_byte_lane_B/out_fifo/RDCLK
                               i_platform/i_system_ddr/u_xilinx_ddr3_ctrl_axi32/u_xilinx_ddr3_ctrl_axi32_mig/u_memc_ui_top_axi/mem_intfc0/ddr_phy_top0/u_ddr_mc_phy_wrapper/u_ddr_mc_phy/ddr_phy_4lanes_1.u_ddr_phy_4lanes/ddr_byte_lane_B.ddr_byte_lane_B/ddr_byte_group_io/output_[10].oserdes_dq_.sdr.oserdes_dq_i/D4
                                                              9.003         
i_platform/i_system_ddr/u_xilinx_ddr3_ctrl_axi32/u_xilinx_ddr3_ctrl_axi32_mig/u_memc_ui_top_axi/mem_intfc0/ddr_phy_top0/u_ddr_mc_phy_wrapper/u_ddr_mc_phy/ddr_phy_4lanes_1.u_ddr_phy_4lanes/ddr_byte_lane_B.ddr_byte_lane_B/out_fifo/RDCLK
                               i_platform/i_system_ddr/u_xilinx_ddr3_ctrl_axi32/u_xilinx_ddr3_ctrl_axi32_mig/u_memc_ui_top_axi/mem_intfc0/ddr_phy_top0/u_ddr_mc_phy_wrapper/u_ddr_mc_phy/ddr_phy_4lanes_1.u_ddr_phy_4lanes/ddr_byte_lane_B.ddr_byte_lane_B/ddr_byte_group_io/output_[11].oserdes_dq_.sdr.oserdes_dq_i/D2
                                                              9.003         
i_platform/i_system_ddr/u_xilinx_ddr3_ctrl_axi32/u_xilinx_ddr3_ctrl_axi32_mig/u_memc_ui_top_axi/mem_intfc0/ddr_phy_top0/u_ddr_mc_phy_wrapper/u_ddr_mc_phy/ddr_phy_4lanes_1.u_ddr_phy_4lanes/ddr_byte_lane_B.ddr_byte_lane_B/out_fifo/RDCLK
                               i_platform/i_system_ddr/u_xilinx_ddr3_ctrl_axi32/u_xilinx_ddr3_ctrl_axi32_mig/u_memc_ui_top_axi/mem_intfc0/ddr_phy_top0/u_ddr_mc_phy_wrapper/u_ddr_mc_phy/ddr_phy_4lanes_1.u_ddr_phy_4lanes/ddr_byte_lane_B.ddr_byte_lane_B/ddr_byte_group_io/output_[11].oserdes_dq_.sdr.oserdes_dq_i/D4
                                                              9.003         
i_platform/i_system_ddr/u_xilinx_ddr3_ctrl_axi32/u_xilinx_ddr3_ctrl_axi32_mig/u_memc_ui_top_axi/mem_intfc0/ddr_phy_top0/u_ddr_mc_phy_wrapper/u_ddr_mc_phy/ddr_phy_4lanes_1.u_ddr_phy_4lanes/ddr_byte_lane_B.ddr_byte_lane_B/out_fifo/RDCLK
                               i_platform/i_system_ddr/u_xilinx_ddr3_ctrl_axi32/u_xilinx_ddr3_ctrl_axi32_mig/u_memc_ui_top_axi/mem_intfc0/ddr_phy_top0/u_ddr_mc_phy_wrapper/u_ddr_mc_phy/ddr_phy_4lanes_1.u_ddr_phy_4lanes/ddr_byte_lane_B.ddr_byte_lane_B/ddr_byte_group_io/output_[10].oserdes_dq_.sdr.oserdes_dq_i/D3
                                                              9.004         
i_platform/i_system_ddr/u_xilinx_ddr3_ctrl_axi32/u_xilinx_ddr3_ctrl_axi32_mig/u_memc_ui_top_axi/mem_intfc0/ddr_phy_top0/u_ddr_mc_phy_wrapper/u_ddr_mc_phy/ddr_phy_4lanes_1.u_ddr_phy_4lanes/ddr_byte_lane_B.ddr_byte_lane_B/out_fifo/RDCLK
                               i_platform/i_system_ddr/u_xilinx_ddr3_ctrl_axi32/u_xilinx_ddr3_ctrl_axi32_mig/u_memc_ui_top_axi/mem_intfc0/ddr_phy_top0/u_ddr_mc_phy_wrapper/u_ddr_mc_phy/ddr_phy_4lanes_1.u_ddr_phy_4lanes/ddr_byte_lane_B.ddr_byte_lane_B/ddr_byte_group_io/output_[11].oserdes_dq_.sdr.oserdes_dq_i/D3
                                                              9.004         
i_platform/i_system_ddr/u_xilinx_ddr3_ctrl_axi32/u_xilinx_ddr3_ctrl_axi32_mig/u_memc_ui_top_axi/mem_intfc0/ddr_phy_top0/u_ddr_mc_phy_wrapper/u_ddr_mc_phy/ddr_phy_4lanes_1.u_ddr_phy_4lanes/ddr_byte_lane_B.ddr_byte_lane_B/out_fifo/RDCLK
                               i_platform/i_system_ddr/u_xilinx_ddr3_ctrl_axi32/u_xilinx_ddr3_ctrl_axi32_mig/u_memc_ui_top_axi/mem_intfc0/ddr_phy_top0/u_ddr_mc_phy_wrapper/u_ddr_mc_phy/ddr_phy_4lanes_1.u_ddr_phy_4lanes/ddr_byte_lane_B.ddr_byte_lane_B/ddr_byte_group_io/output_[4].oserdes_dq_.sdr.oserdes_dq_i/D2
                                                              9.004         
i_platform/i_system_ddr/u_xilinx_ddr3_ctrl_axi32/u_xilinx_ddr3_ctrl_axi32_mig/u_memc_ui_top_axi/mem_intfc0/ddr_phy_top0/u_ddr_mc_phy_wrapper/u_ddr_mc_phy/ddr_phy_4lanes_1.u_ddr_phy_4lanes/ddr_byte_lane_B.ddr_byte_lane_B/out_fifo/RDCLK
                               i_platform/i_system_ddr/u_xilinx_ddr3_ctrl_axi32/u_xilinx_ddr3_ctrl_axi32_mig/u_memc_ui_top_axi/mem_intfc0/ddr_phy_top0/u_ddr_mc_phy_wrapper/u_ddr_mc_phy/ddr_phy_4lanes_1.u_ddr_phy_4lanes/ddr_byte_lane_B.ddr_byte_lane_B/ddr_byte_group_io/output_[4].oserdes_dq_.sdr.oserdes_dq_i/D4
                                                              9.004         
i_platform/i_system_ddr/u_xilinx_ddr3_ctrl_axi32/u_xilinx_ddr3_ctrl_axi32_mig/u_memc_ui_top_axi/mem_intfc0/ddr_phy_top0/u_ddr_mc_phy_wrapper/u_ddr_mc_phy/ddr_phy_4lanes_1.u_ddr_phy_4lanes/ddr_byte_lane_C.ddr_byte_lane_C/out_fifo/RDCLK
                               i_platform/i_system_ddr/u_xilinx_ddr3_ctrl_axi32/u_xilinx_ddr3_ctrl_axi32_mig/u_memc_ui_top_axi/mem_intfc0/ddr_phy_top0/u_ddr_mc_phy_wrapper/u_ddr_mc_phy/ddr_phy_4lanes_1.u_ddr_phy_4lanes/ddr_byte_lane_C.ddr_byte_lane_C/ddr_byte_group_io/output_[10].oserdes_dq_.sdr.oserdes_dq_i/D1
                                                              9.005         
i_platform/i_system_ddr/u_xilinx_ddr3_ctrl_axi32/u_xilinx_ddr3_ctrl_axi32_mig/u_memc_ui_top_axi/mem_intfc0/ddr_phy_top0/u_ddr_mc_phy_wrapper/u_ddr_mc_phy/ddr_phy_4lanes_1.u_ddr_phy_4lanes/ddr_byte_lane_C.ddr_byte_lane_C/out_fifo/RDCLK
                               i_platform/i_system_ddr/u_xilinx_ddr3_ctrl_axi32/u_xilinx_ddr3_ctrl_axi32_mig/u_memc_ui_top_axi/mem_intfc0/ddr_phy_top0/u_ddr_mc_phy_wrapper/u_ddr_mc_phy/ddr_phy_4lanes_1.u_ddr_phy_4lanes/ddr_byte_lane_C.ddr_byte_lane_C/ddr_byte_group_io/output_[11].oserdes_dq_.sdr.oserdes_dq_i/D1
                                                              9.005         
i_platform/i_system_ddr/u_xilinx_ddr3_ctrl_axi32/u_xilinx_ddr3_ctrl_axi32_mig/u_memc_ui_top_axi/mem_intfc0/ddr_phy_top0/u_ddr_mc_phy_wrapper/u_ddr_mc_phy/ddr_phy_4lanes_1.u_ddr_phy_4lanes/ddr_byte_lane_C.ddr_byte_lane_C/out_fifo/RDCLK
                               i_platform/i_system_ddr/u_xilinx_ddr3_ctrl_axi32/u_xilinx_ddr3_ctrl_axi32_mig/u_memc_ui_top_axi/mem_intfc0/ddr_phy_top0/u_ddr_mc_phy_wrapper/u_ddr_mc_phy/ddr_phy_4lanes_1.u_ddr_phy_4lanes/ddr_byte_lane_C.ddr_byte_lane_C/ddr_byte_group_io/output_[6].oserdes_dq_.sdr.oserdes_dq_i/D1
                                                              9.005         
i_platform/i_system_ddr/u_xilinx_ddr3_ctrl_axi32/u_xilinx_ddr3_ctrl_axi32_mig/u_memc_ui_top_axi/mem_intfc0/ddr_phy_top0/u_ddr_mc_phy_wrapper/u_ddr_mc_phy/ddr_phy_4lanes_1.u_ddr_phy_4lanes/ddr_byte_lane_B.ddr_byte_lane_B/out_fifo/RDCLK
                               i_platform/i_system_ddr/u_xilinx_ddr3_ctrl_axi32/u_xilinx_ddr3_ctrl_axi32_mig/u_memc_ui_top_axi/mem_intfc0/ddr_phy_top0/u_ddr_mc_phy_wrapper/u_ddr_mc_phy/ddr_phy_4lanes_1.u_ddr_phy_4lanes/ddr_byte_lane_B.ddr_byte_lane_B/ddr_byte_group_io/output_[4].oserdes_dq_.sdr.oserdes_dq_i/D3
                                                              9.005         
i_platform/i_system_ddr/u_xilinx_ddr3_ctrl_axi32/u_xilinx_ddr3_ctrl_axi32_mig/u_memc_ui_top_axi/mem_intfc0/ddr_phy_top0/u_ddr_mc_phy_wrapper/u_ddr_mc_phy/ddr_phy_4lanes_1.u_ddr_phy_4lanes/ddr_byte_lane_C.ddr_byte_lane_C/out_fifo/RDCLK
                               i_platform/i_system_ddr/u_xilinx_ddr3_ctrl_axi32/u_xilinx_ddr3_ctrl_axi32_mig/u_memc_ui_top_axi/mem_intfc0/ddr_phy_top0/u_ddr_mc_phy_wrapper/u_ddr_mc_phy/ddr_phy_4lanes_1.u_ddr_phy_4lanes/ddr_byte_lane_C.ddr_byte_lane_C/ddr_byte_group_io/output_[4].oserdes_dq_.sdr.oserdes_dq_i/D1
                                                              9.006         
i_platform/i_system_ddr/u_xilinx_ddr3_ctrl_axi32/u_xilinx_ddr3_ctrl_axi32_mig/u_memc_ui_top_axi/mem_intfc0/ddr_phy_top0/u_ddr_mc_phy_wrapper/u_ddr_mc_phy/ddr_phy_4lanes_1.u_ddr_phy_4lanes/ddr_byte_lane_C.ddr_byte_lane_C/out_fifo/RDCLK
                               i_platform/i_system_ddr/u_xilinx_ddr3_ctrl_axi32/u_xilinx_ddr3_ctrl_axi32_mig/u_memc_ui_top_axi/mem_intfc0/ddr_phy_top0/u_ddr_mc_phy_wrapper/u_ddr_mc_phy/ddr_phy_4lanes_1.u_ddr_phy_4lanes/ddr_byte_lane_C.ddr_byte_lane_C/ddr_byte_group_io/output_[5].oserdes_dq_.sdr.oserdes_dq_i/D1
                                                              9.006         
i_platform/i_system_ddr/u_xilinx_ddr3_ctrl_axi32/u_xilinx_ddr3_ctrl_axi32_mig/u_memc_ui_top_axi/mem_intfc0/ddr_phy_top0/u_ddr_mc_phy_wrapper/u_ddr_mc_phy/ddr_phy_4lanes_1.u_ddr_phy_4lanes/ddr_byte_lane_C.ddr_byte_lane_C/out_fifo/RDCLK
                               i_platform/i_system_ddr/u_xilinx_ddr3_ctrl_axi32/u_xilinx_ddr3_ctrl_axi32_mig/u_memc_ui_top_axi/mem_intfc0/ddr_phy_top0/u_ddr_mc_phy_wrapper/u_ddr_mc_phy/ddr_phy_4lanes_1.u_ddr_phy_4lanes/ddr_byte_lane_C.ddr_byte_lane_C/ddr_byte_group_io/output_[2].oserdes_dq_.sdr.oserdes_dq_i/D1
                                                              9.007         
i_platform/i_system_ddr/u_xilinx_ddr3_ctrl_axi32/u_xilinx_ddr3_ctrl_axi32_mig/u_memc_ui_top_axi/mem_intfc0/ddr_phy_top0/u_ddr_mc_phy_wrapper/u_ddr_mc_phy/ddr_phy_4lanes_1.u_ddr_phy_4lanes/ddr_byte_lane_C.ddr_byte_lane_C/out_fifo/RDCLK
                               i_platform/i_system_ddr/u_xilinx_ddr3_ctrl_axi32/u_xilinx_ddr3_ctrl_axi32_mig/u_memc_ui_top_axi/mem_intfc0/ddr_phy_top0/u_ddr_mc_phy_wrapper/u_ddr_mc_phy/ddr_phy_4lanes_1.u_ddr_phy_4lanes/ddr_byte_lane_C.ddr_byte_lane_C/ddr_byte_group_io/output_[3].oserdes_dq_.sdr.oserdes_dq_i/D1
                                                              9.007         
i_platform/i_system_ddr/u_xilinx_ddr3_ctrl_axi32/u_xilinx_ddr3_ctrl_axi32_mig/u_memc_ui_top_axi/mem_intfc0/ddr_phy_top0/u_ddr_mc_phy_wrapper/u_ddr_mc_phy/ddr_phy_4lanes_1.u_ddr_phy_4lanes/ddr_byte_lane_C.ddr_byte_lane_C/out_fifo/RDCLK
                               i_platform/i_system_ddr/u_xilinx_ddr3_ctrl_axi32/u_xilinx_ddr3_ctrl_axi32_mig/u_memc_ui_top_axi/mem_intfc0/ddr_phy_top0/u_ddr_mc_phy_wrapper/u_ddr_mc_phy/ddr_phy_4lanes_1.u_ddr_phy_4lanes/ddr_byte_lane_C.ddr_byte_lane_C/ddr_byte_group_io/output_[7].oserdes_dq_.sdr.oserdes_dq_i/D1
                                                              9.007         
i_platform/i_system_ddr/u_xilinx_ddr3_ctrl_axi32/u_xilinx_ddr3_ctrl_axi32_mig/u_memc_ui_top_axi/mem_intfc0/ddr_phy_top0/u_ddr_mc_phy_wrapper/u_ddr_mc_phy/ddr_phy_4lanes_1.u_ddr_phy_4lanes/ddr_byte_lane_C.ddr_byte_lane_C/out_fifo/RDCLK
                               i_platform/i_system_ddr/u_xilinx_ddr3_ctrl_axi32/u_xilinx_ddr3_ctrl_axi32_mig/u_memc_ui_top_axi/mem_intfc0/ddr_phy_top0/u_ddr_mc_phy_wrapper/u_ddr_mc_phy/ddr_phy_4lanes_1.u_ddr_phy_4lanes/ddr_byte_lane_C.ddr_byte_lane_C/ddr_byte_group_io/output_[8].oserdes_dq_.sdr.oserdes_dq_i/D1
                                                              9.007         
i_platform/i_system_ddr/u_xilinx_ddr3_ctrl_axi32/u_xilinx_ddr3_ctrl_axi32_mig/u_memc_ui_top_axi/mem_intfc0/ddr_phy_top0/u_ddr_mc_phy_wrapper/u_ddr_mc_phy/ddr_phy_4lanes_1.u_ddr_phy_4lanes/ddr_byte_lane_C.ddr_byte_lane_C/out_fifo/RDCLK
                               i_platform/i_system_ddr/u_xilinx_ddr3_ctrl_axi32/u_xilinx_ddr3_ctrl_axi32_mig/u_memc_ui_top_axi/mem_intfc0/ddr_phy_top0/u_ddr_mc_phy_wrapper/u_ddr_mc_phy/ddr_phy_4lanes_1.u_ddr_phy_4lanes/ddr_byte_lane_C.ddr_byte_lane_C/ddr_byte_group_io/output_[10].oserdes_dq_.sdr.oserdes_dq_i/D2
                                                              9.008         
i_platform/i_system_ddr/u_xilinx_ddr3_ctrl_axi32/u_xilinx_ddr3_ctrl_axi32_mig/u_memc_ui_top_axi/mem_intfc0/ddr_phy_top0/u_ddr_mc_phy_wrapper/u_ddr_mc_phy/ddr_phy_4lanes_1.u_ddr_phy_4lanes/ddr_byte_lane_C.ddr_byte_lane_C/out_fifo/RDCLK
                               i_platform/i_system_ddr/u_xilinx_ddr3_ctrl_axi32/u_xilinx_ddr3_ctrl_axi32_mig/u_memc_ui_top_axi/mem_intfc0/ddr_phy_top0/u_ddr_mc_phy_wrapper/u_ddr_mc_phy/ddr_phy_4lanes_1.u_ddr_phy_4lanes/ddr_byte_lane_C.ddr_byte_lane_C/ddr_byte_group_io/output_[10].oserdes_dq_.sdr.oserdes_dq_i/D4
                                                              9.008         
i_platform/i_system_ddr/u_xilinx_ddr3_ctrl_axi32/u_xilinx_ddr3_ctrl_axi32_mig/u_memc_ui_top_axi/mem_intfc0/ddr_phy_top0/u_ddr_mc_phy_wrapper/u_ddr_mc_phy/ddr_phy_4lanes_1.u_ddr_phy_4lanes/ddr_byte_lane_C.ddr_byte_lane_C/out_fifo/RDCLK
                               i_platform/i_system_ddr/u_xilinx_ddr3_ctrl_axi32/u_xilinx_ddr3_ctrl_axi32_mig/u_memc_ui_top_axi/mem_intfc0/ddr_phy_top0/u_ddr_mc_phy_wrapper/u_ddr_mc_phy/ddr_phy_4lanes_1.u_ddr_phy_4lanes/ddr_byte_lane_C.ddr_byte_lane_C/ddr_byte_group_io/output_[11].oserdes_dq_.sdr.oserdes_dq_i/D2
                                                              9.008         
i_platform/i_system_ddr/u_xilinx_ddr3_ctrl_axi32/u_xilinx_ddr3_ctrl_axi32_mig/u_memc_ui_top_axi/mem_intfc0/ddr_phy_top0/u_ddr_mc_phy_wrapper/u_ddr_mc_phy/ddr_phy_4lanes_1.u_ddr_phy_4lanes/ddr_byte_lane_C.ddr_byte_lane_C/out_fifo/RDCLK
                               i_platform/i_system_ddr/u_xilinx_ddr3_ctrl_axi32/u_xilinx_ddr3_ctrl_axi32_mig/u_memc_ui_top_axi/mem_intfc0/ddr_phy_top0/u_ddr_mc_phy_wrapper/u_ddr_mc_phy/ddr_phy_4lanes_1.u_ddr_phy_4lanes/ddr_byte_lane_C.ddr_byte_lane_C/ddr_byte_group_io/output_[11].oserdes_dq_.sdr.oserdes_dq_i/D4
                                                              9.008         
i_platform/i_system_ddr/u_xilinx_ddr3_ctrl_axi32/u_xilinx_ddr3_ctrl_axi32_mig/u_memc_ui_top_axi/mem_intfc0/ddr_phy_top0/u_ddr_mc_phy_wrapper/u_ddr_mc_phy/ddr_phy_4lanes_1.u_ddr_phy_4lanes/ddr_byte_lane_C.ddr_byte_lane_C/out_fifo/RDCLK
                               i_platform/i_system_ddr/u_xilinx_ddr3_ctrl_axi32/u_xilinx_ddr3_ctrl_axi32_mig/u_memc_ui_top_axi/mem_intfc0/ddr_phy_top0/u_ddr_mc_phy_wrapper/u_ddr_mc_phy/ddr_phy_4lanes_1.u_ddr_phy_4lanes/ddr_byte_lane_C.ddr_byte_lane_C/ddr_byte_group_io/output_[6].oserdes_dq_.sdr.oserdes_dq_i/D2
                                                              9.008         
i_platform/i_system_ddr/u_xilinx_ddr3_ctrl_axi32/u_xilinx_ddr3_ctrl_axi32_mig/u_memc_ui_top_axi/mem_intfc0/ddr_phy_top0/u_ddr_mc_phy_wrapper/u_ddr_mc_phy/ddr_phy_4lanes_1.u_ddr_phy_4lanes/ddr_byte_lane_C.ddr_byte_lane_C/out_fifo/RDCLK
                               i_platform/i_system_ddr/u_xilinx_ddr3_ctrl_axi32/u_xilinx_ddr3_ctrl_axi32_mig/u_memc_ui_top_axi/mem_intfc0/ddr_phy_top0/u_ddr_mc_phy_wrapper/u_ddr_mc_phy/ddr_phy_4lanes_1.u_ddr_phy_4lanes/ddr_byte_lane_C.ddr_byte_lane_C/ddr_byte_group_io/output_[6].oserdes_dq_.sdr.oserdes_dq_i/D4
                                                              9.008         
i_platform/i_system_ddr/u_xilinx_ddr3_ctrl_axi32/u_xilinx_ddr3_ctrl_axi32_mig/u_memc_ui_top_axi/mem_intfc0/ddr_phy_top0/u_ddr_mc_phy_wrapper/u_ddr_mc_phy/ddr_phy_4lanes_1.u_ddr_phy_4lanes/ddr_byte_lane_C.ddr_byte_lane_C/out_fifo/RDCLK
                               i_platform/i_system_ddr/u_xilinx_ddr3_ctrl_axi32/u_xilinx_ddr3_ctrl_axi32_mig/u_memc_ui_top_axi/mem_intfc0/ddr_phy_top0/u_ddr_mc_phy_wrapper/u_ddr_mc_phy/ddr_phy_4lanes_1.u_ddr_phy_4lanes/ddr_byte_lane_C.ddr_byte_lane_C/ddr_byte_group_io/output_[4].oserdes_dq_.sdr.oserdes_dq_i/D2
                                                              9.009         
i_platform/i_system_ddr/u_xilinx_ddr3_ctrl_axi32/u_xilinx_ddr3_ctrl_axi32_mig/u_memc_ui_top_axi/mem_intfc0/ddr_phy_top0/u_ddr_mc_phy_wrapper/u_ddr_mc_phy/ddr_phy_4lanes_1.u_ddr_phy_4lanes/ddr_byte_lane_C.ddr_byte_lane_C/out_fifo/RDCLK
                               i_platform/i_system_ddr/u_xilinx_ddr3_ctrl_axi32/u_xilinx_ddr3_ctrl_axi32_mig/u_memc_ui_top_axi/mem_intfc0/ddr_phy_top0/u_ddr_mc_phy_wrapper/u_ddr_mc_phy/ddr_phy_4lanes_1.u_ddr_phy_4lanes/ddr_byte_lane_C.ddr_byte_lane_C/ddr_byte_group_io/output_[4].oserdes_dq_.sdr.oserdes_dq_i/D4
                                                              9.009         
i_platform/i_system_ddr/u_xilinx_ddr3_ctrl_axi32/u_xilinx_ddr3_ctrl_axi32_mig/u_memc_ui_top_axi/mem_intfc0/ddr_phy_top0/u_ddr_mc_phy_wrapper/u_ddr_mc_phy/ddr_phy_4lanes_1.u_ddr_phy_4lanes/ddr_byte_lane_C.ddr_byte_lane_C/out_fifo/RDCLK
                               i_platform/i_system_ddr/u_xilinx_ddr3_ctrl_axi32/u_xilinx_ddr3_ctrl_axi32_mig/u_memc_ui_top_axi/mem_intfc0/ddr_phy_top0/u_ddr_mc_phy_wrapper/u_ddr_mc_phy/ddr_phy_4lanes_1.u_ddr_phy_4lanes/ddr_byte_lane_C.ddr_byte_lane_C/ddr_byte_group_io/output_[5].oserdes_dq_.sdr.oserdes_dq_i/D2
                                                              9.009         
i_platform/i_system_ddr/u_xilinx_ddr3_ctrl_axi32/u_xilinx_ddr3_ctrl_axi32_mig/u_memc_ui_top_axi/mem_intfc0/ddr_phy_top0/u_ddr_mc_phy_wrapper/u_ddr_mc_phy/ddr_phy_4lanes_1.u_ddr_phy_4lanes/ddr_byte_lane_C.ddr_byte_lane_C/out_fifo/RDCLK
                               i_platform/i_system_ddr/u_xilinx_ddr3_ctrl_axi32/u_xilinx_ddr3_ctrl_axi32_mig/u_memc_ui_top_axi/mem_intfc0/ddr_phy_top0/u_ddr_mc_phy_wrapper/u_ddr_mc_phy/ddr_phy_4lanes_1.u_ddr_phy_4lanes/ddr_byte_lane_C.ddr_byte_lane_C/ddr_byte_group_io/output_[5].oserdes_dq_.sdr.oserdes_dq_i/D4
                                                              9.009         
i_platform/i_system_ddr/u_xilinx_ddr3_ctrl_axi32/u_xilinx_ddr3_ctrl_axi32_mig/u_memc_ui_top_axi/mem_intfc0/ddr_phy_top0/u_ddr_mc_phy_wrapper/u_ddr_mc_phy/ddr_phy_4lanes_1.u_ddr_phy_4lanes/ddr_byte_lane_C.ddr_byte_lane_C/out_fifo/RDCLK
                               i_platform/i_system_ddr/u_xilinx_ddr3_ctrl_axi32/u_xilinx_ddr3_ctrl_axi32_mig/u_memc_ui_top_axi/mem_intfc0/ddr_phy_top0/u_ddr_mc_phy_wrapper/u_ddr_mc_phy/ddr_phy_4lanes_1.u_ddr_phy_4lanes/ddr_byte_lane_C.ddr_byte_lane_C/ddr_byte_group_io/output_[10].oserdes_dq_.sdr.oserdes_dq_i/D3
                                                              9.009         
i_platform/i_system_ddr/u_xilinx_ddr3_ctrl_axi32/u_xilinx_ddr3_ctrl_axi32_mig/u_memc_ui_top_axi/mem_intfc0/ddr_phy_top0/u_ddr_mc_phy_wrapper/u_ddr_mc_phy/ddr_phy_4lanes_1.u_ddr_phy_4lanes/ddr_byte_lane_C.ddr_byte_lane_C/out_fifo/RDCLK
                               i_platform/i_system_ddr/u_xilinx_ddr3_ctrl_axi32/u_xilinx_ddr3_ctrl_axi32_mig/u_memc_ui_top_axi/mem_intfc0/ddr_phy_top0/u_ddr_mc_phy_wrapper/u_ddr_mc_phy/ddr_phy_4lanes_1.u_ddr_phy_4lanes/ddr_byte_lane_C.ddr_byte_lane_C/ddr_byte_group_io/output_[11].oserdes_dq_.sdr.oserdes_dq_i/D3
                                                              9.009         
i_platform/i_system_ddr/u_xilinx_ddr3_ctrl_axi32/u_xilinx_ddr3_ctrl_axi32_mig/u_memc_ui_top_axi/mem_intfc0/ddr_phy_top0/u_ddr_mc_phy_wrapper/u_ddr_mc_phy/ddr_phy_4lanes_1.u_ddr_phy_4lanes/ddr_byte_lane_C.ddr_byte_lane_C/out_fifo/RDCLK
                               i_platform/i_system_ddr/u_xilinx_ddr3_ctrl_axi32/u_xilinx_ddr3_ctrl_axi32_mig/u_memc_ui_top_axi/mem_intfc0/ddr_phy_top0/u_ddr_mc_phy_wrapper/u_ddr_mc_phy/ddr_phy_4lanes_1.u_ddr_phy_4lanes/ddr_byte_lane_C.ddr_byte_lane_C/ddr_byte_group_io/output_[6].oserdes_dq_.sdr.oserdes_dq_i/D3
                                                              9.009         
i_platform/i_system_ddr/u_xilinx_ddr3_ctrl_axi32/u_xilinx_ddr3_ctrl_axi32_mig/u_memc_ui_top_axi/mem_intfc0/ddr_phy_top0/u_ddr_mc_phy_wrapper/u_ddr_mc_phy/ddr_phy_4lanes_1.u_ddr_phy_4lanes/ddr_byte_lane_D.ddr_byte_lane_D/out_fifo/RDCLK
                               i_platform/i_system_ddr/u_xilinx_ddr3_ctrl_axi32/u_xilinx_ddr3_ctrl_axi32_mig/u_memc_ui_top_axi/mem_intfc0/ddr_phy_top0/u_ddr_mc_phy_wrapper/u_ddr_mc_phy/ddr_phy_4lanes_1.u_ddr_phy_4lanes/ddr_byte_lane_D.ddr_byte_lane_D/ddr_byte_group_io/output_[9].oserdes_dq_.sdr.oserdes_dq_i/D1
                                                              9.009         
i_platform/i_system_ddr/u_xilinx_ddr3_ctrl_axi32/u_xilinx_ddr3_ctrl_axi32_mig/u_memc_ui_top_axi/mem_intfc0/ddr_phy_top0/u_ddr_mc_phy_wrapper/u_ddr_mc_phy/ddr_phy_4lanes_1.u_ddr_phy_4lanes/ddr_byte_lane_C.ddr_byte_lane_C/out_fifo/RDCLK
                               i_platform/i_system_ddr/u_xilinx_ddr3_ctrl_axi32/u_xilinx_ddr3_ctrl_axi32_mig/u_memc_ui_top_axi/mem_intfc0/ddr_phy_top0/u_ddr_mc_phy_wrapper/u_ddr_mc_phy/ddr_phy_4lanes_1.u_ddr_phy_4lanes/ddr_byte_lane_C.ddr_byte_lane_C/ddr_byte_group_io/output_[4].oserdes_dq_.sdr.oserdes_dq_i/D3
                                                              9.010         
i_platform/i_system_ddr/u_xilinx_ddr3_ctrl_axi32/u_xilinx_ddr3_ctrl_axi32_mig/u_memc_ui_top_axi/mem_intfc0/ddr_phy_top0/u_ddr_mc_phy_wrapper/u_ddr_mc_phy/ddr_phy_4lanes_1.u_ddr_phy_4lanes/ddr_byte_lane_C.ddr_byte_lane_C/out_fifo/RDCLK
                               i_platform/i_system_ddr/u_xilinx_ddr3_ctrl_axi32/u_xilinx_ddr3_ctrl_axi32_mig/u_memc_ui_top_axi/mem_intfc0/ddr_phy_top0/u_ddr_mc_phy_wrapper/u_ddr_mc_phy/ddr_phy_4lanes_1.u_ddr_phy_4lanes/ddr_byte_lane_C.ddr_byte_lane_C/ddr_byte_group_io/output_[5].oserdes_dq_.sdr.oserdes_dq_i/D3
                                                              9.010         
i_platform/i_system_ddr/u_xilinx_ddr3_ctrl_axi32/u_xilinx_ddr3_ctrl_axi32_mig/u_memc_ui_top_axi/mem_intfc0/ddr_phy_top0/u_ddr_mc_phy_wrapper/u_ddr_mc_phy/ddr_phy_4lanes_1.u_ddr_phy_4lanes/ddr_byte_lane_C.ddr_byte_lane_C/out_fifo/RDCLK
                               i_platform/i_system_ddr/u_xilinx_ddr3_ctrl_axi32/u_xilinx_ddr3_ctrl_axi32_mig/u_memc_ui_top_axi/mem_intfc0/ddr_phy_top0/u_ddr_mc_phy_wrapper/u_ddr_mc_phy/ddr_phy_4lanes_1.u_ddr_phy_4lanes/ddr_byte_lane_C.ddr_byte_lane_C/ddr_byte_group_io/output_[2].oserdes_dq_.sdr.oserdes_dq_i/D2
                                                              9.010         
i_platform/i_system_ddr/u_xilinx_ddr3_ctrl_axi32/u_xilinx_ddr3_ctrl_axi32_mig/u_memc_ui_top_axi/mem_intfc0/ddr_phy_top0/u_ddr_mc_phy_wrapper/u_ddr_mc_phy/ddr_phy_4lanes_1.u_ddr_phy_4lanes/ddr_byte_lane_C.ddr_byte_lane_C/out_fifo/RDCLK
                               i_platform/i_system_ddr/u_xilinx_ddr3_ctrl_axi32/u_xilinx_ddr3_ctrl_axi32_mig/u_memc_ui_top_axi/mem_intfc0/ddr_phy_top0/u_ddr_mc_phy_wrapper/u_ddr_mc_phy/ddr_phy_4lanes_1.u_ddr_phy_4lanes/ddr_byte_lane_C.ddr_byte_lane_C/ddr_byte_group_io/output_[2].oserdes_dq_.sdr.oserdes_dq_i/D4
                                                              9.010         
i_platform/i_system_ddr/u_xilinx_ddr3_ctrl_axi32/u_xilinx_ddr3_ctrl_axi32_mig/u_memc_ui_top_axi/mem_intfc0/ddr_phy_top0/u_ddr_mc_phy_wrapper/u_ddr_mc_phy/ddr_phy_4lanes_1.u_ddr_phy_4lanes/ddr_byte_lane_C.ddr_byte_lane_C/out_fifo/RDCLK
                               i_platform/i_system_ddr/u_xilinx_ddr3_ctrl_axi32/u_xilinx_ddr3_ctrl_axi32_mig/u_memc_ui_top_axi/mem_intfc0/ddr_phy_top0/u_ddr_mc_phy_wrapper/u_ddr_mc_phy/ddr_phy_4lanes_1.u_ddr_phy_4lanes/ddr_byte_lane_C.ddr_byte_lane_C/ddr_byte_group_io/output_[3].oserdes_dq_.sdr.oserdes_dq_i/D2
                                                              9.010         
i_platform/i_system_ddr/u_xilinx_ddr3_ctrl_axi32/u_xilinx_ddr3_ctrl_axi32_mig/u_memc_ui_top_axi/mem_intfc0/ddr_phy_top0/u_ddr_mc_phy_wrapper/u_ddr_mc_phy/ddr_phy_4lanes_1.u_ddr_phy_4lanes/ddr_byte_lane_C.ddr_byte_lane_C/out_fifo/RDCLK
                               i_platform/i_system_ddr/u_xilinx_ddr3_ctrl_axi32/u_xilinx_ddr3_ctrl_axi32_mig/u_memc_ui_top_axi/mem_intfc0/ddr_phy_top0/u_ddr_mc_phy_wrapper/u_ddr_mc_phy/ddr_phy_4lanes_1.u_ddr_phy_4lanes/ddr_byte_lane_C.ddr_byte_lane_C/ddr_byte_group_io/output_[3].oserdes_dq_.sdr.oserdes_dq_i/D4
                                                              9.010         
i_platform/i_system_ddr/u_xilinx_ddr3_ctrl_axi32/u_xilinx_ddr3_ctrl_axi32_mig/u_memc_ui_top_axi/mem_intfc0/ddr_phy_top0/u_ddr_mc_phy_wrapper/u_ddr_mc_phy/ddr_phy_4lanes_1.u_ddr_phy_4lanes/ddr_byte_lane_C.ddr_byte_lane_C/out_fifo/RDCLK
                               i_platform/i_system_ddr/u_xilinx_ddr3_ctrl_axi32/u_xilinx_ddr3_ctrl_axi32_mig/u_memc_ui_top_axi/mem_intfc0/ddr_phy_top0/u_ddr_mc_phy_wrapper/u_ddr_mc_phy/ddr_phy_4lanes_1.u_ddr_phy_4lanes/ddr_byte_lane_C.ddr_byte_lane_C/ddr_byte_group_io/output_[7].oserdes_dq_.sdr.oserdes_dq_i/D2
                                                              9.010         
i_platform/i_system_ddr/u_xilinx_ddr3_ctrl_axi32/u_xilinx_ddr3_ctrl_axi32_mig/u_memc_ui_top_axi/mem_intfc0/ddr_phy_top0/u_ddr_mc_phy_wrapper/u_ddr_mc_phy/ddr_phy_4lanes_1.u_ddr_phy_4lanes/ddr_byte_lane_C.ddr_byte_lane_C/out_fifo/RDCLK
                               i_platform/i_system_ddr/u_xilinx_ddr3_ctrl_axi32/u_xilinx_ddr3_ctrl_axi32_mig/u_memc_ui_top_axi/mem_intfc0/ddr_phy_top0/u_ddr_mc_phy_wrapper/u_ddr_mc_phy/ddr_phy_4lanes_1.u_ddr_phy_4lanes/ddr_byte_lane_C.ddr_byte_lane_C/ddr_byte_group_io/output_[7].oserdes_dq_.sdr.oserdes_dq_i/D4
                                                              9.010         
i_platform/i_system_ddr/u_xilinx_ddr3_ctrl_axi32/u_xilinx_ddr3_ctrl_axi32_mig/u_memc_ui_top_axi/mem_intfc0/ddr_phy_top0/u_ddr_mc_phy_wrapper/u_ddr_mc_phy/ddr_phy_4lanes_1.u_ddr_phy_4lanes/ddr_byte_lane_C.ddr_byte_lane_C/out_fifo/RDCLK
                               i_platform/i_system_ddr/u_xilinx_ddr3_ctrl_axi32/u_xilinx_ddr3_ctrl_axi32_mig/u_memc_ui_top_axi/mem_intfc0/ddr_phy_top0/u_ddr_mc_phy_wrapper/u_ddr_mc_phy/ddr_phy_4lanes_1.u_ddr_phy_4lanes/ddr_byte_lane_C.ddr_byte_lane_C/ddr_byte_group_io/output_[8].oserdes_dq_.sdr.oserdes_dq_i/D2
                                                              9.010         
i_platform/i_system_ddr/u_xilinx_ddr3_ctrl_axi32/u_xilinx_ddr3_ctrl_axi32_mig/u_memc_ui_top_axi/mem_intfc0/ddr_phy_top0/u_ddr_mc_phy_wrapper/u_ddr_mc_phy/ddr_phy_4lanes_1.u_ddr_phy_4lanes/ddr_byte_lane_C.ddr_byte_lane_C/out_fifo/RDCLK
                               i_platform/i_system_ddr/u_xilinx_ddr3_ctrl_axi32/u_xilinx_ddr3_ctrl_axi32_mig/u_memc_ui_top_axi/mem_intfc0/ddr_phy_top0/u_ddr_mc_phy_wrapper/u_ddr_mc_phy/ddr_phy_4lanes_1.u_ddr_phy_4lanes/ddr_byte_lane_C.ddr_byte_lane_C/ddr_byte_group_io/output_[8].oserdes_dq_.sdr.oserdes_dq_i/D4
                                                              9.010         
i_platform/i_system_ddr/u_xilinx_ddr3_ctrl_axi32/u_xilinx_ddr3_ctrl_axi32_mig/u_memc_ui_top_axi/mem_intfc0/ddr_phy_top0/u_ddr_mc_phy_wrapper/u_ddr_mc_phy/ddr_phy_4lanes_1.u_ddr_phy_4lanes/ddr_byte_lane_C.ddr_byte_lane_C/out_fifo/RDCLK
                               i_platform/i_system_ddr/u_xilinx_ddr3_ctrl_axi32/u_xilinx_ddr3_ctrl_axi32_mig/u_memc_ui_top_axi/mem_intfc0/ddr_phy_top0/u_ddr_mc_phy_wrapper/u_ddr_mc_phy/ddr_phy_4lanes_1.u_ddr_phy_4lanes/ddr_byte_lane_C.ddr_byte_lane_C/ddr_byte_group_io/output_[9].oserdes_dq_.sdr.oserdes_dq_i/D2
                                                              9.010         
i_platform/i_system_ddr/u_xilinx_ddr3_ctrl_axi32/u_xilinx_ddr3_ctrl_axi32_mig/u_memc_ui_top_axi/mem_intfc0/ddr_phy_top0/u_ddr_mc_phy_wrapper/u_ddr_mc_phy/ddr_phy_4lanes_1.u_ddr_phy_4lanes/ddr_byte_lane_C.ddr_byte_lane_C/out_fifo/RDCLK
                               i_platform/i_system_ddr/u_xilinx_ddr3_ctrl_axi32/u_xilinx_ddr3_ctrl_axi32_mig/u_memc_ui_top_axi/mem_intfc0/ddr_phy_top0/u_ddr_mc_phy_wrapper/u_ddr_mc_phy/ddr_phy_4lanes_1.u_ddr_phy_4lanes/ddr_byte_lane_C.ddr_byte_lane_C/ddr_byte_group_io/output_[9].oserdes_dq_.sdr.oserdes_dq_i/D4
                                                              9.010         
i_platform/i_system_ddr/u_xilinx_ddr3_ctrl_axi32/u_xilinx_ddr3_ctrl_axi32_mig/u_memc_ui_top_axi/mem_intfc0/ddr_phy_top0/u_ddr_mc_phy_wrapper/u_ddr_mc_phy/ddr_phy_4lanes_1.u_ddr_phy_4lanes/ddr_byte_lane_C.ddr_byte_lane_C/out_fifo/RDCLK
                               i_platform/i_system_ddr/u_xilinx_ddr3_ctrl_axi32/u_xilinx_ddr3_ctrl_axi32_mig/u_memc_ui_top_axi/mem_intfc0/ddr_phy_top0/u_ddr_mc_phy_wrapper/u_ddr_mc_phy/ddr_phy_4lanes_1.u_ddr_phy_4lanes/ddr_byte_lane_C.ddr_byte_lane_C/ddr_byte_group_io/output_[2].oserdes_dq_.sdr.oserdes_dq_i/D3
                                                              9.011         
i_platform/i_system_ddr/u_xilinx_ddr3_ctrl_axi32/u_xilinx_ddr3_ctrl_axi32_mig/u_memc_ui_top_axi/mem_intfc0/ddr_phy_top0/u_ddr_mc_phy_wrapper/u_ddr_mc_phy/ddr_phy_4lanes_1.u_ddr_phy_4lanes/ddr_byte_lane_C.ddr_byte_lane_C/out_fifo/RDCLK
                               i_platform/i_system_ddr/u_xilinx_ddr3_ctrl_axi32/u_xilinx_ddr3_ctrl_axi32_mig/u_memc_ui_top_axi/mem_intfc0/ddr_phy_top0/u_ddr_mc_phy_wrapper/u_ddr_mc_phy/ddr_phy_4lanes_1.u_ddr_phy_4lanes/ddr_byte_lane_C.ddr_byte_lane_C/ddr_byte_group_io/output_[3].oserdes_dq_.sdr.oserdes_dq_i/D3
                                                              9.011         
i_platform/i_system_ddr/u_xilinx_ddr3_ctrl_axi32/u_xilinx_ddr3_ctrl_axi32_mig/u_memc_ui_top_axi/mem_intfc0/ddr_phy_top0/u_ddr_mc_phy_wrapper/u_ddr_mc_phy/ddr_phy_4lanes_1.u_ddr_phy_4lanes/ddr_byte_lane_C.ddr_byte_lane_C/out_fifo/RDCLK
                               i_platform/i_system_ddr/u_xilinx_ddr3_ctrl_axi32/u_xilinx_ddr3_ctrl_axi32_mig/u_memc_ui_top_axi/mem_intfc0/ddr_phy_top0/u_ddr_mc_phy_wrapper/u_ddr_mc_phy/ddr_phy_4lanes_1.u_ddr_phy_4lanes/ddr_byte_lane_C.ddr_byte_lane_C/ddr_byte_group_io/output_[7].oserdes_dq_.sdr.oserdes_dq_i/D3
                                                              9.011         
i_platform/i_system_ddr/u_xilinx_ddr3_ctrl_axi32/u_xilinx_ddr3_ctrl_axi32_mig/u_memc_ui_top_axi/mem_intfc0/ddr_phy_top0/u_ddr_mc_phy_wrapper/u_ddr_mc_phy/ddr_phy_4lanes_1.u_ddr_phy_4lanes/ddr_byte_lane_C.ddr_byte_lane_C/out_fifo/RDCLK
                               i_platform/i_system_ddr/u_xilinx_ddr3_ctrl_axi32/u_xilinx_ddr3_ctrl_axi32_mig/u_memc_ui_top_axi/mem_intfc0/ddr_phy_top0/u_ddr_mc_phy_wrapper/u_ddr_mc_phy/ddr_phy_4lanes_1.u_ddr_phy_4lanes/ddr_byte_lane_C.ddr_byte_lane_C/ddr_byte_group_io/output_[8].oserdes_dq_.sdr.oserdes_dq_i/D3
                                                              9.011         
i_platform/i_system_ddr/u_xilinx_ddr3_ctrl_axi32/u_xilinx_ddr3_ctrl_axi32_mig/u_memc_ui_top_axi/mem_intfc0/ddr_phy_top0/u_ddr_mc_phy_wrapper/u_ddr_mc_phy/ddr_phy_4lanes_1.u_ddr_phy_4lanes/ddr_byte_lane_C.ddr_byte_lane_C/out_fifo/RDCLK
                               i_platform/i_system_ddr/u_xilinx_ddr3_ctrl_axi32/u_xilinx_ddr3_ctrl_axi32_mig/u_memc_ui_top_axi/mem_intfc0/ddr_phy_top0/u_ddr_mc_phy_wrapper/u_ddr_mc_phy/ddr_phy_4lanes_1.u_ddr_phy_4lanes/ddr_byte_lane_C.ddr_byte_lane_C/ddr_byte_group_io/output_[9].oserdes_dq_.sdr.oserdes_dq_i/D3
                                                              9.011         
i_platform/i_system_ddr/u_xilinx_ddr3_ctrl_axi32/u_xilinx_ddr3_ctrl_axi32_mig/u_memc_ui_top_axi/mem_intfc0/ddr_phy_top0/u_ddr_mc_phy_wrapper/u_ddr_mc_phy/ddr_phy_4lanes_1.u_ddr_phy_4lanes/ddr_byte_lane_A.ddr_byte_lane_A/out_fifo/RDCLK
                               i_platform/i_system_ddr/u_xilinx_ddr3_ctrl_axi32/u_xilinx_ddr3_ctrl_axi32_mig/u_memc_ui_top_axi/mem_intfc0/ddr_phy_top0/u_ddr_mc_phy_wrapper/u_ddr_mc_phy/ddr_phy_4lanes_1.u_ddr_phy_4lanes/ddr_byte_lane_A.ddr_byte_lane_A/ddr_byte_group_io/output_[0].oserdes_dq_.sdr.oserdes_dq_i/D1
                                                              9.012         
i_platform/i_system_ddr/u_xilinx_ddr3_ctrl_axi32/u_xilinx_ddr3_ctrl_axi32_mig/u_memc_ui_top_axi/mem_intfc0/ddr_phy_top0/u_ddr_mc_phy_wrapper/u_ddr_mc_phy/ddr_phy_4lanes_1.u_ddr_phy_4lanes/ddr_byte_lane_A.ddr_byte_lane_A/out_fifo/RDCLK
                               i_platform/i_system_ddr/u_xilinx_ddr3_ctrl_axi32/u_xilinx_ddr3_ctrl_axi32_mig/u_memc_ui_top_axi/mem_intfc0/ddr_phy_top0/u_ddr_mc_phy_wrapper/u_ddr_mc_phy/ddr_phy_4lanes_1.u_ddr_phy_4lanes/ddr_byte_lane_A.ddr_byte_lane_A/ddr_byte_group_io/output_[1].oserdes_dq_.sdr.oserdes_dq_i/D1
                                                              9.012         
i_platform/i_system_ddr/u_xilinx_ddr3_ctrl_axi32/u_xilinx_ddr3_ctrl_axi32_mig/u_memc_ui_top_axi/mem_intfc0/ddr_phy_top0/u_ddr_mc_phy_wrapper/u_ddr_mc_phy/ddr_phy_4lanes_1.u_ddr_phy_4lanes/ddr_byte_lane_A.ddr_byte_lane_A/out_fifo/RDCLK
                               i_platform/i_system_ddr/u_xilinx_ddr3_ctrl_axi32/u_xilinx_ddr3_ctrl_axi32_mig/u_memc_ui_top_axi/mem_intfc0/ddr_phy_top0/u_ddr_mc_phy_wrapper/u_ddr_mc_phy/ddr_phy_4lanes_1.u_ddr_phy_4lanes/ddr_byte_lane_A.ddr_byte_lane_A/ddr_byte_group_io/output_[0].oserdes_dq_.sdr.oserdes_dq_i/D2
                                                              9.015         
i_platform/i_system_ddr/u_xilinx_ddr3_ctrl_axi32/u_xilinx_ddr3_ctrl_axi32_mig/u_memc_ui_top_axi/mem_intfc0/ddr_phy_top0/u_ddr_mc_phy_wrapper/u_ddr_mc_phy/ddr_phy_4lanes_1.u_ddr_phy_4lanes/ddr_byte_lane_A.ddr_byte_lane_A/out_fifo/RDCLK
                               i_platform/i_system_ddr/u_xilinx_ddr3_ctrl_axi32/u_xilinx_ddr3_ctrl_axi32_mig/u_memc_ui_top_axi/mem_intfc0/ddr_phy_top0/u_ddr_mc_phy_wrapper/u_ddr_mc_phy/ddr_phy_4lanes_1.u_ddr_phy_4lanes/ddr_byte_lane_A.ddr_byte_lane_A/ddr_byte_group_io/output_[0].oserdes_dq_.sdr.oserdes_dq_i/D4
                                                              9.015         
i_platform/i_system_ddr/u_xilinx_ddr3_ctrl_axi32/u_xilinx_ddr3_ctrl_axi32_mig/u_memc_ui_top_axi/mem_intfc0/ddr_phy_top0/u_ddr_mc_phy_wrapper/u_ddr_mc_phy/ddr_phy_4lanes_1.u_ddr_phy_4lanes/ddr_byte_lane_A.ddr_byte_lane_A/out_fifo/RDCLK
                               i_platform/i_system_ddr/u_xilinx_ddr3_ctrl_axi32/u_xilinx_ddr3_ctrl_axi32_mig/u_memc_ui_top_axi/mem_intfc0/ddr_phy_top0/u_ddr_mc_phy_wrapper/u_ddr_mc_phy/ddr_phy_4lanes_1.u_ddr_phy_4lanes/ddr_byte_lane_A.ddr_byte_lane_A/ddr_byte_group_io/output_[1].oserdes_dq_.sdr.oserdes_dq_i/D2
                                                              9.015         
i_platform/i_system_ddr/u_xilinx_ddr3_ctrl_axi32/u_xilinx_ddr3_ctrl_axi32_mig/u_memc_ui_top_axi/mem_intfc0/ddr_phy_top0/u_ddr_mc_phy_wrapper/u_ddr_mc_phy/ddr_phy_4lanes_1.u_ddr_phy_4lanes/ddr_byte_lane_A.ddr_byte_lane_A/out_fifo/RDCLK
                               i_platform/i_system_ddr/u_xilinx_ddr3_ctrl_axi32/u_xilinx_ddr3_ctrl_axi32_mig/u_memc_ui_top_axi/mem_intfc0/ddr_phy_top0/u_ddr_mc_phy_wrapper/u_ddr_mc_phy/ddr_phy_4lanes_1.u_ddr_phy_4lanes/ddr_byte_lane_A.ddr_byte_lane_A/ddr_byte_group_io/output_[1].oserdes_dq_.sdr.oserdes_dq_i/D4
                                                              9.015         
i_platform/i_system_ddr/u_xilinx_ddr3_ctrl_axi32/u_xilinx_ddr3_ctrl_axi32_mig/u_memc_ui_top_axi/mem_intfc0/ddr_phy_top0/u_ddr_mc_phy_wrapper/u_ddr_mc_phy/ddr_phy_4lanes_1.u_ddr_phy_4lanes/ddr_byte_lane_A.ddr_byte_lane_A/out_fifo/RDCLK
                               i_platform/i_system_ddr/u_xilinx_ddr3_ctrl_axi32/u_xilinx_ddr3_ctrl_axi32_mig/u_memc_ui_top_axi/mem_intfc0/ddr_phy_top0/u_ddr_mc_phy_wrapper/u_ddr_mc_phy/ddr_phy_4lanes_1.u_ddr_phy_4lanes/ddr_byte_lane_A.ddr_byte_lane_A/ddr_byte_group_io/output_[0].oserdes_dq_.sdr.oserdes_dq_i/D3
                                                              9.016         
i_platform/i_system_ddr/u_xilinx_ddr3_ctrl_axi32/u_xilinx_ddr3_ctrl_axi32_mig/u_memc_ui_top_axi/mem_intfc0/ddr_phy_top0/u_ddr_mc_phy_wrapper/u_ddr_mc_phy/ddr_phy_4lanes_1.u_ddr_phy_4lanes/ddr_byte_lane_A.ddr_byte_lane_A/out_fifo/RDCLK
                               i_platform/i_system_ddr/u_xilinx_ddr3_ctrl_axi32/u_xilinx_ddr3_ctrl_axi32_mig/u_memc_ui_top_axi/mem_intfc0/ddr_phy_top0/u_ddr_mc_phy_wrapper/u_ddr_mc_phy/ddr_phy_4lanes_1.u_ddr_phy_4lanes/ddr_byte_lane_A.ddr_byte_lane_A/ddr_byte_group_io/output_[1].oserdes_dq_.sdr.oserdes_dq_i/D3
                                                              9.016         
i_platform/i_system_ddr/u_xilinx_ddr3_ctrl_axi32/u_xilinx_ddr3_ctrl_axi32_mig/u_memc_ui_top_axi/mem_intfc0/ddr_phy_top0/u_ddr_mc_phy_wrapper/u_ddr_mc_phy/ddr_phy_4lanes_1.u_ddr_phy_4lanes/ddr_byte_lane_D.ddr_byte_lane_D/out_fifo/RDCLK
                               i_platform/i_system_ddr/u_xilinx_ddr3_ctrl_axi32/u_xilinx_ddr3_ctrl_axi32_mig/u_memc_ui_top_axi/mem_intfc0/ddr_phy_top0/u_ddr_mc_phy_wrapper/u_ddr_mc_phy/ddr_phy_4lanes_1.u_ddr_phy_4lanes/ddr_byte_lane_D.ddr_byte_lane_D/ddr_byte_group_io/output_[6].oserdes_dq_.sdr.oserdes_dq_i/D1
                                                              9.018         
i_platform/i_system_ddr/u_xilinx_ddr3_ctrl_axi32/u_xilinx_ddr3_ctrl_axi32_mig/u_memc_ui_top_axi/mem_intfc0/ddr_phy_top0/u_ddr_mc_phy_wrapper/u_ddr_mc_phy/ddr_phy_4lanes_1.u_ddr_phy_4lanes/ddr_byte_lane_D.ddr_byte_lane_D/out_fifo/RDCLK
                               i_platform/i_system_ddr/u_xilinx_ddr3_ctrl_axi32/u_xilinx_ddr3_ctrl_axi32_mig/u_memc_ui_top_axi/mem_intfc0/ddr_phy_top0/u_ddr_mc_phy_wrapper/u_ddr_mc_phy/ddr_phy_4lanes_1.u_ddr_phy_4lanes/ddr_byte_lane_D.ddr_byte_lane_D/ddr_byte_group_io/output_[4].oserdes_dq_.sdr.oserdes_dq_i/D1
                                                              9.019         
i_platform/i_system_ddr/u_xilinx_ddr3_ctrl_axi32/u_xilinx_ddr3_ctrl_axi32_mig/u_memc_ui_top_axi/mem_intfc0/ddr_phy_top0/u_ddr_mc_phy_wrapper/u_ddr_mc_phy/ddr_phy_4lanes_1.u_ddr_phy_4lanes/ddr_byte_lane_D.ddr_byte_lane_D/out_fifo/RDCLK
                               i_platform/i_system_ddr/u_xilinx_ddr3_ctrl_axi32/u_xilinx_ddr3_ctrl_axi32_mig/u_memc_ui_top_axi/mem_intfc0/ddr_phy_top0/u_ddr_mc_phy_wrapper/u_ddr_mc_phy/ddr_phy_4lanes_1.u_ddr_phy_4lanes/ddr_byte_lane_D.ddr_byte_lane_D/ddr_byte_group_io/output_[5].oserdes_dq_.sdr.oserdes_dq_i/D1
                                                              9.019         
i_platform/i_system_ddr/u_xilinx_ddr3_ctrl_axi32/u_xilinx_ddr3_ctrl_axi32_mig/u_memc_ui_top_axi/mem_intfc0/ddr_phy_top0/u_ddr_mc_phy_wrapper/u_ddr_mc_phy/ddr_phy_4lanes_1.u_ddr_phy_4lanes/ddr_byte_lane_D.ddr_byte_lane_D/out_fifo/RDCLK
                               i_platform/i_system_ddr/u_xilinx_ddr3_ctrl_axi32/u_xilinx_ddr3_ctrl_axi32_mig/u_memc_ui_top_axi/mem_intfc0/ddr_phy_top0/u_ddr_mc_phy_wrapper/u_ddr_mc_phy/ddr_phy_4lanes_1.u_ddr_phy_4lanes/ddr_byte_lane_D.ddr_byte_lane_D/ddr_byte_group_io/output_[1].oserdes_dq_.sdr.oserdes_dq_i/D1
                                                              9.020         
i_platform/i_system_ddr/u_xilinx_ddr3_ctrl_axi32/u_xilinx_ddr3_ctrl_axi32_mig/u_memc_ui_top_axi/mem_intfc0/ddr_phy_top0/u_ddr_mc_phy_wrapper/u_ddr_mc_phy/ddr_phy_4lanes_1.u_ddr_phy_4lanes/ddr_byte_lane_D.ddr_byte_lane_D/out_fifo/RDCLK
                               i_platform/i_system_ddr/u_xilinx_ddr3_ctrl_axi32/u_xilinx_ddr3_ctrl_axi32_mig/u_memc_ui_top_axi/mem_intfc0/ddr_phy_top0/u_ddr_mc_phy_wrapper/u_ddr_mc_phy/ddr_phy_4lanes_1.u_ddr_phy_4lanes/ddr_byte_lane_D.ddr_byte_lane_D/ddr_byte_group_io/output_[3].oserdes_dq_.sdr.oserdes_dq_i/D1
                                                              9.020         
i_platform/i_system_ddr/u_xilinx_ddr3_ctrl_axi32/u_xilinx_ddr3_ctrl_axi32_mig/u_memc_ui_top_axi/mem_intfc0/ddr_phy_top0/u_ddr_mc_phy_wrapper/u_ddr_mc_phy/ddr_phy_4lanes_1.u_ddr_phy_4lanes/ddr_byte_lane_D.ddr_byte_lane_D/out_fifo/RDCLK
                               i_platform/i_system_ddr/u_xilinx_ddr3_ctrl_axi32/u_xilinx_ddr3_ctrl_axi32_mig/u_memc_ui_top_axi/mem_intfc0/ddr_phy_top0/u_ddr_mc_phy_wrapper/u_ddr_mc_phy/ddr_phy_4lanes_1.u_ddr_phy_4lanes/ddr_byte_lane_D.ddr_byte_lane_D/ddr_byte_group_io/output_[7].oserdes_dq_.sdr.oserdes_dq_i/D1
                                                              9.020         
i_platform/i_system_ddr/u_xilinx_ddr3_ctrl_axi32/u_xilinx_ddr3_ctrl_axi32_mig/u_memc_ui_top_axi/mem_intfc0/ddr_phy_top0/u_ddr_mc_phy_wrapper/u_ddr_mc_phy/ddr_phy_4lanes_1.u_ddr_phy_4lanes/ddr_byte_lane_D.ddr_byte_lane_D/out_fifo/RDCLK
                               i_platform/i_system_ddr/u_xilinx_ddr3_ctrl_axi32/u_xilinx_ddr3_ctrl_axi32_mig/u_memc_ui_top_axi/mem_intfc0/ddr_phy_top0/u_ddr_mc_phy_wrapper/u_ddr_mc_phy/ddr_phy_4lanes_1.u_ddr_phy_4lanes/ddr_byte_lane_D.ddr_byte_lane_D/ddr_byte_group_io/output_[8].oserdes_dq_.sdr.oserdes_dq_i/D1
                                                              9.020         
i_platform/i_system_ddr/u_xilinx_ddr3_ctrl_axi32/u_xilinx_ddr3_ctrl_axi32_mig/u_memc_ui_top_axi/mem_intfc0/ddr_phy_top0/u_ddr_mc_phy_wrapper/u_ddr_mc_phy/ddr_phy_4lanes_1.u_ddr_phy_4lanes/ddr_byte_lane_D.ddr_byte_lane_D/out_fifo/RDCLK
                               i_platform/i_system_ddr/u_xilinx_ddr3_ctrl_axi32/u_xilinx_ddr3_ctrl_axi32_mig/u_memc_ui_top_axi/mem_intfc0/ddr_phy_top0/u_ddr_mc_phy_wrapper/u_ddr_mc_phy/ddr_phy_4lanes_1.u_ddr_phy_4lanes/ddr_byte_lane_D.ddr_byte_lane_D/ddr_byte_group_io/output_[6].oserdes_dq_.sdr.oserdes_dq_i/D2
                                                              9.021         
i_platform/i_system_ddr/u_xilinx_ddr3_ctrl_axi32/u_xilinx_ddr3_ctrl_axi32_mig/u_memc_ui_top_axi/mem_intfc0/ddr_phy_top0/u_ddr_mc_phy_wrapper/u_ddr_mc_phy/ddr_phy_4lanes_1.u_ddr_phy_4lanes/ddr_byte_lane_D.ddr_byte_lane_D/out_fifo/RDCLK
                               i_platform/i_system_ddr/u_xilinx_ddr3_ctrl_axi32/u_xilinx_ddr3_ctrl_axi32_mig/u_memc_ui_top_axi/mem_intfc0/ddr_phy_top0/u_ddr_mc_phy_wrapper/u_ddr_mc_phy/ddr_phy_4lanes_1.u_ddr_phy_4lanes/ddr_byte_lane_D.ddr_byte_lane_D/ddr_byte_group_io/output_[6].oserdes_dq_.sdr.oserdes_dq_i/D4
                                                              9.021         
i_platform/i_system_ddr/u_xilinx_ddr3_ctrl_axi32/u_xilinx_ddr3_ctrl_axi32_mig/u_memc_ui_top_axi/mem_intfc0/ddr_phy_top0/u_ddr_mc_phy_wrapper/u_ddr_mc_phy/ddr_phy_4lanes_1.u_ddr_phy_4lanes/ddr_byte_lane_D.ddr_byte_lane_D/out_fifo/RDCLK
                               i_platform/i_system_ddr/u_xilinx_ddr3_ctrl_axi32/u_xilinx_ddr3_ctrl_axi32_mig/u_memc_ui_top_axi/mem_intfc0/ddr_phy_top0/u_ddr_mc_phy_wrapper/u_ddr_mc_phy/ddr_phy_4lanes_1.u_ddr_phy_4lanes/ddr_byte_lane_D.ddr_byte_lane_D/ddr_byte_group_io/output_[4].oserdes_dq_.sdr.oserdes_dq_i/D2
                                                              9.022         
i_platform/i_system_ddr/u_xilinx_ddr3_ctrl_axi32/u_xilinx_ddr3_ctrl_axi32_mig/u_memc_ui_top_axi/mem_intfc0/ddr_phy_top0/u_ddr_mc_phy_wrapper/u_ddr_mc_phy/ddr_phy_4lanes_1.u_ddr_phy_4lanes/ddr_byte_lane_D.ddr_byte_lane_D/out_fifo/RDCLK
                               i_platform/i_system_ddr/u_xilinx_ddr3_ctrl_axi32/u_xilinx_ddr3_ctrl_axi32_mig/u_memc_ui_top_axi/mem_intfc0/ddr_phy_top0/u_ddr_mc_phy_wrapper/u_ddr_mc_phy/ddr_phy_4lanes_1.u_ddr_phy_4lanes/ddr_byte_lane_D.ddr_byte_lane_D/ddr_byte_group_io/output_[4].oserdes_dq_.sdr.oserdes_dq_i/D4
                                                              9.022         
i_platform/i_system_ddr/u_xilinx_ddr3_ctrl_axi32/u_xilinx_ddr3_ctrl_axi32_mig/u_memc_ui_top_axi/mem_intfc0/ddr_phy_top0/u_ddr_mc_phy_wrapper/u_ddr_mc_phy/ddr_phy_4lanes_1.u_ddr_phy_4lanes/ddr_byte_lane_D.ddr_byte_lane_D/out_fifo/RDCLK
                               i_platform/i_system_ddr/u_xilinx_ddr3_ctrl_axi32/u_xilinx_ddr3_ctrl_axi32_mig/u_memc_ui_top_axi/mem_intfc0/ddr_phy_top0/u_ddr_mc_phy_wrapper/u_ddr_mc_phy/ddr_phy_4lanes_1.u_ddr_phy_4lanes/ddr_byte_lane_D.ddr_byte_lane_D/ddr_byte_group_io/output_[5].oserdes_dq_.sdr.oserdes_dq_i/D2
                                                              9.022         
i_platform/i_system_ddr/u_xilinx_ddr3_ctrl_axi32/u_xilinx_ddr3_ctrl_axi32_mig/u_memc_ui_top_axi/mem_intfc0/ddr_phy_top0/u_ddr_mc_phy_wrapper/u_ddr_mc_phy/ddr_phy_4lanes_1.u_ddr_phy_4lanes/ddr_byte_lane_D.ddr_byte_lane_D/out_fifo/RDCLK
                               i_platform/i_system_ddr/u_xilinx_ddr3_ctrl_axi32/u_xilinx_ddr3_ctrl_axi32_mig/u_memc_ui_top_axi/mem_intfc0/ddr_phy_top0/u_ddr_mc_phy_wrapper/u_ddr_mc_phy/ddr_phy_4lanes_1.u_ddr_phy_4lanes/ddr_byte_lane_D.ddr_byte_lane_D/ddr_byte_group_io/output_[5].oserdes_dq_.sdr.oserdes_dq_i/D4
                                                              9.022         
i_platform/i_system_ddr/u_xilinx_ddr3_ctrl_axi32/u_xilinx_ddr3_ctrl_axi32_mig/u_memc_ui_top_axi/mem_intfc0/ddr_phy_top0/u_ddr_mc_phy_wrapper/u_ddr_mc_phy/ddr_phy_4lanes_1.u_ddr_phy_4lanes/ddr_byte_lane_D.ddr_byte_lane_D/out_fifo/RDCLK
                               i_platform/i_system_ddr/u_xilinx_ddr3_ctrl_axi32/u_xilinx_ddr3_ctrl_axi32_mig/u_memc_ui_top_axi/mem_intfc0/ddr_phy_top0/u_ddr_mc_phy_wrapper/u_ddr_mc_phy/ddr_phy_4lanes_1.u_ddr_phy_4lanes/ddr_byte_lane_D.ddr_byte_lane_D/ddr_byte_group_io/output_[6].oserdes_dq_.sdr.oserdes_dq_i/D3
                                                              9.022         
i_platform/i_system_ddr/u_xilinx_ddr3_ctrl_axi32/u_xilinx_ddr3_ctrl_axi32_mig/u_memc_ui_top_axi/mem_intfc0/ddr_phy_top0/u_ddr_mc_phy_wrapper/u_ddr_mc_phy/ddr_phy_4lanes_1.u_ddr_phy_4lanes/ddr_byte_lane_D.ddr_byte_lane_D/out_fifo/RDCLK
                               i_platform/i_system_ddr/u_xilinx_ddr3_ctrl_axi32/u_xilinx_ddr3_ctrl_axi32_mig/u_memc_ui_top_axi/mem_intfc0/ddr_phy_top0/u_ddr_mc_phy_wrapper/u_ddr_mc_phy/ddr_phy_4lanes_1.u_ddr_phy_4lanes/ddr_byte_lane_D.ddr_byte_lane_D/ddr_byte_group_io/output_[1].oserdes_dq_.sdr.oserdes_dq_i/D2
                                                              9.023         
i_platform/i_system_ddr/u_xilinx_ddr3_ctrl_axi32/u_xilinx_ddr3_ctrl_axi32_mig/u_memc_ui_top_axi/mem_intfc0/ddr_phy_top0/u_ddr_mc_phy_wrapper/u_ddr_mc_phy/ddr_phy_4lanes_1.u_ddr_phy_4lanes/ddr_byte_lane_D.ddr_byte_lane_D/out_fifo/RDCLK
                               i_platform/i_system_ddr/u_xilinx_ddr3_ctrl_axi32/u_xilinx_ddr3_ctrl_axi32_mig/u_memc_ui_top_axi/mem_intfc0/ddr_phy_top0/u_ddr_mc_phy_wrapper/u_ddr_mc_phy/ddr_phy_4lanes_1.u_ddr_phy_4lanes/ddr_byte_lane_D.ddr_byte_lane_D/ddr_byte_group_io/output_[1].oserdes_dq_.sdr.oserdes_dq_i/D4
                                                              9.023         
i_platform/i_system_ddr/u_xilinx_ddr3_ctrl_axi32/u_xilinx_ddr3_ctrl_axi32_mig/u_memc_ui_top_axi/mem_intfc0/ddr_phy_top0/u_ddr_mc_phy_wrapper/u_ddr_mc_phy/ddr_phy_4lanes_1.u_ddr_phy_4lanes/ddr_byte_lane_D.ddr_byte_lane_D/out_fifo/RDCLK
                               i_platform/i_system_ddr/u_xilinx_ddr3_ctrl_axi32/u_xilinx_ddr3_ctrl_axi32_mig/u_memc_ui_top_axi/mem_intfc0/ddr_phy_top0/u_ddr_mc_phy_wrapper/u_ddr_mc_phy/ddr_phy_4lanes_1.u_ddr_phy_4lanes/ddr_byte_lane_D.ddr_byte_lane_D/ddr_byte_group_io/output_[3].oserdes_dq_.sdr.oserdes_dq_i/D2
                                                              9.023         
i_platform/i_system_ddr/u_xilinx_ddr3_ctrl_axi32/u_xilinx_ddr3_ctrl_axi32_mig/u_memc_ui_top_axi/mem_intfc0/ddr_phy_top0/u_ddr_mc_phy_wrapper/u_ddr_mc_phy/ddr_phy_4lanes_1.u_ddr_phy_4lanes/ddr_byte_lane_D.ddr_byte_lane_D/out_fifo/RDCLK
                               i_platform/i_system_ddr/u_xilinx_ddr3_ctrl_axi32/u_xilinx_ddr3_ctrl_axi32_mig/u_memc_ui_top_axi/mem_intfc0/ddr_phy_top0/u_ddr_mc_phy_wrapper/u_ddr_mc_phy/ddr_phy_4lanes_1.u_ddr_phy_4lanes/ddr_byte_lane_D.ddr_byte_lane_D/ddr_byte_group_io/output_[3].oserdes_dq_.sdr.oserdes_dq_i/D4
                                                              9.023         
i_platform/i_system_ddr/u_xilinx_ddr3_ctrl_axi32/u_xilinx_ddr3_ctrl_axi32_mig/u_memc_ui_top_axi/mem_intfc0/ddr_phy_top0/u_ddr_mc_phy_wrapper/u_ddr_mc_phy/ddr_phy_4lanes_1.u_ddr_phy_4lanes/ddr_byte_lane_D.ddr_byte_lane_D/out_fifo/RDCLK
                               i_platform/i_system_ddr/u_xilinx_ddr3_ctrl_axi32/u_xilinx_ddr3_ctrl_axi32_mig/u_memc_ui_top_axi/mem_intfc0/ddr_phy_top0/u_ddr_mc_phy_wrapper/u_ddr_mc_phy/ddr_phy_4lanes_1.u_ddr_phy_4lanes/ddr_byte_lane_D.ddr_byte_lane_D/ddr_byte_group_io/output_[4].oserdes_dq_.sdr.oserdes_dq_i/D3
                                                              9.023         
i_platform/i_system_ddr/u_xilinx_ddr3_ctrl_axi32/u_xilinx_ddr3_ctrl_axi32_mig/u_memc_ui_top_axi/mem_intfc0/ddr_phy_top0/u_ddr_mc_phy_wrapper/u_ddr_mc_phy/ddr_phy_4lanes_1.u_ddr_phy_4lanes/ddr_byte_lane_D.ddr_byte_lane_D/out_fifo/RDCLK
                               i_platform/i_system_ddr/u_xilinx_ddr3_ctrl_axi32/u_xilinx_ddr3_ctrl_axi32_mig/u_memc_ui_top_axi/mem_intfc0/ddr_phy_top0/u_ddr_mc_phy_wrapper/u_ddr_mc_phy/ddr_phy_4lanes_1.u_ddr_phy_4lanes/ddr_byte_lane_D.ddr_byte_lane_D/ddr_byte_group_io/output_[5].oserdes_dq_.sdr.oserdes_dq_i/D3
                                                              9.023         
i_platform/i_system_ddr/u_xilinx_ddr3_ctrl_axi32/u_xilinx_ddr3_ctrl_axi32_mig/u_memc_ui_top_axi/mem_intfc0/ddr_phy_top0/u_ddr_mc_phy_wrapper/u_ddr_mc_phy/ddr_phy_4lanes_1.u_ddr_phy_4lanes/ddr_byte_lane_D.ddr_byte_lane_D/out_fifo/RDCLK
                               i_platform/i_system_ddr/u_xilinx_ddr3_ctrl_axi32/u_xilinx_ddr3_ctrl_axi32_mig/u_memc_ui_top_axi/mem_intfc0/ddr_phy_top0/u_ddr_mc_phy_wrapper/u_ddr_mc_phy/ddr_phy_4lanes_1.u_ddr_phy_4lanes/ddr_byte_lane_D.ddr_byte_lane_D/ddr_byte_group_io/output_[7].oserdes_dq_.sdr.oserdes_dq_i/D2
                                                              9.023         
i_platform/i_system_ddr/u_xilinx_ddr3_ctrl_axi32/u_xilinx_ddr3_ctrl_axi32_mig/u_memc_ui_top_axi/mem_intfc0/ddr_phy_top0/u_ddr_mc_phy_wrapper/u_ddr_mc_phy/ddr_phy_4lanes_1.u_ddr_phy_4lanes/ddr_byte_lane_D.ddr_byte_lane_D/out_fifo/RDCLK
                               i_platform/i_system_ddr/u_xilinx_ddr3_ctrl_axi32/u_xilinx_ddr3_ctrl_axi32_mig/u_memc_ui_top_axi/mem_intfc0/ddr_phy_top0/u_ddr_mc_phy_wrapper/u_ddr_mc_phy/ddr_phy_4lanes_1.u_ddr_phy_4lanes/ddr_byte_lane_D.ddr_byte_lane_D/ddr_byte_group_io/output_[7].oserdes_dq_.sdr.oserdes_dq_i/D4
                                                              9.023         
i_platform/i_system_ddr/u_xilinx_ddr3_ctrl_axi32/u_xilinx_ddr3_ctrl_axi32_mig/u_memc_ui_top_axi/mem_intfc0/ddr_phy_top0/u_ddr_mc_phy_wrapper/u_ddr_mc_phy/ddr_phy_4lanes_1.u_ddr_phy_4lanes/ddr_byte_lane_D.ddr_byte_lane_D/out_fifo/RDCLK
                               i_platform/i_system_ddr/u_xilinx_ddr3_ctrl_axi32/u_xilinx_ddr3_ctrl_axi32_mig/u_memc_ui_top_axi/mem_intfc0/ddr_phy_top0/u_ddr_mc_phy_wrapper/u_ddr_mc_phy/ddr_phy_4lanes_1.u_ddr_phy_4lanes/ddr_byte_lane_D.ddr_byte_lane_D/ddr_byte_group_io/output_[8].oserdes_dq_.sdr.oserdes_dq_i/D2
                                                              9.023         
i_platform/i_system_ddr/u_xilinx_ddr3_ctrl_axi32/u_xilinx_ddr3_ctrl_axi32_mig/u_memc_ui_top_axi/mem_intfc0/ddr_phy_top0/u_ddr_mc_phy_wrapper/u_ddr_mc_phy/ddr_phy_4lanes_1.u_ddr_phy_4lanes/ddr_byte_lane_D.ddr_byte_lane_D/out_fifo/RDCLK
                               i_platform/i_system_ddr/u_xilinx_ddr3_ctrl_axi32/u_xilinx_ddr3_ctrl_axi32_mig/u_memc_ui_top_axi/mem_intfc0/ddr_phy_top0/u_ddr_mc_phy_wrapper/u_ddr_mc_phy/ddr_phy_4lanes_1.u_ddr_phy_4lanes/ddr_byte_lane_D.ddr_byte_lane_D/ddr_byte_group_io/output_[8].oserdes_dq_.sdr.oserdes_dq_i/D4
                                                              9.023         
i_platform/i_system_ddr/u_xilinx_ddr3_ctrl_axi32/u_xilinx_ddr3_ctrl_axi32_mig/u_memc_ui_top_axi/mem_intfc0/ddr_phy_top0/u_ddr_mc_phy_wrapper/u_ddr_mc_phy/ddr_phy_4lanes_1.u_ddr_phy_4lanes/ddr_byte_lane_D.ddr_byte_lane_D/out_fifo/RDCLK
                               i_platform/i_system_ddr/u_xilinx_ddr3_ctrl_axi32/u_xilinx_ddr3_ctrl_axi32_mig/u_memc_ui_top_axi/mem_intfc0/ddr_phy_top0/u_ddr_mc_phy_wrapper/u_ddr_mc_phy/ddr_phy_4lanes_1.u_ddr_phy_4lanes/ddr_byte_lane_D.ddr_byte_lane_D/ddr_byte_group_io/output_[1].oserdes_dq_.sdr.oserdes_dq_i/D3
                                                              9.024         
i_platform/i_system_ddr/u_xilinx_ddr3_ctrl_axi32/u_xilinx_ddr3_ctrl_axi32_mig/u_memc_ui_top_axi/mem_intfc0/ddr_phy_top0/u_ddr_mc_phy_wrapper/u_ddr_mc_phy/ddr_phy_4lanes_1.u_ddr_phy_4lanes/ddr_byte_lane_D.ddr_byte_lane_D/out_fifo/RDCLK
                               i_platform/i_system_ddr/u_xilinx_ddr3_ctrl_axi32/u_xilinx_ddr3_ctrl_axi32_mig/u_memc_ui_top_axi/mem_intfc0/ddr_phy_top0/u_ddr_mc_phy_wrapper/u_ddr_mc_phy/ddr_phy_4lanes_1.u_ddr_phy_4lanes/ddr_byte_lane_D.ddr_byte_lane_D/ddr_byte_group_io/output_[3].oserdes_dq_.sdr.oserdes_dq_i/D3
                                                              9.024         
i_platform/i_system_ddr/u_xilinx_ddr3_ctrl_axi32/u_xilinx_ddr3_ctrl_axi32_mig/u_memc_ui_top_axi/mem_intfc0/ddr_phy_top0/u_ddr_mc_phy_wrapper/u_ddr_mc_phy/ddr_phy_4lanes_1.u_ddr_phy_4lanes/ddr_byte_lane_D.ddr_byte_lane_D/out_fifo/RDCLK
                               i_platform/i_system_ddr/u_xilinx_ddr3_ctrl_axi32/u_xilinx_ddr3_ctrl_axi32_mig/u_memc_ui_top_axi/mem_intfc0/ddr_phy_top0/u_ddr_mc_phy_wrapper/u_ddr_mc_phy/ddr_phy_4lanes_1.u_ddr_phy_4lanes/ddr_byte_lane_D.ddr_byte_lane_D/ddr_byte_group_io/output_[7].oserdes_dq_.sdr.oserdes_dq_i/D3
                                                              9.024         
i_platform/i_system_ddr/u_xilinx_ddr3_ctrl_axi32/u_xilinx_ddr3_ctrl_axi32_mig/u_memc_ui_top_axi/mem_intfc0/ddr_phy_top0/u_ddr_mc_phy_wrapper/u_ddr_mc_phy/ddr_phy_4lanes_1.u_ddr_phy_4lanes/ddr_byte_lane_D.ddr_byte_lane_D/out_fifo/RDCLK
                               i_platform/i_system_ddr/u_xilinx_ddr3_ctrl_axi32/u_xilinx_ddr3_ctrl_axi32_mig/u_memc_ui_top_axi/mem_intfc0/ddr_phy_top0/u_ddr_mc_phy_wrapper/u_ddr_mc_phy/ddr_phy_4lanes_1.u_ddr_phy_4lanes/ddr_byte_lane_D.ddr_byte_lane_D/ddr_byte_group_io/output_[8].oserdes_dq_.sdr.oserdes_dq_i/D3
                                                              9.024         
i_platform/i_system_ddr/u_xilinx_ddr3_ctrl_axi32/u_xilinx_ddr3_ctrl_axi32_mig/u_memc_ui_top_axi/mem_intfc0/ddr_phy_top0/u_ddr_mc_phy_wrapper/u_ddr_mc_phy/ddr_phy_4lanes_0.u_ddr_phy_4lanes/ddr_byte_lane_B.ddr_byte_lane_B/phaser_in_gen.phaser_in/ICLKDIV
                               i_platform/i_system_ddr/u_xilinx_ddr3_ctrl_axi32/u_xilinx_ddr3_ctrl_axi32_mig/u_memc_ui_top_axi/mem_intfc0/ddr_phy_top0/u_ddr_mc_phy_wrapper/u_ddr_mc_phy/ddr_phy_4lanes_0.u_ddr_phy_4lanes/ddr_byte_lane_B.ddr_byte_lane_B/in_fifo_gen.in_fifo/WREN
                                                              9.423         
i_platform/i_system_ddr/u_xilinx_ddr3_ctrl_axi32/u_xilinx_ddr3_ctrl_axi32_mig/u_memc_ui_top_axi/mem_intfc0/ddr_phy_top0/u_ddr_mc_phy_wrapper/u_ddr_mc_phy/ddr_phy_4lanes_0.u_ddr_phy_4lanes/ddr_byte_lane_C.ddr_byte_lane_C/phaser_in_gen.phaser_in/ICLKDIV
                               i_platform/i_system_ddr/u_xilinx_ddr3_ctrl_axi32/u_xilinx_ddr3_ctrl_axi32_mig/u_memc_ui_top_axi/mem_intfc0/ddr_phy_top0/u_ddr_mc_phy_wrapper/u_ddr_mc_phy/ddr_phy_4lanes_0.u_ddr_phy_4lanes/ddr_byte_lane_C.ddr_byte_lane_C/in_fifo_gen.in_fifo/WREN
                                                              9.423         
i_platform/i_system_ddr/u_xilinx_ddr3_ctrl_axi32/u_xilinx_ddr3_ctrl_axi32_mig/u_memc_ui_top_axi/mem_intfc0/ddr_phy_top0/u_ddr_mc_phy_wrapper/u_ddr_mc_phy/ddr_phy_4lanes_0.u_ddr_phy_4lanes/ddr_byte_lane_A.ddr_byte_lane_A/phaser_in_gen.phaser_in/ICLKDIV
                               i_platform/i_system_ddr/u_xilinx_ddr3_ctrl_axi32/u_xilinx_ddr3_ctrl_axi32_mig/u_memc_ui_top_axi/mem_intfc0/ddr_phy_top0/u_ddr_mc_phy_wrapper/u_ddr_mc_phy/ddr_phy_4lanes_0.u_ddr_phy_4lanes/ddr_byte_lane_A.ddr_byte_lane_A/in_fifo_gen.in_fifo/WREN
                                                              9.423         
i_platform/i_system_ddr/u_xilinx_ddr3_ctrl_axi32/u_xilinx_ddr3_ctrl_axi32_mig/u_memc_ui_top_axi/mem_intfc0/ddr_phy_top0/u_ddr_mc_phy_wrapper/u_ddr_mc_phy/ddr_phy_4lanes_0.u_ddr_phy_4lanes/ddr_byte_lane_D.ddr_byte_lane_D/phaser_in_gen.phaser_in/ICLKDIV
                               i_platform/i_system_ddr/u_xilinx_ddr3_ctrl_axi32/u_xilinx_ddr3_ctrl_axi32_mig/u_memc_ui_top_axi/mem_intfc0/ddr_phy_top0/u_ddr_mc_phy_wrapper/u_ddr_mc_phy/ddr_phy_4lanes_0.u_ddr_phy_4lanes/ddr_byte_lane_D.ddr_byte_lane_D/in_fifo_gen.in_fifo/WREN
                                                              9.423         
i_platform/i_rtl/platform_controller/i_jtag_controller/i_tap_controller/jtag_tdo_reg/C
                               pjtag_rtdo                     15.655        
pjtag_rtms                     i_platform/i_rtl/platform_controller/i_jtag_controller/i_tap_controller/i_ireg/scan_reg_slave_reg[1]/CE
                                                              24.750        
pjtag_rtms                     i_platform/i_rtl/platform_controller/i_jtag_controller/i_tap_controller/i_ireg/scan_reg_slave_reg[5]/CE
                                                              24.750        
pjtag_rtms                     i_platform/i_rtl/platform_controller/i_jtag_controller/i_tap_controller/i_ireg/scan_reg_slave_reg[6]/CE
                                                              24.750        
pjtag_rtms                     i_platform/i_rtl/platform_controller/i_jtag_controller/i_tap_controller/i_ireg/scan_reg_slave_reg[7]/CE
                                                              24.750        
pjtag_rtms                     i_platform/i_rtl/platform_controller/i_jtag_controller/i_tap_controller/jtag_tdo_reg/D
                                                              24.791        
pjtag_rtms                     i_platform/i_rtl/platform_controller/i_jtag_controller/i_tap_controller/i_ireg/scan_reg_slave_reg[0]/CE
                                                              24.927        
pjtag_rtms                     i_platform/i_rtl/platform_controller/i_jtag_controller/i_tap_controller/i_ireg/scan_reg_slave_reg[2]/CE
                                                              24.927        
pjtag_rtms                     i_platform/i_rtl/platform_controller/i_jtag_controller/i_tap_controller/i_ireg/scan_reg_slave_reg[3]/CE
                                                              24.927        
pjtag_rtms                     i_platform/i_rtl/platform_controller/i_jtag_controller/i_tap_controller/i_ireg/scan_reg_slave_reg[4]/CE
                                                              24.927        
pjtag_rtms                     i_platform/i_rtl/platform_controller/i_jtag_controller/i_tap_controller/jtag_tdo_reg/CE
                                                              25.069        
pjtag_rtms                     i_platform/i_rtl/platform_controller/i_jtag_controller/i_tap_controller/i_ireg/scan_reg_slave_reg[5]/D
                                                              25.286        
pjtag_rtms                     i_platform/i_rtl/platform_controller/i_jtag_controller/i_tap_controller/i_ireg/scan_reg_slave_reg[1]/D
                                                              25.288        
pjtag_rtms                     i_platform/i_rtl/platform_controller/i_jtag_controller/i_tap_controller/i_ireg/scan_reg_slave_reg[6]/D
                                                              25.303        
pjtag_rtms                     i_platform/i_rtl/platform_controller/i_jtag_controller/i_tap_controller/i_ireg/scan_reg_slave_reg[3]/D
                                                              25.344        
pjtag_rtms                     i_platform/i_rtl/platform_controller/i_jtag_controller/i_tap_controller/i_ireg/scan_reg_slave_reg[0]/D
                                                              25.347        
pjtag_rtms                     i_platform/i_rtl/platform_controller/i_jtag_controller/i_tap_controller/i_ireg/scan_reg_slave_reg[7]/D
                                                              25.359        
pjtag_rtms                     i_platform/i_rtl/platform_controller/i_jtag_controller/i_tap_controller/i_ireg/scan_reg_slave_reg[4]/D
                                                              25.360        
pjtag_rtms                     i_platform/i_rtl/platform_controller/i_jtag_controller/i_tap_controller/i_ireg/scan_reg_slave_reg[2]/D
                                                              25.364        
i_platform/i_rtl/platform_controller/i_jtag_controller/i_tap_controller/i_ireg/scan_reg_slave_reg[5]/C
                               i_platform/i_rtl/platform_controller/i_jtag_controller/i_tap_controller/i_dreg/scan_reg_master_reg[10]/CE
                                                              45.830        
i_platform/i_rtl/platform_controller/i_jtag_controller/i_tap_controller/i_ireg/scan_reg_slave_reg[5]/C
                               i_platform/i_rtl/platform_controller/i_jtag_controller/i_tap_controller/i_dreg/scan_reg_master_reg[7]/CE
                                                              45.830        
i_platform/i_rtl/platform_controller/i_jtag_controller/i_tap_controller/i_ireg/scan_reg_slave_reg[5]/C
                               i_platform/i_rtl/platform_controller/i_jtag_controller/i_tap_controller/i_dreg/scan_reg_master_reg[8]/CE
                                                              45.830        
i_platform/i_rtl/platform_controller/i_jtag_controller/i_tap_controller/i_ireg/scan_reg_slave_reg[5]/C
                               i_platform/i_rtl/platform_controller/i_jtag_controller/i_tap_controller/i_dreg/scan_reg_master_reg[9]/CE
                                                              45.830        
i_platform/i_rtl/platform_controller/i_jtag_controller/i_tap_controller/i_ireg/scan_reg_slave_reg[5]/C
                               i_platform/i_rtl/platform_controller/i_jtag_controller/i_tap_controller/i_dreg/scan_reg_master_reg[11]/CE
                                                              45.853        
i_platform/i_rtl/platform_controller/i_jtag_controller/i_tap_controller/i_ireg/scan_reg_slave_reg[5]/C
                               i_platform/i_rtl/platform_controller/i_jtag_controller/i_tap_controller/i_dreg/scan_reg_master_reg[12]/CE
                                                              45.853        
i_platform/i_rtl/platform_controller/i_jtag_controller/i_tap_controller/i_ireg/scan_reg_slave_reg[5]/C
                               i_platform/i_rtl/platform_controller/i_jtag_controller/i_tap_controller/i_dreg/scan_reg_master_reg[13]/CE
                                                              45.853        
i_platform/i_rtl/platform_controller/i_jtag_controller/i_tap_controller/i_ireg/scan_reg_slave_reg[5]/C
                               i_platform/i_rtl/platform_controller/i_jtag_controller/i_tap_controller/i_dreg/scan_reg_master_reg[6]/CE
                                                              45.853        
i_platform/i_rtl/platform_controller/i_jtag_controller/i_tap_controller/i_ireg/scan_reg_slave_reg[5]/C
                               i_platform/i_rtl/platform_controller/i_jtag_controller/i_tap_controller/i_dreg/scan_reg_master_reg[16]/CE
                                                              45.917        
i_platform/i_rtl/platform_controller/i_jtag_controller/i_tap_controller/i_ireg/scan_reg_slave_reg[5]/C
                               i_platform/i_rtl/platform_controller/i_jtag_controller/i_tap_controller/i_dreg/scan_reg_master_reg[17]/CE
                                                              45.917        
i_platform/i_rtl/platform_controller/i_jtag_controller/i_tap_controller/i_ireg/scan_reg_slave_reg[5]/C
                               i_platform/i_rtl/platform_controller/i_jtag_controller/i_tap_controller/i_dreg/scan_reg_master_reg[18]/CE
                                                              45.917        
i_platform/i_rtl/platform_controller/i_jtag_controller/i_tap_controller/i_ireg/scan_reg_slave_reg[5]/C
                               i_platform/i_rtl/platform_controller/i_jtag_controller/i_tap_controller/i_dreg/scan_reg_master_reg[19]/CE
                                                              45.917        
i_platform/i_rtl/platform_controller/i_jtag_controller/i_tap_controller/i_ireg/scan_reg_slave_reg[5]/C
                               i_platform/i_rtl/platform_controller/i_jtag_controller/i_tap_controller/i_dreg/scan_reg_master_reg[14]/CE
                                                              46.124        
i_platform/i_rtl/platform_controller/i_jtag_controller/i_tap_controller/i_ireg/scan_reg_slave_reg[5]/C
                               i_platform/i_rtl/platform_controller/i_jtag_controller/i_tap_controller/i_dreg/scan_reg_master_reg[15]/CE
                                                              46.124        
i_platform/i_rtl/platform_controller/i_jtag_controller/i_tap_controller/i_ireg/scan_reg_slave_reg[5]/C
                               i_platform/i_rtl/platform_controller/i_jtag_controller/i_tap_controller/i_dreg/scan_reg_master_reg[20]/CE
                                                              46.124        
i_platform/i_rtl/platform_controller/i_jtag_controller/i_tap_controller/i_ireg/scan_reg_slave_reg[5]/C
                               i_platform/i_rtl/platform_controller/i_jtag_controller/i_tap_controller/i_dreg/scan_reg_master_reg[26]/CE
                                                              46.279        
i_platform/i_rtl/platform_controller/i_jtag_controller/i_tap_controller/i_ireg/scan_reg_slave_reg[5]/C
                               i_platform/i_rtl/platform_controller/i_jtag_controller/i_tap_controller/i_dreg/scan_reg_master_reg[27]/CE
                                                              46.279        
i_platform/i_rtl/platform_controller/i_jtag_controller/i_tap_controller/i_ireg/scan_reg_slave_reg[5]/C
                               i_platform/i_rtl/platform_controller/i_jtag_controller/i_tap_controller/i_dreg/scan_reg_master_reg[29]/CE
                                                              46.279        
i_platform/i_rtl/platform_controller/i_jtag_controller/i_tap_controller/i_ireg/scan_reg_slave_reg[5]/C
                               i_platform/i_rtl/platform_controller/i_jtag_controller/i_tap_controller/i_dreg/scan_reg_master_reg[30]/CE
                                                              46.279        
i_platform/i_rtl/platform_controller/i_jtag_controller/i_tap_controller/i_ireg/scan_reg_slave_reg[5]/C
                               i_platform/i_rtl/platform_controller/i_jtag_controller/i_tap_controller/i_dreg/scan_reg_master_reg[25]/CE
                                                              46.302        
i_platform/i_rtl/platform_controller/i_jtag_controller/i_tap_controller/i_ireg/scan_reg_slave_reg[5]/C
                               i_platform/i_rtl/platform_controller/i_jtag_controller/i_tap_controller/i_dreg/scan_reg_master_reg[28]/CE
                                                              46.302        
i_platform/i_rtl/platform_controller/i_jtag_controller/i_tap_controller/i_ireg/scan_reg_slave_reg[5]/C
                               i_platform/i_rtl/platform_controller/i_jtag_controller/i_tap_controller/i_dreg/scan_reg_master_reg[31]/CE
                                                              46.302        
i_platform/i_rtl/platform_controller/i_jtag_controller/i_tap_controller/i_ireg/scan_reg_slave_reg[5]/C
                               i_platform/i_rtl/platform_controller/i_jtag_controller/i_tap_controller/i_dreg/scan_reg_master_reg[21]/CE
                                                              46.361        
i_platform/i_rtl/platform_controller/i_jtag_controller/i_tap_controller/i_ireg/scan_reg_slave_reg[5]/C
                               i_platform/i_rtl/platform_controller/i_jtag_controller/i_tap_controller/i_dreg/scan_reg_master_reg[22]/CE
                                                              46.361        
i_platform/i_rtl/platform_controller/i_jtag_controller/i_tap_controller/i_ireg/scan_reg_slave_reg[5]/C
                               i_platform/i_rtl/platform_controller/i_jtag_controller/i_interpreter/request_data_reg[10]/CE
                                                              46.474        
i_platform/i_rtl/platform_controller/i_jtag_controller/i_tap_controller/i_ireg/scan_reg_slave_reg[5]/C
                               i_platform/i_rtl/platform_controller/i_jtag_controller/i_interpreter/request_data_reg[13]/CE
                                                              46.474        
i_platform/i_rtl/platform_controller/i_jtag_controller/i_tap_controller/i_ireg/scan_reg_slave_reg[5]/C
                               i_platform/i_rtl/platform_controller/i_jtag_controller/i_interpreter/request_data_reg[19]/CE
                                                              46.474        
i_platform/i_rtl/platform_controller/i_jtag_controller/i_tap_controller/i_ireg/scan_reg_slave_reg[5]/C
                               i_platform/i_rtl/platform_controller/i_jtag_controller/i_interpreter/request_data_reg[6]/CE
                                                              46.474        
i_platform/i_rtl/platform_controller/i_jtag_controller/i_tap_controller/i_ireg/scan_reg_slave_reg[5]/C
                               i_platform/i_rtl/platform_controller/i_jtag_controller/i_interpreter/request_data_reg[7]/CE
                                                              46.474        
i_platform/i_rtl/platform_controller/i_jtag_controller/i_tap_controller/i_ireg/scan_reg_slave_reg[5]/C
                               i_platform/i_rtl/platform_controller/i_jtag_controller/i_tap_controller/i_dreg/scan_reg_master_reg[12]/D
                                                              46.476        
i_platform/i_rtl/platform_controller/i_jtag_controller/i_tap_controller/i_ireg/scan_reg_slave_reg[5]/C
                               i_platform/i_rtl/platform_controller/i_jtag_controller/i_tap_controller/i_dreg/scan_reg_master_reg[19]/D
                                                              46.479        
i_platform/i_rtl/platform_controller/i_jtag_controller/i_tap_controller/i_ireg/scan_reg_slave_reg[5]/C
                               i_platform/i_rtl/platform_controller/i_jtag_controller/i_tap_controller/i_dreg/scan_reg_master_reg[18]/D
                                                              46.506        
i_platform/i_rtl/platform_controller/i_jtag_controller/i_tap_controller/i_ireg/scan_reg_slave_reg[5]/C
                               i_platform/i_rtl/platform_controller/i_jtag_controller/i_tap_controller/i_dreg/scan_reg_master_reg[10]/D
                                                              46.537        
i_platform/i_rtl/platform_controller/i_jtag_controller/i_tap_controller/i_ireg/scan_reg_slave_reg[5]/C
                               i_platform/i_rtl/platform_controller/i_jtag_controller/i_interpreter/request_data_reg[0]/CE
                                                              46.543        
i_platform/i_rtl/platform_controller/i_jtag_controller/i_tap_controller/i_ireg/scan_reg_slave_reg[5]/C
                               i_platform/i_rtl/platform_controller/i_jtag_controller/i_interpreter/request_data_reg[11]/CE
                                                              46.543        
i_platform/i_rtl/platform_controller/i_jtag_controller/i_tap_controller/i_ireg/scan_reg_slave_reg[5]/C
                               i_platform/i_rtl/platform_controller/i_jtag_controller/i_interpreter/request_data_reg[14]/CE
                                                              46.543        
i_platform/i_rtl/platform_controller/i_jtag_controller/i_tap_controller/i_ireg/scan_reg_slave_reg[5]/C
                               i_platform/i_rtl/platform_controller/i_jtag_controller/i_interpreter/request_data_reg[4]/CE
                                                              46.543        
i_platform/i_rtl/platform_controller/i_jtag_controller/i_tap_controller/i_ireg/scan_reg_slave_reg[5]/C
                               i_platform/i_rtl/platform_controller/i_jtag_controller/i_interpreter/request_data_reg[5]/CE
                                                              46.543        
i_platform/i_rtl/platform_controller/i_jtag_controller/i_tap_controller/i_ireg/scan_reg_slave_reg[5]/C
                               i_platform/i_rtl/platform_controller/i_jtag_controller/i_interpreter/request_data_reg[9]/CE
                                                              46.543        
i_platform/i_rtl/platform_controller/i_jtag_controller/i_tap_controller/i_ireg/scan_reg_slave_reg[5]/C
                               i_platform/i_rtl/platform_controller/i_jtag_controller/i_tap_controller/i_dreg/scan_reg_master_reg[11]/D
                                                              46.551        
i_platform/i_rtl/platform_controller/i_jtag_controller/i_tap_controller/i_ireg/scan_reg_slave_reg[5]/C
                               i_platform/i_rtl/platform_controller/i_jtag_controller/i_interpreter/request_data_reg[15]/CE
                                                              46.556        
i_platform/i_rtl/platform_controller/i_jtag_controller/i_tap_controller/i_ireg/scan_reg_slave_reg[5]/C
                               i_platform/i_rtl/platform_controller/i_jtag_controller/i_interpreter/request_data_reg[20]/CE
                                                              46.556        
i_platform/i_rtl/platform_controller/i_jtag_controller/i_tap_controller/i_ireg/scan_reg_slave_reg[5]/C
                               i_platform/i_rtl/platform_controller/i_jtag_controller/i_interpreter/request_data_reg[21]/CE
                                                              46.556        
i_platform/i_rtl/platform_controller/i_jtag_controller/i_tap_controller/i_ireg/scan_reg_slave_reg[5]/C
                               i_platform/i_rtl/platform_controller/i_jtag_controller/i_interpreter/request_data_reg[27]/CE
                                                              46.556        
i_platform/i_rtl/platform_controller/i_jtag_controller/i_tap_controller/i_ireg/scan_reg_slave_reg[5]/C
                               i_platform/i_rtl/platform_controller/i_jtag_controller/i_interpreter/request_data_reg[28]/CE
                                                              46.556        
i_platform/i_rtl/platform_controller/i_jtag_controller/i_tap_controller/i_ireg/scan_reg_slave_reg[5]/C
                               i_platform/i_rtl/platform_controller/i_jtag_controller/i_interpreter/request_data_reg[29]/CE
                                                              46.556        
i_platform/i_rtl/platform_controller/i_jtag_controller/i_tap_controller/i_ireg/scan_reg_slave_reg[5]/C
                               i_platform/i_rtl/platform_controller/i_jtag_controller/i_interpreter/request_data_reg[30]/CE
                                                              46.556        
i_platform/i_rtl/platform_controller/i_jtag_controller/i_tap_controller/i_ireg/scan_reg_slave_reg[5]/C
                               i_platform/i_rtl/platform_controller/i_jtag_controller/i_tap_controller/i_dreg/scan_reg_master_reg[23]/CE
                                                              46.558        
i_platform/i_rtl/platform_controller/i_jtag_controller/i_tap_controller/i_ireg/scan_reg_slave_reg[5]/C
                               i_platform/i_rtl/platform_controller/i_jtag_controller/i_tap_controller/i_dreg/scan_reg_master_reg[24]/CE
                                                              46.558        
i_platform/i_rtl/platform_controller/i_jtag_controller/i_tap_controller/i_ireg/scan_reg_slave_reg[5]/C
                               i_platform/i_rtl/platform_controller/i_jtag_controller/i_tap_controller/i_dreg/scan_reg_master_reg[4]/CE
                                                              46.558        
i_platform/i_rtl/platform_controller/i_jtag_controller/i_tap_controller/i_ireg/scan_reg_slave_reg[5]/C
                               i_platform/i_rtl/platform_controller/i_jtag_controller/i_tap_controller/i_dreg/scan_reg_master_reg[5]/CE
                                                              46.558        
i_platform/i_rtl/platform_controller/i_jtag_controller/i_tap_controller/i_ireg/scan_reg_slave_reg[5]/C
                               i_platform/i_rtl/platform_controller/i_jtag_controller/i_tap_controller/i_dreg/scan_reg_master_reg[7]/D
                                                              46.564        
i_platform/i_rtl/platform_controller/i_jtag_controller/i_tap_controller/i_ireg/scan_reg_slave_reg[5]/C
                               i_platform/i_rtl/platform_controller/i_jtag_controller/i_tap_controller/i_dreg/scan_reg_master_reg[9]/D
                                                              46.568        
i_platform/i_rtl/platform_controller/i_jtag_controller/i_tap_controller/i_ireg/scan_reg_slave_reg[5]/C
                               i_platform/i_rtl/platform_controller/i_jtag_controller/i_tap_controller/i_dreg/scan_reg_master_reg[8]/D
                                                              46.573        
i_platform/i_rtl/platform_controller/i_jtag_controller/i_tap_controller/i_ireg/scan_reg_slave_reg[5]/C
                               i_platform/i_rtl/platform_controller/i_jtag_controller/i_tap_controller/i_dreg/scan_reg_master_reg[16]/D
                                                              46.578        
i_platform/i_rtl/platform_controller/i_jtag_controller/i_tap_controller/i_ireg/scan_reg_slave_reg[5]/C
                               i_platform/i_rtl/platform_controller/i_jtag_controller/i_tap_controller/i_dreg/scan_reg_master_reg[6]/D
                                                              46.588        
i_platform/i_rtl/platform_controller/i_jtag_controller/i_tap_controller/i_ireg/scan_reg_slave_reg[5]/C
                               i_platform/i_rtl/platform_controller/i_jtag_controller/i_tap_controller/i_dreg/scan_reg_master_reg[13]/D
                                                              46.597        
i_platform/i_rtl/platform_controller/i_jtag_controller/i_tap_controller/i_ireg/scan_reg_slave_reg[5]/C
                               i_platform/i_rtl/platform_controller/i_jtag_controller/i_tap_controller/i_dreg/scan_reg_master_reg[17]/D
                                                              46.643        
i_platform/i_rtl/platform_controller/i_jtag_controller/i_tap_controller/i_ireg/scan_reg_slave_reg[5]/C
                               i_platform/i_rtl/platform_controller/i_jtag_controller/i_interpreter/request_data_reg[12]/CE
                                                              46.655        
i_platform/i_rtl/platform_controller/i_jtag_controller/i_tap_controller/i_ireg/scan_reg_slave_reg[5]/C
                               i_platform/i_rtl/platform_controller/i_jtag_controller/i_interpreter/request_data_reg[16]/CE
                                                              46.655        
i_platform/i_rtl/platform_controller/i_jtag_controller/i_tap_controller/i_ireg/scan_reg_slave_reg[5]/C
                               i_platform/i_rtl/platform_controller/i_jtag_controller/i_interpreter/request_data_reg[17]/CE
                                                              46.655        
i_platform/i_rtl/platform_controller/i_jtag_controller/i_tap_controller/i_ireg/scan_reg_slave_reg[5]/C
                               i_platform/i_rtl/platform_controller/i_jtag_controller/i_interpreter/request_data_reg[18]/CE
                                                              46.655        
i_platform/i_rtl/platform_controller/i_jtag_controller/i_tap_controller/i_ireg/scan_reg_slave_reg[5]/C
                               i_platform/i_rtl/platform_controller/i_jtag_controller/i_interpreter/request_data_reg[26]/CE
                                                              46.655        
i_platform/i_rtl/platform_controller/i_jtag_controller/i_tap_controller/i_ireg/scan_reg_slave_reg[5]/C
                               i_platform/i_rtl/platform_controller/i_jtag_controller/i_interpreter/request_data_reg[3]/CE
                                                              46.655        
i_platform/i_rtl/platform_controller/i_jtag_controller/i_tap_controller/i_ireg/scan_reg_slave_reg[5]/C
                               i_platform/i_rtl/platform_controller/i_jtag_controller/i_interpreter/request_data_reg[8]/CE
                                                              46.655        
i_platform/i_rtl/platform_controller/i_jtag_controller/i_tap_controller/i_ireg/scan_reg_slave_reg[5]/C
                               i_platform/i_rtl/platform_controller/i_jtag_controller/i_tap_controller/i_dreg/scan_reg_master_reg[30]/D
                                                              46.709        
i_platform/i_rtl/platform_controller/i_jtag_controller/i_tap_controller/i_ireg/scan_reg_slave_reg[5]/C
                               i_platform/i_rtl/platform_controller/i_jtag_controller/i_tap_controller/i_dreg/scan_reg_master_reg[20]/D
                                                              46.729        
i_platform/i_rtl/platform_controller/i_jtag_controller/i_tap_controller/i_ireg/scan_reg_slave_reg[5]/C
                               i_platform/i_rtl/platform_controller/i_jtag_controller/i_tap_controller/i_dreg/scan_reg_master_reg[0]/CE
                                                              46.764        
i_platform/i_rtl/platform_controller/i_jtag_controller/i_tap_controller/i_ireg/scan_reg_slave_reg[5]/C
                               i_platform/i_rtl/platform_controller/i_jtag_controller/i_tap_controller/i_dreg/scan_reg_master_reg[1]/CE
                                                              46.764        
i_platform/i_rtl/platform_controller/i_jtag_controller/i_tap_controller/i_ireg/scan_reg_slave_reg[5]/C
                               i_platform/i_rtl/platform_controller/i_jtag_controller/i_tap_controller/i_dreg/scan_reg_master_reg[2]/CE
                                                              46.764        
i_platform/i_rtl/platform_controller/i_jtag_controller/i_tap_controller/i_ireg/scan_reg_slave_reg[5]/C
                               i_platform/i_rtl/platform_controller/i_jtag_controller/i_tap_controller/i_dreg/scan_reg_master_reg[3]/CE
                                                              46.764        
i_platform/i_rtl/platform_controller/i_jtag_controller/i_tap_controller/i_ireg/scan_reg_slave_reg[5]/C
                               i_platform/i_rtl/platform_controller/i_jtag_controller/i_tap_controller/i_dreg/scan_reg_master_reg[14]/D
                                                              46.788        
i_platform/i_rtl/platform_controller/i_jtag_controller/i_tap_controller/i_ireg/scan_reg_slave_reg[5]/C
                               i_platform/i_rtl/platform_controller/i_jtag_controller/i_tap_controller/i_dreg/scan_reg_master_reg[15]/D
                                                              46.793        
i_platform/i_rtl/platform_controller/i_jtag_controller/i_tap_controller/i_ireg/scan_reg_slave_reg[5]/C
                               i_platform/i_rtl/platform_controller/i_jtag_controller/i_tap_controller/i_dreg/scan_reg_master_reg[29]/D
                                                              46.826        
i_platform/i_rtl/platform_controller/i_jtag_controller/i_tap_controller/i_ireg/scan_reg_slave_reg[5]/C
                               i_platform/i_rtl/platform_controller/i_jtag_controller/i_interpreter/request_data_reg[1]/CE
                                                              46.879        
i_platform/i_rtl/platform_controller/i_jtag_controller/i_tap_controller/i_ireg/scan_reg_slave_reg[5]/C
                               i_platform/i_rtl/platform_controller/i_jtag_controller/i_interpreter/request_data_reg[22]/CE
                                                              46.879        
i_platform/i_rtl/platform_controller/i_jtag_controller/i_tap_controller/i_ireg/scan_reg_slave_reg[5]/C
                               i_platform/i_rtl/platform_controller/i_jtag_controller/i_interpreter/request_data_reg[23]/CE
                                                              46.879        
i_platform/i_rtl/platform_controller/i_jtag_controller/i_tap_controller/i_ireg/scan_reg_slave_reg[5]/C
                               i_platform/i_rtl/platform_controller/i_jtag_controller/i_interpreter/request_data_reg[24]/CE
                                                              46.879        
i_platform/i_rtl/platform_controller/i_jtag_controller/i_tap_controller/i_ireg/scan_reg_slave_reg[5]/C
                               i_platform/i_rtl/platform_controller/i_jtag_controller/i_interpreter/request_data_reg[25]/CE
                                                              46.879        
i_platform/i_rtl/platform_controller/i_jtag_controller/i_tap_controller/i_ireg/scan_reg_slave_reg[5]/C
                               i_platform/i_rtl/platform_controller/i_jtag_controller/i_interpreter/request_data_reg[2]/CE
                                                              46.879        
i_platform/i_rtl/platform_controller/i_jtag_controller/i_tap_controller/i_ireg/scan_reg_slave_reg[5]/C
                               i_platform/i_rtl/platform_controller/i_jtag_controller/i_interpreter/request_data_reg[31]/CE
                                                              46.879        



