Copyright 1986-2022 Xilinx, Inc. All Rights Reserved. Copyright 2022-2025 Advanced Micro Devices, Inc. All Rights Reserved.
-----------------------------------------------------------------------------------------------------------------------------------------------------------------
| Tool Version : Vivado v.2025.2 (lin64) Build 6299465 Fri Nov 14 12:34:56 MST 2025
| Date         : Tue Sep 29 10:30:31 2026
| Host         : localhost.localdomain running 64-bit Red Hat Enterprise Linux release 8.10 (Ootpa)
| Command      : report_utilization -hierarchical -file /home/kshan/rvx_etri/platform_repo/starc_vera1/imp_genesys2-eb_2026-09-29/imp_result/route_util_hier.rpt
| Design       : STARC_VERA1_FPGA
| Device       : xc7k325tffg900-2
| Speed File   : -2
| Design State : Routed
-----------------------------------------------------------------------------------------------------------------------------------------------------------------

Utilization Design Information

Table of Contents
-----------------
1. Utilization by Hierarchy

1. Utilization by Hierarchy
---------------------------

+------------------------------------------------------------------------+--------------------------------------------------------------------------------+------------+------------+---------+------+-------+--------+--------+------------+
|                                Instance                                |                                     Module                                     | Total LUTs | Logic LUTs | LUTRAMs | SRLs |  FFs  | RAMB36 | RAMB18 | DSP Blocks |
+------------------------------------------------------------------------+--------------------------------------------------------------------------------+------------+------------+---------+------+-------+--------+--------+------------+
| STARC_VERA1_FPGA                                                       |                                                                          (top) |     108443 |     107158 |     928 |  357 | 64739 |      8 |     40 |          4 |
|   (STARC_VERA1_FPGA)                                                   |                                                                          (top) |          0 |          0 |       0 |    0 |    32 |      0 |      0 |          0 |
|   i_platform                                                           |                                                                    STARC_VERA1 |     108443 |     107158 |     928 |  357 | 64707 |      8 |     40 |          4 |
|     i_rtl                                                              |                                                                STARC_VERA1_RTL |     100210 |     100102 |     108 |    0 | 56955 |      8 |      8 |          4 |
|       platform_controller                                              |                                                       ERVP_PLATFORM_CONTROLLER |       1711 |       1711 |       0 |    0 |  4877 |      0 |      0 |          0 |
|         i_jtag_controller                                              |                                                           ERVP_JTAG_CONTROLLER |       1499 |       1499 |       0 |    0 |  4607 |      0 |      0 |          0 |
|           i_tap_controller                                             |                                                       ERVP_JTAG_TAP_CONTROLLER |        101 |        101 |       0 |    0 |   127 |      0 |      0 |          0 |
|             i_ireg                                                     |                                                        ERVP_JTAG_SCAN_REGISTER |         90 |         90 |       0 |    0 |    16 |      0 |      0 |          0 |
|             i_dreg                                                     |                                        ERVP_JTAG_SCAN_REGISTER__parameterized0 |          2 |          2 |       0 |    0 |    64 |      0 |      0 |          0 |
|           i_interface_converter                                        |                                                  ERVP_JTAG_INTERFACE_CONVERTER |        137 |        137 |       0 |    0 |   119 |      0 |      0 |          0 |
|             (i_interface_converter)                                    |                                                  ERVP_JTAG_INTERFACE_CONVERTER |        116 |        116 |       0 |    0 |   103 |      0 |      0 |          0 |
|           i_interpreter                                                |                                                          ERVP_JTAG_INTERPRETER |          7 |          7 |       0 |    0 |   126 |      0 |      0 |          0 |
|             i_response_cdc                                             |                                              ERVP_SYNCHRONIZER__parameterized1 |          5 |          5 |       0 |    0 |    78 |      0 |      0 |          0 |
|           i_jtag_synch                                                 |                                                         ERVP_JTAG_SYNCHRONIZER |       1255 |       1255 |       0 |    0 |  4235 |      0 |      0 |          0 |
|             i_response_fifo                                            |                                                   ERVP_FIFO__parameterized0_12 |        611 |        611 |       0 |    0 |  2079 |      0 |      0 |          0 |
|               (i_response_fifo)                                        |                                                   ERVP_FIFO__parameterized0_12 |          0 |          0 |       0 |    0 |  2048 |      0 |      0 |          0 |
|               i_read_data                                              |                                                       ERVP_MUX__parameterized0 |        544 |        544 |       0 |    0 |     0 |      0 |      0 |          0 |
|             i_request_cdc                                              |                                              ERVP_SYNCHRONIZER__parameterized0 |          0 |          0 |       0 |    0 |    66 |      0 |      0 |          0 |
|             i_request_fifo                                             |                                                      ERVP_FIFO__parameterized0 |        643 |        643 |       0 |    0 |  2083 |      0 |      0 |          0 |
|               (i_request_fifo)                                         |                                                      ERVP_FIFO__parameterized0 |          0 |          0 |       0 |    0 |  2048 |      0 |      0 |          0 |
|               i_read_data                                              |                                                    ERVP_MUX__parameterized0_15 |        544 |        544 |       0 |    0 |     0 |      0 |      0 |          0 |
|               i_windexer                                               |                                                ERVP_COUNTER__parameterized7_17 |         66 |         66 |       0 |    0 |     6 |      0 |      0 |          0 |
|         i_platform_info                                                |                                                               ERVP_DESIGN_INFO |         35 |         35 |       0 |    0 |    77 |      0 |      0 |          0 |
|           i_apb_mux                                                    |                                                                 ERVP_APB_MUX_9 |         35 |         35 |       0 |    0 |    77 |      0 |      0 |          0 |
|             i_comm_mux                                                 |                                                               ERVP_COMM_MUX_10 |         35 |         35 |       0 |    0 |    74 |      0 |      0 |          0 |
|         i_platform_register                                            |                                                         ERVP_PLATFORM_REGISTER |        143 |        143 |       0 |    0 |   168 |      0 |      0 |          0 |
|           i_apb_mux                                                    |                                                                   ERVP_APB_MUX |        141 |        141 |       0 |    0 |   127 |      0 |      0 |          0 |
|             i_comm_mux                                                 |                                                                  ERVP_COMM_MUX |        141 |        141 |       0 |    0 |   124 |      0 |      0 |          0 |
|       autoname_123                                                     |                                                                ERVP_REAL_CLOCK |         85 |         85 |       0 |    0 |    64 |      0 |      0 |          0 |
|         i_gen_real_clock                                               |                                                   ERVP_COUNTER__parameterized5 |         85 |         85 |       0 |    0 |    64 |      0 |      0 |          0 |
|       common_peri_group                                                |                                                         ERVP_COMMON_PERI_GROUP |        145 |        145 |       0 |    0 |    87 |      0 |      0 |          0 |
|         (common_peri_group)                                            |                                                         ERVP_COMMON_PERI_GROUP |         32 |         32 |       0 |    0 |    65 |      0 |      0 |          0 |
|         i_irom                                                         |                                                                  ERVP_IROM_APB |        112 |        112 |       0 |    0 |     0 |      0 |      0 |          0 |
|       default_slave                                                    |                                                             MUNOC_DEFAULT_SNIM |        683 |        683 |       0 |    0 |  1182 |      0 |      0 |          0 |
|         i_munoc_instance_2                                             |                                                            MUNOC_MODULE_23_926 |        530 |        530 |       0 |    0 |   955 |      0 |      0 |          0 |
|           i_munoc_instance_1                                           |                                                            MUNOC_MODULE_15_928 |         79 |         79 |       0 |    0 |    68 |      0 |      0 |          0 |
|             i_munoc_instance_0                                         |                                            ERVP_SMALL_FIFO__parameterized2_967 |         53 |         53 |       0 |    0 |    40 |      0 |      0 |          0 |
|           i_munoc_instance_2                                           |                                                            MUNOC_MODULE_27_929 |         98 |         98 |       0 |    0 |   122 |      0 |      0 |          0 |
|             i_munoc_instance_1                                         |                                                            MUNOC_MODULE_12_966 |         77 |         77 |       0 |    0 |    93 |      0 |      0 |          0 |
|           i_munoc_instance_3                                           |                                                            MUNOC_MODULE_19_930 |         78 |         78 |       0 |    0 |   178 |      0 |      0 |          0 |
|           i_munoc_instance_4                                           |                                                            MUNOC_MODULE_21_931 |        210 |        210 |       0 |    0 |   497 |      0 |      0 |          0 |
|             i_munoc_instance_1                                         |                                                            MUNOC_MODULE_45_942 |        203 |        203 |       0 |    0 |   480 |      0 |      0 |          0 |
|               i_gen_buffer[0].i_munoc_instance_1                       |                                                           ERVP_ASYNCH_FIFO_944 |        203 |        203 |       0 |    0 |   480 |      0 |      0 |          0 |
|                 (i_gen_buffer[0].i_munoc_instance_1)                   |                                                           ERVP_ASYNCH_FIFO_944 |        199 |        199 |       0 |    0 |   464 |      0 |      0 |          0 |
|         i_munoc_instance_0                                             |                                                   MUNOC_AXI2APB_CONVERTER__925 |        138 |        138 |       0 |    0 |   219 |      0 |      0 |          0 |
|           i_munoc_instance_1                                           |                                                            MUNOC_LPIXS2PBE_974 |         37 |         37 |       0 |    0 |    86 |      0 |      0 |          0 |
|             i_burden_handler                                           |                                                       MUNOC_BURDEN_HANDLER_975 |         31 |         31 |       0 |    0 |    83 |      0 |      0 |          0 |
|           i_munoc_instance_0                                           |                                                            MUNOC_AXI2LPIXS_973 |         99 |         99 |       0 |    0 |   133 |      0 |      0 |          0 |
|             i_axi2lpixm                                                |                                                            MUNOC_AXI2LPIXM_986 |         30 |         30 |       0 |    0 |    68 |      0 |      0 |          0 |
|               i_reply_buffer                                           |                                            ERVP_SMALL_FIFO__parameterized3_991 |         24 |         24 |       0 |    0 |    66 |      0 |      0 |          0 |
|                 (i_reply_buffer)                                       |                                            ERVP_SMALL_FIFO__parameterized3_991 |          0 |          0 |       0 |    0 |    57 |      0 |      0 |          0 |
|             i_lpixm2lpixs                                              |                                                          MUNOC_LPIXM2LPIXS_987 |         69 |         69 |       0 |    0 |    65 |      0 |      0 |          0 |
|               i_spliter                                                |                                                      MUNOC_AXI_ACH_SPLITER_988 |         69 |         69 |       0 |    0 |    65 |      0 |      0 |          0 |
|                 i_addr_generator                                       |                                                  ERVP_BURST_ADDR_GENERATOR_989 |         68 |         68 |       0 |    0 |    56 |      0 |      0 |          0 |
|       external_peri_group                                              |                                                       ERVP_EXTERNAL_PERI_GROUP |       1256 |       1232 |      24 |    0 |  1064 |      0 |      0 |          0 |
|         (i_spio)                                                       |                                             ERVP_EXTERNAL_PERI_GROUP_SPIO_MMIO |          2 |          2 |       0 |    0 |    72 |      0 |      0 |          0 |
|         i_gen_valid_uart[0].i_uart                                     |                                                                      ERVP_UART |       1079 |       1055 |      24 |    0 |   637 |      0 |      0 |          0 |
|           regs                                                         |                                                                 ERVP_UART_REGS |       1079 |       1055 |      24 |    0 |   637 |      0 |      0 |          0 |
|             (regs)                                                     |                                                                 ERVP_UART_REGS |         59 |         59 |       0 |    0 |   123 |      0 |      0 |          0 |
|             receiver                                                   |                                                             ERVP_UART_RECEIVER |        929 |        929 |       0 |    0 |   470 |      0 |      0 |          0 |
|               (receiver)                                               |                                                             ERVP_UART_RECEIVER |         67 |         67 |       0 |    0 |    62 |      0 |      0 |          0 |
|               fifo_rx                                                  |                                                                ERVP_UART_RFIFO |        862 |        862 |       0 |    0 |   408 |      0 |      0 |          0 |
|             transmitter                                                |                                                          ERVP_UART_TRANSMITTER |         92 |         68 |      24 |    0 |    44 |      0 |      0 |          0 |
|               fifo_tx                                                  |                                                                ERVP_UART_TFIFO |         70 |         46 |      24 |    0 |    22 |      0 |      0 |          0 |
|         i_misc                                                         |                                         ERVP_EXTERNAL_PERI_GROUP_EPG_MISC_MMIO |         80 |         80 |       0 |    0 |   272 |      0 |      0 |          0 |
|       i_dca_neugemm00                                                  |                                                         DCA_NEUGEMM_MMIOX_MLSU |      61166 |      61166 |       0 |    0 | 13991 |      0 |      0 |          0 |
|         i_dca_instance_0                                               |                                                                  DCA_MODULE_06 |      61166 |      61166 |       0 |    0 | 13991 |      0 |      0 |          0 |
|           (i_dca_instance_0)                                           |                                                                  DCA_MODULE_06 |       1665 |       1665 |       0 |    0 |     0 |      0 |      0 |          0 |
|           i_dca_instance_01                                            |                                                           DCA_MATRIX_LOAD2MREG |        161 |        161 |       0 |    0 |    12 |      0 |      0 |          0 |
|             i_dca_instance_0                                           |                                          ERVP_COUNTER_WITH_ONEHOT_ENCODING_912 |        160 |        160 |       0 |    0 |     8 |      0 |      0 |          0 |
|           i_dca_instance_02                                            |                                                      DCA_MATRIX_REGISTER_TYPE5 |        104 |        104 |       0 |    0 |  2048 |      0 |      0 |          0 |
|             i_dca_instance_0                                           |                                               DCA_MATRIX_REGISTER_TEMPLATE_911 |        104 |        104 |       0 |    0 |  2048 |      0 |      0 |          0 |
|           i_dca_instance_03                                            |                                                       DCA_MATRIX_LOAD2MREG_702 |        269 |        269 |       0 |    0 |    15 |      0 |      0 |          0 |
|             i_dca_instance_0                                           |                                          ERVP_COUNTER_WITH_ONEHOT_ENCODING_910 |        268 |        268 |       0 |    0 |     8 |      0 |      0 |          0 |
|           i_dca_instance_04                                            |                                                                  DCA_MODULE_13 |       5940 |       5940 |       0 |    0 |  5186 |      0 |      0 |          0 |
|             i_generate_multiplier[9].i_dca_instance_2                  |                                                              DCA_MODULE_03_842 |         83 |         83 |       0 |    0 |    80 |      0 |      0 |          0 |
|               (i_generate_multiplier[9].i_dca_instance_2)              |                                                              DCA_MODULE_03_842 |         61 |         61 |       0 |    0 |     0 |      0 |      0 |          0 |
|               i_dca_instance_0                                         |                                                      ERVP_PIPELINED_MULTIPLIER |         22 |         22 |       0 |    0 |    80 |      0 |      0 |          0 |
|             i_dca_instance_4                                           |                                                  DCA_MODULE_14__parameterized1 |        578 |        578 |       0 |    0 |    38 |      0 |      0 |          0 |
|               i_dca_instance_2                                         |                          ERVP_COUNTER_WITH_ONEHOT_ENCODING__parameterized1_909 |        261 |        261 |       0 |    0 |     9 |      0 |      0 |          0 |
|               i_dca_instance_1                                         |                          ERVP_COUNTER_WITH_ONEHOT_ENCODING__parameterized2_908 |        322 |        322 |       0 |    0 |     2 |      0 |      0 |          0 |
|             i_generate_multiplier[0].i_dca_instance_2                  |                                                                  DCA_MODULE_03 |         84 |         84 |       0 |    0 |    80 |      0 |      0 |          0 |
|               (i_generate_multiplier[0].i_dca_instance_2)              |                                                                  DCA_MODULE_03 |         62 |         62 |       0 |    0 |     0 |      0 |      0 |          0 |
|               i_dca_instance_0                                         |                                                  ERVP_PIPELINED_MULTIPLIER_905 |         22 |         22 |       0 |    0 |    80 |      0 |      0 |          0 |
|             i_generate_multiplier[10].i_dca_instance_2                 |                                                              DCA_MODULE_03_780 |         83 |         83 |       0 |    0 |    80 |      0 |      0 |          0 |
|               (i_generate_multiplier[10].i_dca_instance_2)             |                                                              DCA_MODULE_03_780 |         61 |         61 |       0 |    0 |     0 |      0 |      0 |          0 |
|               i_dca_instance_0                                         |                                                  ERVP_PIPELINED_MULTIPLIER_904 |         22 |         22 |       0 |    0 |    80 |      0 |      0 |          0 |
|             i_generate_multiplier[11].i_dca_instance_2                 |                                                              DCA_MODULE_03_781 |         83 |         83 |       0 |    0 |    80 |      0 |      0 |          0 |
|               (i_generate_multiplier[11].i_dca_instance_2)             |                                                              DCA_MODULE_03_781 |         61 |         61 |       0 |    0 |     0 |      0 |      0 |          0 |
|               i_dca_instance_0                                         |                                                  ERVP_PIPELINED_MULTIPLIER_903 |         22 |         22 |       0 |    0 |    80 |      0 |      0 |          0 |
|             i_generate_multiplier[12].i_dca_instance_2                 |                                                              DCA_MODULE_03_782 |         83 |         83 |       0 |    0 |    80 |      0 |      0 |          0 |
|               (i_generate_multiplier[12].i_dca_instance_2)             |                                                              DCA_MODULE_03_782 |         61 |         61 |       0 |    0 |     0 |      0 |      0 |          0 |
|               i_dca_instance_0                                         |                                                  ERVP_PIPELINED_MULTIPLIER_902 |         22 |         22 |       0 |    0 |    80 |      0 |      0 |          0 |
|             i_generate_multiplier[13].i_dca_instance_2                 |                                                              DCA_MODULE_03_783 |         83 |         83 |       0 |    0 |    80 |      0 |      0 |          0 |
|               (i_generate_multiplier[13].i_dca_instance_2)             |                                                              DCA_MODULE_03_783 |         61 |         61 |       0 |    0 |     0 |      0 |      0 |          0 |
|               i_dca_instance_0                                         |                                                  ERVP_PIPELINED_MULTIPLIER_901 |         22 |         22 |       0 |    0 |    80 |      0 |      0 |          0 |
|             i_generate_multiplier[14].i_dca_instance_2                 |                                                              DCA_MODULE_03_784 |         83 |         83 |       0 |    0 |    80 |      0 |      0 |          0 |
|               (i_generate_multiplier[14].i_dca_instance_2)             |                                                              DCA_MODULE_03_784 |         61 |         61 |       0 |    0 |     0 |      0 |      0 |          0 |
|               i_dca_instance_0                                         |                                                  ERVP_PIPELINED_MULTIPLIER_900 |         22 |         22 |       0 |    0 |    80 |      0 |      0 |          0 |
|             i_generate_multiplier[15].i_dca_instance_2                 |                                                              DCA_MODULE_03_785 |         83 |         83 |       0 |    0 |    80 |      0 |      0 |          0 |
|               (i_generate_multiplier[15].i_dca_instance_2)             |                                                              DCA_MODULE_03_785 |         61 |         61 |       0 |    0 |     0 |      0 |      0 |          0 |
|               i_dca_instance_0                                         |                                                  ERVP_PIPELINED_MULTIPLIER_899 |         22 |         22 |       0 |    0 |    80 |      0 |      0 |          0 |
|             i_generate_multiplier[16].i_dca_instance_2                 |                                                              DCA_MODULE_03_786 |         83 |         83 |       0 |    0 |    80 |      0 |      0 |          0 |
|               (i_generate_multiplier[16].i_dca_instance_2)             |                                                              DCA_MODULE_03_786 |         61 |         61 |       0 |    0 |     0 |      0 |      0 |          0 |
|               i_dca_instance_0                                         |                                                  ERVP_PIPELINED_MULTIPLIER_898 |         22 |         22 |       0 |    0 |    80 |      0 |      0 |          0 |
|             i_generate_multiplier[17].i_dca_instance_2                 |                                                              DCA_MODULE_03_787 |         83 |         83 |       0 |    0 |    80 |      0 |      0 |          0 |
|               (i_generate_multiplier[17].i_dca_instance_2)             |                                                              DCA_MODULE_03_787 |         61 |         61 |       0 |    0 |     0 |      0 |      0 |          0 |
|               i_dca_instance_0                                         |                                                  ERVP_PIPELINED_MULTIPLIER_897 |         22 |         22 |       0 |    0 |    80 |      0 |      0 |          0 |
|             i_generate_multiplier[18].i_dca_instance_2                 |                                                              DCA_MODULE_03_788 |         83 |         83 |       0 |    0 |    80 |      0 |      0 |          0 |
|               (i_generate_multiplier[18].i_dca_instance_2)             |                                                              DCA_MODULE_03_788 |         61 |         61 |       0 |    0 |     0 |      0 |      0 |          0 |
|               i_dca_instance_0                                         |                                                  ERVP_PIPELINED_MULTIPLIER_896 |         22 |         22 |       0 |    0 |    80 |      0 |      0 |          0 |
|             i_generate_multiplier[19].i_dca_instance_2                 |                                                              DCA_MODULE_03_789 |         83 |         83 |       0 |    0 |    80 |      0 |      0 |          0 |
|               (i_generate_multiplier[19].i_dca_instance_2)             |                                                              DCA_MODULE_03_789 |         61 |         61 |       0 |    0 |     0 |      0 |      0 |          0 |
|               i_dca_instance_0                                         |                                                  ERVP_PIPELINED_MULTIPLIER_895 |         22 |         22 |       0 |    0 |    80 |      0 |      0 |          0 |
|             i_generate_multiplier[1].i_dca_instance_2                  |                                                              DCA_MODULE_03_790 |         84 |         84 |       0 |    0 |    80 |      0 |      0 |          0 |
|               (i_generate_multiplier[1].i_dca_instance_2)              |                                                              DCA_MODULE_03_790 |         62 |         62 |       0 |    0 |     0 |      0 |      0 |          0 |
|               i_dca_instance_0                                         |                                                  ERVP_PIPELINED_MULTIPLIER_894 |         22 |         22 |       0 |    0 |    80 |      0 |      0 |          0 |
|             i_generate_multiplier[20].i_dca_instance_2                 |                                                              DCA_MODULE_03_791 |         83 |         83 |       0 |    0 |    80 |      0 |      0 |          0 |
|               (i_generate_multiplier[20].i_dca_instance_2)             |                                                              DCA_MODULE_03_791 |         61 |         61 |       0 |    0 |     0 |      0 |      0 |          0 |
|               i_dca_instance_0                                         |                                                  ERVP_PIPELINED_MULTIPLIER_893 |         22 |         22 |       0 |    0 |    80 |      0 |      0 |          0 |
|             i_generate_multiplier[21].i_dca_instance_2                 |                                                              DCA_MODULE_03_792 |         83 |         83 |       0 |    0 |    80 |      0 |      0 |          0 |
|               (i_generate_multiplier[21].i_dca_instance_2)             |                                                              DCA_MODULE_03_792 |         61 |         61 |       0 |    0 |     0 |      0 |      0 |          0 |
|               i_dca_instance_0                                         |                                                  ERVP_PIPELINED_MULTIPLIER_892 |         22 |         22 |       0 |    0 |    80 |      0 |      0 |          0 |
|             i_generate_multiplier[22].i_dca_instance_2                 |                                                              DCA_MODULE_03_793 |         83 |         83 |       0 |    0 |    80 |      0 |      0 |          0 |
|               (i_generate_multiplier[22].i_dca_instance_2)             |                                                              DCA_MODULE_03_793 |         61 |         61 |       0 |    0 |     0 |      0 |      0 |          0 |
|               i_dca_instance_0                                         |                                                  ERVP_PIPELINED_MULTIPLIER_891 |         22 |         22 |       0 |    0 |    80 |      0 |      0 |          0 |
|             i_generate_multiplier[23].i_dca_instance_2                 |                                                              DCA_MODULE_03_794 |         83 |         83 |       0 |    0 |    80 |      0 |      0 |          0 |
|               (i_generate_multiplier[23].i_dca_instance_2)             |                                                              DCA_MODULE_03_794 |         61 |         61 |       0 |    0 |     0 |      0 |      0 |          0 |
|               i_dca_instance_0                                         |                                                  ERVP_PIPELINED_MULTIPLIER_890 |         22 |         22 |       0 |    0 |    80 |      0 |      0 |          0 |
|             i_generate_multiplier[24].i_dca_instance_2                 |                                                              DCA_MODULE_03_795 |         83 |         83 |       0 |    0 |    80 |      0 |      0 |          0 |
|               (i_generate_multiplier[24].i_dca_instance_2)             |                                                              DCA_MODULE_03_795 |         61 |         61 |       0 |    0 |     0 |      0 |      0 |          0 |
|               i_dca_instance_0                                         |                                                  ERVP_PIPELINED_MULTIPLIER_889 |         22 |         22 |       0 |    0 |    80 |      0 |      0 |          0 |
|             i_generate_multiplier[25].i_dca_instance_2                 |                                                              DCA_MODULE_03_796 |         83 |         83 |       0 |    0 |    80 |      0 |      0 |          0 |
|               (i_generate_multiplier[25].i_dca_instance_2)             |                                                              DCA_MODULE_03_796 |         61 |         61 |       0 |    0 |     0 |      0 |      0 |          0 |
|               i_dca_instance_0                                         |                                                  ERVP_PIPELINED_MULTIPLIER_888 |         22 |         22 |       0 |    0 |    80 |      0 |      0 |          0 |
|             i_generate_multiplier[26].i_dca_instance_2                 |                                                              DCA_MODULE_03_797 |         83 |         83 |       0 |    0 |    80 |      0 |      0 |          0 |
|               (i_generate_multiplier[26].i_dca_instance_2)             |                                                              DCA_MODULE_03_797 |         61 |         61 |       0 |    0 |     0 |      0 |      0 |          0 |
|               i_dca_instance_0                                         |                                                  ERVP_PIPELINED_MULTIPLIER_887 |         22 |         22 |       0 |    0 |    80 |      0 |      0 |          0 |
|             i_generate_multiplier[27].i_dca_instance_2                 |                                                              DCA_MODULE_03_798 |         83 |         83 |       0 |    0 |    80 |      0 |      0 |          0 |
|               (i_generate_multiplier[27].i_dca_instance_2)             |                                                              DCA_MODULE_03_798 |         61 |         61 |       0 |    0 |     0 |      0 |      0 |          0 |
|               i_dca_instance_0                                         |                                                  ERVP_PIPELINED_MULTIPLIER_886 |         22 |         22 |       0 |    0 |    80 |      0 |      0 |          0 |
|             i_generate_multiplier[28].i_dca_instance_2                 |                                                              DCA_MODULE_03_799 |         83 |         83 |       0 |    0 |    80 |      0 |      0 |          0 |
|               (i_generate_multiplier[28].i_dca_instance_2)             |                                                              DCA_MODULE_03_799 |         61 |         61 |       0 |    0 |     0 |      0 |      0 |          0 |
|               i_dca_instance_0                                         |                                                  ERVP_PIPELINED_MULTIPLIER_885 |         22 |         22 |       0 |    0 |    80 |      0 |      0 |          0 |
|             i_generate_multiplier[29].i_dca_instance_2                 |                                                              DCA_MODULE_03_800 |         83 |         83 |       0 |    0 |    80 |      0 |      0 |          0 |
|               (i_generate_multiplier[29].i_dca_instance_2)             |                                                              DCA_MODULE_03_800 |         61 |         61 |       0 |    0 |     0 |      0 |      0 |          0 |
|               i_dca_instance_0                                         |                                                  ERVP_PIPELINED_MULTIPLIER_884 |         22 |         22 |       0 |    0 |    80 |      0 |      0 |          0 |
|             i_generate_multiplier[2].i_dca_instance_2                  |                                                              DCA_MODULE_03_801 |         84 |         84 |       0 |    0 |    80 |      0 |      0 |          0 |
|               (i_generate_multiplier[2].i_dca_instance_2)              |                                                              DCA_MODULE_03_801 |         62 |         62 |       0 |    0 |     0 |      0 |      0 |          0 |
|               i_dca_instance_0                                         |                                                  ERVP_PIPELINED_MULTIPLIER_883 |         22 |         22 |       0 |    0 |    80 |      0 |      0 |          0 |
|             i_generate_multiplier[30].i_dca_instance_2                 |                                                              DCA_MODULE_03_802 |         83 |         83 |       0 |    0 |    80 |      0 |      0 |          0 |
|               (i_generate_multiplier[30].i_dca_instance_2)             |                                                              DCA_MODULE_03_802 |         61 |         61 |       0 |    0 |     0 |      0 |      0 |          0 |
|               i_dca_instance_0                                         |                                                  ERVP_PIPELINED_MULTIPLIER_882 |         22 |         22 |       0 |    0 |    80 |      0 |      0 |          0 |
|             i_generate_multiplier[31].i_dca_instance_2                 |                                                              DCA_MODULE_03_803 |         83 |         83 |       0 |    0 |    80 |      0 |      0 |          0 |
|               (i_generate_multiplier[31].i_dca_instance_2)             |                                                              DCA_MODULE_03_803 |         61 |         61 |       0 |    0 |     0 |      0 |      0 |          0 |
|               i_dca_instance_0                                         |                                                  ERVP_PIPELINED_MULTIPLIER_881 |         22 |         22 |       0 |    0 |    80 |      0 |      0 |          0 |
|             i_generate_multiplier[32].i_dca_instance_2                 |                                                              DCA_MODULE_03_804 |         83 |         83 |       0 |    0 |    80 |      0 |      0 |          0 |
|               (i_generate_multiplier[32].i_dca_instance_2)             |                                                              DCA_MODULE_03_804 |         61 |         61 |       0 |    0 |     0 |      0 |      0 |          0 |
|               i_dca_instance_0                                         |                                                  ERVP_PIPELINED_MULTIPLIER_880 |         22 |         22 |       0 |    0 |    80 |      0 |      0 |          0 |
|             i_generate_multiplier[33].i_dca_instance_2                 |                                                              DCA_MODULE_03_805 |         83 |         83 |       0 |    0 |    80 |      0 |      0 |          0 |
|               (i_generate_multiplier[33].i_dca_instance_2)             |                                                              DCA_MODULE_03_805 |         61 |         61 |       0 |    0 |     0 |      0 |      0 |          0 |
|               i_dca_instance_0                                         |                                                  ERVP_PIPELINED_MULTIPLIER_879 |         22 |         22 |       0 |    0 |    80 |      0 |      0 |          0 |
|             i_generate_multiplier[34].i_dca_instance_2                 |                                                              DCA_MODULE_03_806 |         83 |         83 |       0 |    0 |    80 |      0 |      0 |          0 |
|               (i_generate_multiplier[34].i_dca_instance_2)             |                                                              DCA_MODULE_03_806 |         61 |         61 |       0 |    0 |     0 |      0 |      0 |          0 |
|               i_dca_instance_0                                         |                                                  ERVP_PIPELINED_MULTIPLIER_878 |         22 |         22 |       0 |    0 |    80 |      0 |      0 |          0 |
|             i_generate_multiplier[35].i_dca_instance_2                 |                                                              DCA_MODULE_03_807 |         83 |         83 |       0 |    0 |    80 |      0 |      0 |          0 |
|               (i_generate_multiplier[35].i_dca_instance_2)             |                                                              DCA_MODULE_03_807 |         61 |         61 |       0 |    0 |     0 |      0 |      0 |          0 |
|               i_dca_instance_0                                         |                                                  ERVP_PIPELINED_MULTIPLIER_877 |         22 |         22 |       0 |    0 |    80 |      0 |      0 |          0 |
|             i_generate_multiplier[36].i_dca_instance_2                 |                                                              DCA_MODULE_03_808 |         83 |         83 |       0 |    0 |    80 |      0 |      0 |          0 |
|               (i_generate_multiplier[36].i_dca_instance_2)             |                                                              DCA_MODULE_03_808 |         61 |         61 |       0 |    0 |     0 |      0 |      0 |          0 |
|               i_dca_instance_0                                         |                                                  ERVP_PIPELINED_MULTIPLIER_876 |         22 |         22 |       0 |    0 |    80 |      0 |      0 |          0 |
|             i_generate_multiplier[37].i_dca_instance_2                 |                                                              DCA_MODULE_03_809 |         83 |         83 |       0 |    0 |    80 |      0 |      0 |          0 |
|               (i_generate_multiplier[37].i_dca_instance_2)             |                                                              DCA_MODULE_03_809 |         61 |         61 |       0 |    0 |     0 |      0 |      0 |          0 |
|               i_dca_instance_0                                         |                                                  ERVP_PIPELINED_MULTIPLIER_875 |         22 |         22 |       0 |    0 |    80 |      0 |      0 |          0 |
|             i_generate_multiplier[38].i_dca_instance_2                 |                                                              DCA_MODULE_03_810 |         83 |         83 |       0 |    0 |    80 |      0 |      0 |          0 |
|               (i_generate_multiplier[38].i_dca_instance_2)             |                                                              DCA_MODULE_03_810 |         61 |         61 |       0 |    0 |     0 |      0 |      0 |          0 |
|               i_dca_instance_0                                         |                                                  ERVP_PIPELINED_MULTIPLIER_874 |         22 |         22 |       0 |    0 |    80 |      0 |      0 |          0 |
|             i_generate_multiplier[39].i_dca_instance_2                 |                                                              DCA_MODULE_03_811 |         83 |         83 |       0 |    0 |    80 |      0 |      0 |          0 |
|               (i_generate_multiplier[39].i_dca_instance_2)             |                                                              DCA_MODULE_03_811 |         61 |         61 |       0 |    0 |     0 |      0 |      0 |          0 |
|               i_dca_instance_0                                         |                                                  ERVP_PIPELINED_MULTIPLIER_873 |         22 |         22 |       0 |    0 |    80 |      0 |      0 |          0 |
|             i_generate_multiplier[3].i_dca_instance_2                  |                                                              DCA_MODULE_03_812 |         84 |         84 |       0 |    0 |    80 |      0 |      0 |          0 |
|               (i_generate_multiplier[3].i_dca_instance_2)              |                                                              DCA_MODULE_03_812 |         62 |         62 |       0 |    0 |     0 |      0 |      0 |          0 |
|               i_dca_instance_0                                         |                                                  ERVP_PIPELINED_MULTIPLIER_872 |         22 |         22 |       0 |    0 |    80 |      0 |      0 |          0 |
|             i_generate_multiplier[40].i_dca_instance_2                 |                                                              DCA_MODULE_03_813 |         83 |         83 |       0 |    0 |    80 |      0 |      0 |          0 |
|               (i_generate_multiplier[40].i_dca_instance_2)             |                                                              DCA_MODULE_03_813 |         61 |         61 |       0 |    0 |     0 |      0 |      0 |          0 |
|               i_dca_instance_0                                         |                                                  ERVP_PIPELINED_MULTIPLIER_871 |         22 |         22 |       0 |    0 |    80 |      0 |      0 |          0 |
|             i_generate_multiplier[41].i_dca_instance_2                 |                                                              DCA_MODULE_03_814 |         83 |         83 |       0 |    0 |    80 |      0 |      0 |          0 |
|               (i_generate_multiplier[41].i_dca_instance_2)             |                                                              DCA_MODULE_03_814 |         61 |         61 |       0 |    0 |     0 |      0 |      0 |          0 |
|               i_dca_instance_0                                         |                                                  ERVP_PIPELINED_MULTIPLIER_870 |         22 |         22 |       0 |    0 |    80 |      0 |      0 |          0 |
|             i_generate_multiplier[42].i_dca_instance_2                 |                                                              DCA_MODULE_03_815 |         83 |         83 |       0 |    0 |    80 |      0 |      0 |          0 |
|               (i_generate_multiplier[42].i_dca_instance_2)             |                                                              DCA_MODULE_03_815 |         61 |         61 |       0 |    0 |     0 |      0 |      0 |          0 |
|               i_dca_instance_0                                         |                                                  ERVP_PIPELINED_MULTIPLIER_869 |         22 |         22 |       0 |    0 |    80 |      0 |      0 |          0 |
|             i_generate_multiplier[43].i_dca_instance_2                 |                                                              DCA_MODULE_03_816 |         83 |         83 |       0 |    0 |    80 |      0 |      0 |          0 |
|               (i_generate_multiplier[43].i_dca_instance_2)             |                                                              DCA_MODULE_03_816 |         61 |         61 |       0 |    0 |     0 |      0 |      0 |          0 |
|               i_dca_instance_0                                         |                                                  ERVP_PIPELINED_MULTIPLIER_868 |         22 |         22 |       0 |    0 |    80 |      0 |      0 |          0 |
|             i_generate_multiplier[44].i_dca_instance_2                 |                                                              DCA_MODULE_03_817 |         83 |         83 |       0 |    0 |    80 |      0 |      0 |          0 |
|               (i_generate_multiplier[44].i_dca_instance_2)             |                                                              DCA_MODULE_03_817 |         61 |         61 |       0 |    0 |     0 |      0 |      0 |          0 |
|               i_dca_instance_0                                         |                                                  ERVP_PIPELINED_MULTIPLIER_867 |         22 |         22 |       0 |    0 |    80 |      0 |      0 |          0 |
|             i_generate_multiplier[45].i_dca_instance_2                 |                                                              DCA_MODULE_03_818 |         84 |         84 |       0 |    0 |    80 |      0 |      0 |          0 |
|               (i_generate_multiplier[45].i_dca_instance_2)             |                                                              DCA_MODULE_03_818 |         62 |         62 |       0 |    0 |     0 |      0 |      0 |          0 |
|               i_dca_instance_0                                         |                                                  ERVP_PIPELINED_MULTIPLIER_866 |         22 |         22 |       0 |    0 |    80 |      0 |      0 |          0 |
|             i_generate_multiplier[46].i_dca_instance_2                 |                                                              DCA_MODULE_03_819 |         83 |         83 |       0 |    0 |    80 |      0 |      0 |          0 |
|               (i_generate_multiplier[46].i_dca_instance_2)             |                                                              DCA_MODULE_03_819 |         61 |         61 |       0 |    0 |     0 |      0 |      0 |          0 |
|               i_dca_instance_0                                         |                                                  ERVP_PIPELINED_MULTIPLIER_865 |         22 |         22 |       0 |    0 |    80 |      0 |      0 |          0 |
|             i_generate_multiplier[47].i_dca_instance_2                 |                                                              DCA_MODULE_03_820 |         83 |         83 |       0 |    0 |    80 |      0 |      0 |          0 |
|               (i_generate_multiplier[47].i_dca_instance_2)             |                                                              DCA_MODULE_03_820 |         61 |         61 |       0 |    0 |     0 |      0 |      0 |          0 |
|               i_dca_instance_0                                         |                                                  ERVP_PIPELINED_MULTIPLIER_864 |         22 |         22 |       0 |    0 |    80 |      0 |      0 |          0 |
|             i_generate_multiplier[48].i_dca_instance_2                 |                                                              DCA_MODULE_03_821 |         99 |         99 |       0 |    0 |    80 |      0 |      0 |          0 |
|               (i_generate_multiplier[48].i_dca_instance_2)             |                                                              DCA_MODULE_03_821 |         90 |         90 |       0 |    0 |     0 |      0 |      0 |          0 |
|               i_dca_instance_0                                         |                                                  ERVP_PIPELINED_MULTIPLIER_863 |          9 |          9 |       0 |    0 |    80 |      0 |      0 |          0 |
|             i_generate_multiplier[49].i_dca_instance_2                 |                                                              DCA_MODULE_03_822 |         83 |         83 |       0 |    0 |    80 |      0 |      0 |          0 |
|               (i_generate_multiplier[49].i_dca_instance_2)             |                                                              DCA_MODULE_03_822 |         61 |         61 |       0 |    0 |     0 |      0 |      0 |          0 |
|               i_dca_instance_0                                         |                                                  ERVP_PIPELINED_MULTIPLIER_862 |         22 |         22 |       0 |    0 |    80 |      0 |      0 |          0 |
|             i_generate_multiplier[4].i_dca_instance_2                  |                                                              DCA_MODULE_03_823 |         84 |         84 |       0 |    0 |    80 |      0 |      0 |          0 |
|               (i_generate_multiplier[4].i_dca_instance_2)              |                                                              DCA_MODULE_03_823 |         62 |         62 |       0 |    0 |     0 |      0 |      0 |          0 |
|               i_dca_instance_0                                         |                                                  ERVP_PIPELINED_MULTIPLIER_861 |         22 |         22 |       0 |    0 |    80 |      0 |      0 |          0 |
|             i_generate_multiplier[50].i_dca_instance_2                 |                                                              DCA_MODULE_03_824 |         83 |         83 |       0 |    0 |    80 |      0 |      0 |          0 |
|               (i_generate_multiplier[50].i_dca_instance_2)             |                                                              DCA_MODULE_03_824 |         61 |         61 |       0 |    0 |     0 |      0 |      0 |          0 |
|               i_dca_instance_0                                         |                                                  ERVP_PIPELINED_MULTIPLIER_860 |         22 |         22 |       0 |    0 |    80 |      0 |      0 |          0 |
|             i_generate_multiplier[51].i_dca_instance_2                 |                                                              DCA_MODULE_03_825 |         83 |         83 |       0 |    0 |    80 |      0 |      0 |          0 |
|               (i_generate_multiplier[51].i_dca_instance_2)             |                                                              DCA_MODULE_03_825 |         61 |         61 |       0 |    0 |     0 |      0 |      0 |          0 |
|               i_dca_instance_0                                         |                                                  ERVP_PIPELINED_MULTIPLIER_859 |         22 |         22 |       0 |    0 |    80 |      0 |      0 |          0 |
|             i_generate_multiplier[52].i_dca_instance_2                 |                                                              DCA_MODULE_03_826 |         83 |         83 |       0 |    0 |    80 |      0 |      0 |          0 |
|               (i_generate_multiplier[52].i_dca_instance_2)             |                                                              DCA_MODULE_03_826 |         61 |         61 |       0 |    0 |     0 |      0 |      0 |          0 |
|               i_dca_instance_0                                         |                                                  ERVP_PIPELINED_MULTIPLIER_858 |         22 |         22 |       0 |    0 |    80 |      0 |      0 |          0 |
|             i_generate_multiplier[53].i_dca_instance_2                 |                                                              DCA_MODULE_03_827 |         83 |         83 |       0 |    0 |    80 |      0 |      0 |          0 |
|               (i_generate_multiplier[53].i_dca_instance_2)             |                                                              DCA_MODULE_03_827 |         61 |         61 |       0 |    0 |     0 |      0 |      0 |          0 |
|               i_dca_instance_0                                         |                                                  ERVP_PIPELINED_MULTIPLIER_857 |         22 |         22 |       0 |    0 |    80 |      0 |      0 |          0 |
|             i_generate_multiplier[54].i_dca_instance_2                 |                                                              DCA_MODULE_03_828 |         83 |         83 |       0 |    0 |    80 |      0 |      0 |          0 |
|               (i_generate_multiplier[54].i_dca_instance_2)             |                                                              DCA_MODULE_03_828 |         61 |         61 |       0 |    0 |     0 |      0 |      0 |          0 |
|               i_dca_instance_0                                         |                                                  ERVP_PIPELINED_MULTIPLIER_856 |         22 |         22 |       0 |    0 |    80 |      0 |      0 |          0 |
|             i_generate_multiplier[55].i_dca_instance_2                 |                                                              DCA_MODULE_03_829 |         83 |         83 |       0 |    0 |    80 |      0 |      0 |          0 |
|               (i_generate_multiplier[55].i_dca_instance_2)             |                                                              DCA_MODULE_03_829 |         61 |         61 |       0 |    0 |     0 |      0 |      0 |          0 |
|               i_dca_instance_0                                         |                                                  ERVP_PIPELINED_MULTIPLIER_855 |         22 |         22 |       0 |    0 |    80 |      0 |      0 |          0 |
|             i_generate_multiplier[56].i_dca_instance_2                 |                                                              DCA_MODULE_03_830 |         83 |         83 |       0 |    0 |    80 |      0 |      0 |          0 |
|               (i_generate_multiplier[56].i_dca_instance_2)             |                                                              DCA_MODULE_03_830 |         61 |         61 |       0 |    0 |     0 |      0 |      0 |          0 |
|               i_dca_instance_0                                         |                                                  ERVP_PIPELINED_MULTIPLIER_854 |         22 |         22 |       0 |    0 |    80 |      0 |      0 |          0 |
|             i_generate_multiplier[57].i_dca_instance_2                 |                                                              DCA_MODULE_03_831 |         83 |         83 |       0 |    0 |    80 |      0 |      0 |          0 |
|               (i_generate_multiplier[57].i_dca_instance_2)             |                                                              DCA_MODULE_03_831 |         61 |         61 |       0 |    0 |     0 |      0 |      0 |          0 |
|               i_dca_instance_0                                         |                                                  ERVP_PIPELINED_MULTIPLIER_853 |         22 |         22 |       0 |    0 |    80 |      0 |      0 |          0 |
|             i_generate_multiplier[58].i_dca_instance_2                 |                                                              DCA_MODULE_03_832 |         83 |         83 |       0 |    0 |    80 |      0 |      0 |          0 |
|               (i_generate_multiplier[58].i_dca_instance_2)             |                                                              DCA_MODULE_03_832 |         61 |         61 |       0 |    0 |     0 |      0 |      0 |          0 |
|               i_dca_instance_0                                         |                                                  ERVP_PIPELINED_MULTIPLIER_852 |         22 |         22 |       0 |    0 |    80 |      0 |      0 |          0 |
|             i_generate_multiplier[59].i_dca_instance_2                 |                                                              DCA_MODULE_03_833 |         83 |         83 |       0 |    0 |    80 |      0 |      0 |          0 |
|               (i_generate_multiplier[59].i_dca_instance_2)             |                                                              DCA_MODULE_03_833 |         61 |         61 |       0 |    0 |     0 |      0 |      0 |          0 |
|               i_dca_instance_0                                         |                                                  ERVP_PIPELINED_MULTIPLIER_851 |         22 |         22 |       0 |    0 |    80 |      0 |      0 |          0 |
|             i_generate_multiplier[5].i_dca_instance_2                  |                                                              DCA_MODULE_03_834 |         84 |         84 |       0 |    0 |    80 |      0 |      0 |          0 |
|               (i_generate_multiplier[5].i_dca_instance_2)              |                                                              DCA_MODULE_03_834 |         62 |         62 |       0 |    0 |     0 |      0 |      0 |          0 |
|               i_dca_instance_0                                         |                                                  ERVP_PIPELINED_MULTIPLIER_850 |         22 |         22 |       0 |    0 |    80 |      0 |      0 |          0 |
|             i_generate_multiplier[60].i_dca_instance_2                 |                                                              DCA_MODULE_03_835 |         83 |         83 |       0 |    0 |    80 |      0 |      0 |          0 |
|               (i_generate_multiplier[60].i_dca_instance_2)             |                                                              DCA_MODULE_03_835 |         61 |         61 |       0 |    0 |     0 |      0 |      0 |          0 |
|               i_dca_instance_0                                         |                                                  ERVP_PIPELINED_MULTIPLIER_849 |         22 |         22 |       0 |    0 |    80 |      0 |      0 |          0 |
|             i_generate_multiplier[61].i_dca_instance_2                 |                                                              DCA_MODULE_03_836 |         83 |         83 |       0 |    0 |    80 |      0 |      0 |          0 |
|               (i_generate_multiplier[61].i_dca_instance_2)             |                                                              DCA_MODULE_03_836 |         61 |         61 |       0 |    0 |     0 |      0 |      0 |          0 |
|               i_dca_instance_0                                         |                                                  ERVP_PIPELINED_MULTIPLIER_848 |         22 |         22 |       0 |    0 |    80 |      0 |      0 |          0 |
|             i_generate_multiplier[62].i_dca_instance_2                 |                                                              DCA_MODULE_03_837 |         83 |         83 |       0 |    0 |    80 |      0 |      0 |          0 |
|               (i_generate_multiplier[62].i_dca_instance_2)             |                                                              DCA_MODULE_03_837 |         61 |         61 |       0 |    0 |     0 |      0 |      0 |          0 |
|               i_dca_instance_0                                         |                                                  ERVP_PIPELINED_MULTIPLIER_847 |         22 |         22 |       0 |    0 |    80 |      0 |      0 |          0 |
|             i_generate_multiplier[63].i_dca_instance_2                 |                                                              DCA_MODULE_03_838 |         83 |         83 |       0 |    0 |    80 |      0 |      0 |          0 |
|               (i_generate_multiplier[63].i_dca_instance_2)             |                                                              DCA_MODULE_03_838 |         61 |         61 |       0 |    0 |     0 |      0 |      0 |          0 |
|               i_dca_instance_0                                         |                                                  ERVP_PIPELINED_MULTIPLIER_846 |         22 |         22 |       0 |    0 |    80 |      0 |      0 |          0 |
|             i_generate_multiplier[6].i_dca_instance_2                  |                                                              DCA_MODULE_03_839 |         84 |         84 |       0 |    0 |    80 |      0 |      0 |          0 |
|               (i_generate_multiplier[6].i_dca_instance_2)              |                                                              DCA_MODULE_03_839 |         62 |         62 |       0 |    0 |     0 |      0 |      0 |          0 |
|               i_dca_instance_0                                         |                                                  ERVP_PIPELINED_MULTIPLIER_845 |         22 |         22 |       0 |    0 |    80 |      0 |      0 |          0 |
|             i_generate_multiplier[7].i_dca_instance_2                  |                                                              DCA_MODULE_03_840 |         84 |         84 |       0 |    0 |    80 |      0 |      0 |          0 |
|               (i_generate_multiplier[7].i_dca_instance_2)              |                                                              DCA_MODULE_03_840 |         62 |         62 |       0 |    0 |     0 |      0 |      0 |          0 |
|               i_dca_instance_0                                         |                                                  ERVP_PIPELINED_MULTIPLIER_844 |         22 |         22 |       0 |    0 |    80 |      0 |      0 |          0 |
|             i_generate_multiplier[8].i_dca_instance_2                  |                                                              DCA_MODULE_03_841 |         83 |         83 |       0 |    0 |    80 |      0 |      0 |          0 |
|               (i_generate_multiplier[8].i_dca_instance_2)              |                                                              DCA_MODULE_03_841 |         61 |         61 |       0 |    0 |     0 |      0 |      0 |          0 |
|               i_dca_instance_0                                         |                                                  ERVP_PIPELINED_MULTIPLIER_843 |         22 |         22 |       0 |    0 |    80 |      0 |      0 |          0 |
|           i_dca_instance_05                                            |                                                                      ERVP_FIFO |      35348 |      35348 |       0 |    0 |   151 |      0 |      0 |          0 |
|             (i_dca_instance_05)                                        |                                                                      ERVP_FIFO |          0 |          0 |       0 |    0 |   144 |      0 |      0 |          0 |
|             i_rindexer                                                 |                                                               ERVP_COUNTER_715 |      35339 |      35339 |       0 |    0 |     2 |      0 |      0 |          0 |
|           i_dca_instance_06                                            |                                                      DCA_MATRIX_REGISTER_TYPE3 |      15031 |      15031 |       0 |    0 |  2048 |      0 |      0 |          0 |
|             i_dca_instance_0                                           |                                                  DCA_MATRIX_REGISTER_TYPE1_712 |      15031 |      15031 |       0 |    0 |  2048 |      0 |      0 |          0 |
|               i_dca_instance_0                                         |                                               DCA_MATRIX_REGISTER_TEMPLATE_713 |      15031 |      15031 |       0 |    0 |  2048 |      0 |      0 |          0 |
|           i_dca_instance_08                                            |                                                                  DCA_MODULE_29 |        346 |        346 |       0 |    0 |   371 |      0 |      0 |          0 |
|             i_dca_instance_2                                           |                                                         DCA_MATRIX_SPLITER_708 |        115 |        115 |       0 |    0 |   122 |      0 |      0 |          0 |
|               (i_dca_instance_2)                                       |                                                         DCA_MATRIX_SPLITER_708 |          0 |          0 |       0 |    0 |    64 |      0 |      0 |          0 |
|               i_dca_instance_0                                         |                                                            DCA_MATRIX_ITERATOR |        115 |        115 |       0 |    0 |    58 |      0 |      0 |          0 |
|             i_dca_instance_0                                           |                                                             DCA_MATRIX_SPLITER |        117 |        117 |       0 |    0 |   122 |      0 |      0 |          0 |
|               (i_dca_instance_0)                                       |                                                             DCA_MATRIX_SPLITER |         32 |         32 |       0 |    0 |    64 |      0 |      0 |          0 |
|               i_dca_instance_0                                         |                                                        DCA_MATRIX_ITERATOR_710 |         86 |         86 |       0 |    0 |    58 |      0 |      0 |          0 |
|             i_dca_instance_1                                           |                                                         DCA_MATRIX_SPLITER_707 |        114 |        114 |       0 |    0 |   122 |      0 |      0 |          0 |
|               (i_dca_instance_1)                                       |                                                         DCA_MATRIX_SPLITER_707 |         31 |         31 |       0 |    0 |    64 |      0 |      0 |          0 |
|               i_dca_instance_0                                         |                                                        DCA_MATRIX_ITERATOR_709 |         83 |         83 |       0 |    0 |    58 |      0 |      0 |          0 |
|           i_dca_instance_09                                            |                                                   DCA_MATRIX_REGISTER_CONSTANT |       2288 |       2288 |       0 |    0 |    32 |      0 |      0 |          0 |
|           i_dca_instance_10                                            |                                                  DCA_MATRIX_REGISTER_TYPE3_703 |       1824 |       1824 |       0 |    0 |  2048 |      0 |      0 |          0 |
|             i_dca_instance_0                                           |                                                      DCA_MATRIX_REGISTER_TYPE1 |       1824 |       1824 |       0 |    0 |  2048 |      0 |      0 |          0 |
|               i_dca_instance_0                                         |                                               DCA_MATRIX_REGISTER_TEMPLATE_706 |       1824 |       1824 |       0 |    0 |  2048 |      0 |      0 |          0 |
|           i_dca_instance_11                                            |                                                       DCA_MATRIX_LOAD2MREG_704 |        266 |        266 |       0 |    0 |    13 |      0 |      0 |          0 |
|             i_dca_instance_0                                           |                                              ERVP_COUNTER_WITH_ONEHOT_ENCODING |        265 |        265 |       0 |    0 |     8 |      0 |      0 |          0 |
|           i_dca_instance_12                                            |                                                  DCA_MATRIX_REGISTER_TYPE5_705 |          0 |          0 |       0 |    0 |  2048 |      0 |      0 |          0 |
|             i_dca_instance_0                                           |                                                   DCA_MATRIX_REGISTER_TEMPLATE |          0 |          0 |       0 |    0 |  2048 |      0 |      0 |          0 |
|       i_dca_neugemm00_control_mmiox1_interface                         |                                                          ERVP_MMIOX1_INTERFACE |       1700 |       1700 |       0 |    0 |  4279 |      0 |      0 |          0 |
|         i_mmiox1_bridge                                                |                                                             ERVP_MMIOX1_BRIDGE |       1700 |       1700 |       0 |    0 |  4279 |      0 |      0 |          0 |
|           i_interrupt_request_fifo                                     |                                                      ERVP_FIFO__parameterized3 |        108 |        108 |       0 |    0 |   266 |      0 |      0 |          0 |
|             (i_interrupt_request_fifo)                                 |                                                      ERVP_FIFO__parameterized3 |          0 |          0 |       0 |    0 |   256 |      0 |      0 |          0 |
|             i_rindexer                                                 |                                              ERVP_COUNTER__parameterized10_648 |         98 |         98 |       0 |    0 |     3 |      0 |      0 |          0 |
|           i_inst_fifo                                                  |                                      ERVP_ASYNCH_FIFO_ADVANCED__parameterized0 |       1572 |       1572 |       0 |    0 |  3910 |      0 |      0 |          0 |
|             i_generate_fifo[0].i_fifo                                  |                                               ERVP_ASYNCH_FIFO__parameterized7 |         88 |         88 |       0 |    0 |   288 |      0 |      0 |          0 |
|               (i_generate_fifo[0].i_fifo)                              |                                               ERVP_ASYNCH_FIFO__parameterized7 |         82 |         82 |       0 |    0 |   272 |      0 |      0 |          0 |
|             i_generate_fifo[10].i_fifo                                 |                                           ERVP_ASYNCH_FIFO__parameterized7_650 |         88 |         88 |       0 |    0 |   288 |      0 |      0 |          0 |
|               (i_generate_fifo[10].i_fifo)                             |                                           ERVP_ASYNCH_FIFO__parameterized7_650 |         82 |         82 |       0 |    0 |   272 |      0 |      0 |          0 |
|             i_generate_fifo[11].i_fifo                                 |                                           ERVP_ASYNCH_FIFO__parameterized7_651 |         89 |         89 |       0 |    0 |   288 |      0 |      0 |          0 |
|               (i_generate_fifo[11].i_fifo)                             |                                           ERVP_ASYNCH_FIFO__parameterized7_651 |         83 |         83 |       0 |    0 |   272 |      0 |      0 |          0 |
|             i_generate_fifo[12].i_fifo                                 |                                           ERVP_ASYNCH_FIFO__parameterized7_652 |         97 |         97 |       0 |    0 |   288 |      0 |      0 |          0 |
|               (i_generate_fifo[12].i_fifo)                             |                                           ERVP_ASYNCH_FIFO__parameterized7_652 |         91 |         91 |       0 |    0 |   272 |      0 |      0 |          0 |
|             i_generate_fifo[13].i_fifo                                 |                                           ERVP_ASYNCH_FIFO__parameterized7_653 |         97 |         97 |       0 |    0 |   288 |      0 |      0 |          0 |
|               (i_generate_fifo[13].i_fifo)                             |                                           ERVP_ASYNCH_FIFO__parameterized7_653 |         91 |         91 |       0 |    0 |   272 |      0 |      0 |          0 |
|             i_generate_fifo[14].i_fifo                                 |                                           ERVP_ASYNCH_FIFO__parameterized7_654 |         45 |         45 |       0 |    0 |    88 |      0 |      0 |          0 |
|               (i_generate_fifo[14].i_fifo)                             |                                           ERVP_ASYNCH_FIFO__parameterized7_654 |         39 |         39 |       0 |    0 |    72 |      0 |      0 |          0 |
|             i_generate_fifo[15].i_fifo                                 |                                           ERVP_ASYNCH_FIFO__parameterized7_655 |        100 |        100 |       0 |    0 |   136 |      0 |      0 |          0 |
|               (i_generate_fifo[15].i_fifo)                             |                                           ERVP_ASYNCH_FIFO__parameterized7_655 |         94 |         94 |       0 |    0 |   120 |      0 |      0 |          0 |
|             i_generate_fifo[1].i_fifo                                  |                                           ERVP_ASYNCH_FIFO__parameterized7_656 |         89 |         89 |       0 |    0 |   288 |      0 |      0 |          0 |
|               (i_generate_fifo[1].i_fifo)                              |                                           ERVP_ASYNCH_FIFO__parameterized7_656 |         83 |         83 |       0 |    0 |   272 |      0 |      0 |          0 |
|             i_generate_fifo[2].i_fifo                                  |                                           ERVP_ASYNCH_FIFO__parameterized7_657 |         94 |         94 |       0 |    0 |   288 |      0 |      0 |          0 |
|               (i_generate_fifo[2].i_fifo)                              |                                           ERVP_ASYNCH_FIFO__parameterized7_657 |         88 |         88 |       0 |    0 |   272 |      0 |      0 |          0 |
|             i_generate_fifo[3].i_fifo                                  |                                           ERVP_ASYNCH_FIFO__parameterized7_658 |         96 |         96 |       0 |    0 |   288 |      0 |      0 |          0 |
|               (i_generate_fifo[3].i_fifo)                              |                                           ERVP_ASYNCH_FIFO__parameterized7_658 |         90 |         90 |       0 |    0 |   272 |      0 |      0 |          0 |
|             i_generate_fifo[4].i_fifo                                  |                                           ERVP_ASYNCH_FIFO__parameterized7_659 |         45 |         45 |       0 |    0 |    88 |      0 |      0 |          0 |
|               (i_generate_fifo[4].i_fifo)                              |                                           ERVP_ASYNCH_FIFO__parameterized7_659 |         39 |         39 |       0 |    0 |    72 |      0 |      0 |          0 |
|             i_generate_fifo[5].i_fifo                                  |                                           ERVP_ASYNCH_FIFO__parameterized7_660 |         88 |         88 |       0 |    0 |   288 |      0 |      0 |          0 |
|               (i_generate_fifo[5].i_fifo)                              |                                           ERVP_ASYNCH_FIFO__parameterized7_660 |         82 |         82 |       0 |    0 |   272 |      0 |      0 |          0 |
|             i_generate_fifo[6].i_fifo                                  |                                           ERVP_ASYNCH_FIFO__parameterized7_661 |        114 |        114 |       0 |    0 |   288 |      0 |      0 |          0 |
|               (i_generate_fifo[6].i_fifo)                              |                                           ERVP_ASYNCH_FIFO__parameterized7_661 |        108 |        108 |       0 |    0 |   272 |      0 |      0 |          0 |
|             i_generate_fifo[7].i_fifo                                  |                                           ERVP_ASYNCH_FIFO__parameterized7_662 |         98 |         98 |       0 |    0 |   288 |      0 |      0 |          0 |
|               (i_generate_fifo[7].i_fifo)                              |                                           ERVP_ASYNCH_FIFO__parameterized7_662 |         92 |         92 |       0 |    0 |   272 |      0 |      0 |          0 |
|             i_generate_fifo[8].i_fifo                                  |                                           ERVP_ASYNCH_FIFO__parameterized7_663 |         94 |         94 |       0 |    0 |   288 |      0 |      0 |          0 |
|               (i_generate_fifo[8].i_fifo)                              |                                           ERVP_ASYNCH_FIFO__parameterized7_663 |         88 |         88 |       0 |    0 |   272 |      0 |      0 |          0 |
|             i_generate_fifo[9].i_fifo                                  |                                           ERVP_ASYNCH_FIFO__parameterized7_664 |        214 |        214 |       0 |    0 |    88 |      0 |      0 |          0 |
|               (i_generate_fifo[9].i_fifo)                              |                                           ERVP_ASYNCH_FIFO__parameterized7_664 |        208 |        208 |       0 |    0 |    72 |      0 |      0 |          0 |
|       i_dca_neugemm00_ma_mlsu                                          |                                                                ERVP_MATRIX_LSU |       1971 |       1971 |       0 |    0 |  1278 |      0 |      0 |          0 |
|         i_dca_instance_0                                               |                                                       DCA_MATRIX_LSU_XMI1P_613 |       1971 |       1971 |       0 |    0 |  1278 |      0 |      0 |          0 |
|           i_dca_instance_0                                             |                                                       DCA_MATRIX_LSU_LPI2P_614 |       1971 |       1971 |       0 |    0 |  1278 |      0 |      0 |          0 |
|             i_dca_instance_11                                          |                                                  ERVP_FIFO__parameterized4_620 |        108 |        108 |       0 |    0 |   152 |      0 |      0 |          0 |
|               (i_dca_instance_11)                                      |                                                  ERVP_FIFO__parameterized4_620 |          0 |          0 |       0 |    0 |   148 |      0 |      0 |          0 |
|               i_rindexer                                               |                                              ERVP_COUNTER__parameterized11_623 |         97 |         97 |       0 |    0 |     1 |      0 |      0 |          0 |
|             i_dca_instance_02                                          |                                                  ERVP_FIFO__parameterized5_615 |         35 |         35 |       0 |    0 |    82 |      0 |      0 |          0 |
|               (i_dca_instance_02)                                      |                                                  ERVP_FIFO__parameterized5_615 |          0 |          0 |       0 |    0 |    72 |      0 |      0 |          0 |
|             i_dca_instance_04                                          |                                                  ERVP_FIFO__parameterized6_616 |        280 |        280 |       0 |    0 |    28 |      0 |      0 |          0 |
|               i_rindexer                                               |                                              ERVP_COUNTER__parameterized11_641 |        270 |        270 |       0 |    0 |     1 |      0 |      0 |          0 |
|             i_dca_instance_05                                          |                                                              DCA_MODULE_24_617 |       1435 |       1435 |       0 |    0 |   645 |      0 |      0 |          0 |
|               i_dca_instance_0                                         |                                                              DCA_MODULE_25_628 |        129 |        129 |       0 |    0 |   387 |      0 |      0 |          0 |
|                 (i_dca_instance_0)                                     |                                                              DCA_MODULE_25_628 |          0 |          0 |       0 |    0 |   384 |      0 |      0 |          0 |
|                 i_dca_instance_0                                       |                         ERVP_COUNTER_WITH_ONEHOT_ENCODING__parameterized11_638 |        129 |        129 |       0 |    0 |     3 |      0 |      0 |          0 |
|               i_dca_instance_2                                         |                                                              DCA_MODULE_20_629 |       1306 |       1306 |       0 |    0 |   258 |      0 |      0 |          0 |
|                 (i_dca_instance_2)                                     |                                                              DCA_MODULE_20_629 |          2 |          2 |       0 |    0 |   258 |      0 |      0 |          0 |
|                 i_dca_instance_0                                       |                                        ERVP_BARREL_SHIFTER__parameterized6_630 |       1304 |       1304 |       0 |    0 |     0 |      0 |      0 |          0 |
|                   (i_dca_instance_0)                                   |                                        ERVP_BARREL_SHIFTER__parameterized6_630 |         66 |         66 |       0 |    0 |     0 |      0 |      0 |          0 |
|                   i_final_step_shifter                                 |                                 ERVP_BARREL_SHIFTER_STEP___parameterized25_631 |        192 |        192 |       0 |    0 |     0 |      0 |      0 |          0 |
|                   i_step[1].i_step_shifter                             |                                 ERVP_BARREL_SHIFTER_STEP___parameterized20_633 |        376 |        376 |       0 |    0 |     0 |      0 |      0 |          0 |
|                   i_step[3].i_step_shifter                             |                                 ERVP_BARREL_SHIFTER_STEP___parameterized22_635 |        336 |        336 |       0 |    0 |     0 |      0 |      0 |          0 |
|                   i_step[4].i_step_shifter                             |                                 ERVP_BARREL_SHIFTER_STEP___parameterized23_636 |        112 |        112 |       0 |    0 |     0 |      0 |      0 |          0 |
|                   i_step[5].i_step_shifter                             |                                 ERVP_BARREL_SHIFTER_STEP___parameterized24_637 |        192 |        192 |       0 |    0 |     0 |      0 |      0 |          0 |
|             i_dca_instance_06                                          |                                                  ERVP_FIFO__parameterized5_618 |         84 |         84 |       0 |    0 |   266 |      0 |      0 |          0 |
|               (i_dca_instance_06)                                      |                                                  ERVP_FIFO__parameterized5_618 |          0 |          0 |       0 |    0 |   256 |      0 |      0 |          0 |
|               i_rindexer                                               |                                              ERVP_COUNTER__parameterized10_626 |         66 |         66 |       0 |    0 |     3 |      0 |      0 |          0 |
|             i_dca_instance_10                                          |                                                              DCA_MODULE_22_619 |         29 |         29 |       0 |    0 |   102 |      0 |      0 |          0 |
|       i_dca_neugemm00_mb_mlsu                                          |                                                              ERVP_MATRIX_LSU_5 |       1972 |       1972 |       0 |    0 |  1278 |      0 |      0 |          0 |
|         i_dca_instance_0                                               |                                                           DCA_MATRIX_LSU_XMI1P |       1972 |       1972 |       0 |    0 |  1278 |      0 |      0 |          0 |
|           i_dca_instance_0                                             |                                                           DCA_MATRIX_LSU_LPI2P |       1972 |       1972 |       0 |    0 |  1278 |      0 |      0 |          0 |
|             i_dca_instance_11                                          |                                                  ERVP_FIFO__parameterized4_587 |        107 |        107 |       0 |    0 |   152 |      0 |      0 |          0 |
|               (i_dca_instance_11)                                      |                                                  ERVP_FIFO__parameterized4_587 |          0 |          0 |       0 |    0 |   148 |      0 |      0 |          0 |
|               i_rindexer                                               |                                              ERVP_COUNTER__parameterized11_590 |         97 |         97 |       0 |    0 |     1 |      0 |      0 |          0 |
|             i_dca_instance_02                                          |                                                  ERVP_FIFO__parameterized5_582 |         35 |         35 |       0 |    0 |    82 |      0 |      0 |          0 |
|               (i_dca_instance_02)                                      |                                                  ERVP_FIFO__parameterized5_582 |          0 |          0 |       0 |    0 |    72 |      0 |      0 |          0 |
|             i_dca_instance_04                                          |                                                  ERVP_FIFO__parameterized6_583 |        282 |        282 |       0 |    0 |    28 |      0 |      0 |          0 |
|               i_rindexer                                               |                                              ERVP_COUNTER__parameterized11_608 |        272 |        272 |       0 |    0 |     1 |      0 |      0 |          0 |
|             i_dca_instance_05                                          |                                                              DCA_MODULE_24_584 |       1435 |       1435 |       0 |    0 |   645 |      0 |      0 |          0 |
|               i_dca_instance_0                                         |                                                              DCA_MODULE_25_595 |        129 |        129 |       0 |    0 |   387 |      0 |      0 |          0 |
|                 (i_dca_instance_0)                                     |                                                              DCA_MODULE_25_595 |          0 |          0 |       0 |    0 |   384 |      0 |      0 |          0 |
|                 i_dca_instance_0                                       |                         ERVP_COUNTER_WITH_ONEHOT_ENCODING__parameterized11_605 |        129 |        129 |       0 |    0 |     3 |      0 |      0 |          0 |
|               i_dca_instance_2                                         |                                                              DCA_MODULE_20_596 |       1306 |       1306 |       0 |    0 |   258 |      0 |      0 |          0 |
|                 (i_dca_instance_2)                                     |                                                              DCA_MODULE_20_596 |          2 |          2 |       0 |    0 |   258 |      0 |      0 |          0 |
|                 i_dca_instance_0                                       |                                        ERVP_BARREL_SHIFTER__parameterized6_597 |       1304 |       1304 |       0 |    0 |     0 |      0 |      0 |          0 |
|                   (i_dca_instance_0)                                   |                                        ERVP_BARREL_SHIFTER__parameterized6_597 |         66 |         66 |       0 |    0 |     0 |      0 |      0 |          0 |
|                   i_final_step_shifter                                 |                                 ERVP_BARREL_SHIFTER_STEP___parameterized25_598 |        192 |        192 |       0 |    0 |     0 |      0 |      0 |          0 |
|                   i_step[1].i_step_shifter                             |                                 ERVP_BARREL_SHIFTER_STEP___parameterized20_600 |        376 |        376 |       0 |    0 |     0 |      0 |      0 |          0 |
|                   i_step[3].i_step_shifter                             |                                 ERVP_BARREL_SHIFTER_STEP___parameterized22_602 |        336 |        336 |       0 |    0 |     0 |      0 |      0 |          0 |
|                   i_step[4].i_step_shifter                             |                                 ERVP_BARREL_SHIFTER_STEP___parameterized23_603 |        112 |        112 |       0 |    0 |     0 |      0 |      0 |          0 |
|                   i_step[5].i_step_shifter                             |                                 ERVP_BARREL_SHIFTER_STEP___parameterized24_604 |        192 |        192 |       0 |    0 |     0 |      0 |      0 |          0 |
|             i_dca_instance_06                                          |                                                  ERVP_FIFO__parameterized5_585 |         84 |         84 |       0 |    0 |   266 |      0 |      0 |          0 |
|               (i_dca_instance_06)                                      |                                                  ERVP_FIFO__parameterized5_585 |          0 |          0 |       0 |    0 |   256 |      0 |      0 |          0 |
|               i_rindexer                                               |                                              ERVP_COUNTER__parameterized10_593 |         66 |         66 |       0 |    0 |     3 |      0 |      0 |          0 |
|             i_dca_instance_10                                          |                                                              DCA_MODULE_22_586 |         29 |         29 |       0 |    0 |   102 |      0 |      0 |          0 |
|       i_dca_neugemm00_mc_mlsu                                          |                                                ERVP_MATRIX_LSU__parameterized0 |       4400 |       4400 |       0 |    0 |  2176 |      0 |      0 |          0 |
|         i_dca_instance_0                                               |                                           DCA_MATRIX_LSU_XMI1P__parameterized0 |       4400 |       4400 |       0 |    0 |  2176 |      0 |      0 |          0 |
|           i_dca_instance_0                                             |                                           DCA_MATRIX_LSU_LPI2P__parameterized0 |       4400 |       4400 |       0 |    0 |  2176 |      0 |      0 |          0 |
|             i_dca_instance_11                                          |                                                      ERVP_FIFO__parameterized4 |        123 |        123 |       0 |    0 |   154 |      0 |      0 |          0 |
|               (i_dca_instance_11)                                      |                                                      ERVP_FIFO__parameterized4 |          0 |          0 |       0 |    0 |   150 |      0 |      0 |          0 |
|               i_rindexer                                               |                                                  ERVP_COUNTER__parameterized11 |        110 |        110 |       0 |    0 |     1 |      0 |      0 |          0 |
|             i_dca_instance_00                                          |                                                      ERVP_FIFO__parameterized5 |         98 |         98 |       0 |    0 |   274 |      0 |      0 |          0 |
|               (i_dca_instance_00)                                      |                                                      ERVP_FIFO__parameterized5 |          0 |          0 |       0 |    0 |   264 |      0 |      0 |          0 |
|               i_rindexer                                               |                                              ERVP_COUNTER__parameterized10_580 |         85 |         85 |       0 |    0 |     3 |      0 |      0 |          0 |
|             i_dca_instance_01                                          |                                                                  DCA_MODULE_31 |        756 |        756 |       0 |    0 |   127 |      0 |      0 |          0 |
|               i_dca_instance_0                                         |                                                  ERVP_FIFO__parameterized5_575 |        756 |        756 |       0 |    0 |   114 |      0 |      0 |          0 |
|                 (i_dca_instance_0)                                     |                                                  ERVP_FIFO__parameterized5_575 |          0 |          0 |       0 |    0 |   104 |      0 |      0 |          0 |
|                 i_rindexer                                             |                                              ERVP_COUNTER__parameterized10_577 |        741 |        741 |       0 |    0 |     3 |      0 |      0 |          0 |
|             i_dca_instance_02                                          |                                                  ERVP_FIFO__parameterized5_562 |         36 |         36 |       0 |    0 |    82 |      0 |      0 |          0 |
|               (i_dca_instance_02)                                      |                                                  ERVP_FIFO__parameterized5_562 |          0 |          0 |       0 |    0 |    72 |      0 |      0 |          0 |
|             i_dca_instance_04                                          |                                                      ERVP_FIFO__parameterized6 |        323 |        323 |       0 |    0 |    28 |      0 |      0 |          0 |
|               i_rindexer                                               |                                              ERVP_COUNTER__parameterized11_570 |        313 |        313 |       0 |    0 |     1 |      0 |      0 |          0 |
|             i_dca_instance_05                                          |                                                                  DCA_MODULE_24 |       1437 |       1437 |       0 |    0 |   645 |      0 |      0 |          0 |
|               i_dca_instance_0                                         |                                                                  DCA_MODULE_25 |        129 |        129 |       0 |    0 |   387 |      0 |      0 |          0 |
|                 (i_dca_instance_0)                                     |                                                                  DCA_MODULE_25 |          0 |          0 |       0 |    0 |   384 |      0 |      0 |          0 |
|                 i_dca_instance_0                                       |                             ERVP_COUNTER_WITH_ONEHOT_ENCODING__parameterized11 |        129 |        129 |       0 |    0 |     3 |      0 |      0 |          0 |
|               i_dca_instance_2                                         |                                                                  DCA_MODULE_20 |       1308 |       1308 |       0 |    0 |   258 |      0 |      0 |          0 |
|                 (i_dca_instance_2)                                     |                                                                  DCA_MODULE_20 |         70 |         70 |       0 |    0 |   258 |      0 |      0 |          0 |
|                 i_dca_instance_0                                       |                                            ERVP_BARREL_SHIFTER__parameterized6 |       1238 |       1238 |       0 |    0 |     0 |      0 |      0 |          0 |
|                   i_final_step_shifter                                 |                                     ERVP_BARREL_SHIFTER_STEP___parameterized25 |        192 |        192 |       0 |    0 |     0 |      0 |      0 |          0 |
|                   i_step[1].i_step_shifter                             |                                     ERVP_BARREL_SHIFTER_STEP___parameterized20 |        376 |        376 |       0 |    0 |     0 |      0 |      0 |          0 |
|                   i_step[3].i_step_shifter                             |                                     ERVP_BARREL_SHIFTER_STEP___parameterized22 |        336 |        336 |       0 |    0 |     0 |      0 |      0 |          0 |
|                   i_step[4].i_step_shifter                             |                                     ERVP_BARREL_SHIFTER_STEP___parameterized23 |        112 |        112 |       0 |    0 |     0 |      0 |      0 |          0 |
|                   i_step[5].i_step_shifter                             |                                     ERVP_BARREL_SHIFTER_STEP___parameterized24 |        192 |        192 |       0 |    0 |     0 |      0 |      0 |          0 |
|             i_dca_instance_06                                          |                                                  ERVP_FIFO__parameterized5_563 |         80 |         80 |       0 |    0 |   266 |      0 |      0 |          0 |
|               (i_dca_instance_06)                                      |                                                  ERVP_FIFO__parameterized5_563 |          0 |          0 |       0 |    0 |   256 |      0 |      0 |          0 |
|               i_rindexer                                               |                                                  ERVP_COUNTER__parameterized10 |         66 |         66 |       0 |    0 |     3 |      0 |      0 |          0 |
|             i_dca_instance_07                                          |                                                      ERVP_FIFO__parameterized7 |        457 |        457 |       0 |    0 |    51 |      0 |      0 |          0 |
|               i_rindexer                                               |                                                               ERVP_COUNTER_566 |        450 |        450 |       0 |    0 |     2 |      0 |      0 |          0 |
|             i_dca_instance_09                                          |                                                                  DCA_MODULE_05 |       1054 |       1054 |       0 |    0 |   439 |      0 |      0 |          0 |
|               (i_dca_instance_09)                                      |                                                                  DCA_MODULE_05 |        901 |        901 |       0 |    0 |     0 |      0 |      0 |          0 |
|               i_dca_instance_3                                         |                                                                  DCA_MODULE_26 |        151 |        151 |       0 |    0 |   437 |      0 |      0 |          0 |
|             i_dca_instance_10                                          |                                                                  DCA_MODULE_22 |         32 |         32 |       0 |    0 |   102 |      0 |      0 |          0 |
|       i_inter_router_fifo00                                            |                                                        MUNOC_INTER_ROUTER_FIFO |        290 |        290 |       0 |    0 |   572 |      0 |      0 |          0 |
|         i_munoc_instance_0                                             |                                                ERVP_SMALL_FIFO__parameterized6 |        137 |        137 |       0 |    0 |   272 |      0 |      0 |          0 |
|           (i_munoc_instance_0)                                         |                                                ERVP_SMALL_FIFO__parameterized6 |          0 |          0 |       0 |    0 |   266 |      0 |      0 |          0 |
|           i_read_data                                                  |                           ERVP_MUX_WITH_ONEHOT_ENCODED_SELECT__parameterized19 |        133 |        133 |       0 |    0 |     0 |      0 |      0 |          0 |
|         i_munoc_instance_1                                             |                                                ERVP_SMALL_FIFO__parameterized5 |        153 |        153 |       0 |    0 |   300 |      0 |      0 |          0 |
|           (i_munoc_instance_1)                                         |                                                ERVP_SMALL_FIFO__parameterized5 |          0 |          0 |       0 |    0 |   294 |      0 |      0 |          0 |
|           i_read_data                                                  |                           ERVP_MUX_WITH_ONEHOT_ENCODED_SELECT__parameterized18 |        147 |        147 |       0 |    0 |     0 |      0 |      0 |          0 |
|       i_main_core                                                      |                                                                 RVC_ROCKET_BIG |      15079 |      15019 |      60 |    0 |  9756 |      8 |      8 |          4 |
|         i_rocket                                                       |                                                                     RocketTile |      14819 |      14759 |      60 |    0 |  9376 |      8 |      8 |          4 |
|           ptw                                                          |                                                                            PTW |        501 |        501 |       0 |    0 |   508 |      0 |      0 |          0 |
|           core                                                         |                                                                         Rocket |       3434 |       3390 |      44 |    0 |  1571 |      0 |      0 |          2 |
|             (core)                                                     |                                                                         Rocket |        859 |        815 |      44 |    0 |   509 |      0 |      0 |          0 |
|             csr                                                        |                                                                        CSRFile |       1957 |       1957 |       0 |    0 |   882 |      0 |      0 |          0 |
|             div                                                        |                                                                         MulDiv |        455 |        455 |       0 |    0 |   116 |      0 |      0 |          2 |
|             ibuf                                                       |                                                                           IBuf |        170 |        170 |       0 |    0 |    64 |      0 |      0 |          0 |
|           dcache                                                       |                                                                         DCache |       1915 |       1915 |       0 |    0 |  2008 |      4 |      4 |          0 |
|             (dcache)                                                   |                                                                         DCache |       1612 |       1612 |       0 |    0 |  1992 |      0 |      0 |          0 |
|             data                                                       |                                                                DCacheDataArray |        139 |        139 |       0 |    0 |     0 |      4 |      0 |          0 |
|               data_arrays_0                                            |                                                                  data_arrays_0 |        139 |        139 |       0 |    0 |     0 |      4 |      0 |          0 |
|                 data_arrays_0_ext                                      |                                                              data_arrays_0_ext |        139 |        139 |       0 |    0 |     0 |      4 |      0 |          0 |
|             tag_array                                                  |                                                                      tag_array |        170 |        170 |       0 |    0 |     0 |      0 |      4 |          0 |
|               tag_array_ext                                            |                                                                  tag_array_ext |        170 |        170 |       0 |    0 |     0 |      0 |      4 |          0 |
|           fpuOpt                                                       |                                                                            FPU |       5285 |       5285 |       0 |    0 |  1780 |      0 |      0 |          2 |
|             (fpuOpt)                                                   |                                                                            FPU |        430 |        430 |       0 |    0 |  1189 |      0 |      0 |          0 |
|             divSqrt                                                    |                                                             DivSqrtRecFN_small |       2186 |       2186 |       0 |    0 |   103 |      0 |      0 |          0 |
|               divSqrtRecFNToRaw                                        |                                                        DivSqrtRecFNToRaw_small |       2184 |       2184 |       0 |    0 |   103 |      0 |      0 |          0 |
|                 divSqrtRawFN_                                          |                                                             DivSqrtRawFN_small |       2184 |       2184 |       0 |    0 |   103 |      0 |      0 |          0 |
|             fpiu                                                       |                                                                        FPToInt |        443 |        443 |       0 |    0 |    72 |      0 |      0 |          0 |
|               (fpiu)                                                   |                                                                        FPToInt |        329 |        329 |       0 |    0 |    72 |      0 |      0 |          0 |
|               conv                                                     |                                                                      RecFNToIN |         92 |         92 |       0 |    0 |     0 |      0 |      0 |          0 |
|             fpmu                                                       |                                                                         FPToFP |        632 |        632 |       0 |    0 |   104 |      0 |      0 |          0 |
|             ifpu                                                       |                                                                        IntToFP |        338 |        338 |       0 |    0 |    72 |      0 |      0 |          0 |
|               (ifpu)                                                   |                                                                        IntToFP |        155 |        155 |       0 |    0 |    72 |      0 |      0 |          0 |
|               i2f                                                      |                                                                      INToRecFN |        191 |        191 |       0 |    0 |     0 |      0 |      0 |          0 |
|                 roundAnyRawFNToRecFN                                   |                                                         RoundAnyRawFNToRecFN_1 |        191 |        191 |       0 |    0 |     0 |      0 |      0 |          0 |
|             sfma                                                       |                                                                     FPUFMAPipe |       1262 |       1262 |       0 |    0 |   240 |      0 |      0 |          2 |
|               (sfma)                                                   |                                                                     FPUFMAPipe |        317 |        317 |       0 |    0 |    88 |      0 |      0 |          0 |
|               fma                                                      |                                                                MulAddRecFNPipe |        946 |        946 |       0 |    0 |   152 |      0 |      0 |          2 |
|                 (fma)                                                  |                                                                MulAddRecFNPipe |        388 |        388 |       0 |    0 |   152 |      0 |      0 |          2 |
|                 mulAddRecFNToRaw_postMul                               |                                                       MulAddRecFNToRaw_postMul |         62 |         62 |       0 |    0 |     0 |      0 |      0 |          0 |
|                 mulAddRecFNToRaw_preMul                                |                                                        MulAddRecFNToRaw_preMul |        288 |        288 |       0 |    0 |     0 |      0 |      0 |          0 |
|                 roundRawFNToRecFN                                      |                                                              RoundRawFNToRecFN |        214 |        214 |       0 |    0 |     0 |      0 |      0 |          0 |
|                   roundAnyRawFNToRecFN                                 |                                                           RoundAnyRawFNToRecFN |        214 |        214 |       0 |    0 |     0 |      0 |      0 |          0 |
|           frontend                                                     |                                                                       Frontend |       3703 |       3687 |      16 |    0 |  3498 |      4 |      4 |          0 |
|             (frontend)                                                 |                                                                       Frontend |        337 |        337 |       0 |    0 |   107 |      0 |      0 |          0 |
|             btb                                                        |                                                                            BTB |       1007 |        991 |      16 |    0 |  1381 |      0 |      0 |          0 |
|             fq                                                         |                                                                     ShiftQueue |        813 |        813 |       0 |    0 |   410 |      0 |      0 |          0 |
|             icache                                                     |                                                                         ICache |        715 |        715 |       0 |    0 |   320 |      4 |      4 |          0 |
|               (icache)                                                 |                                                                         ICache |        102 |        102 |       0 |    0 |   304 |      0 |      0 |          0 |
|               data_arrays_0                                            |                                                                data_arrays_0_0 |        281 |        281 |       0 |    0 |     0 |      4 |      0 |          0 |
|                 data_arrays_0_0_ext                                    |                                                            data_arrays_0_0_ext |        281 |        281 |       0 |    0 |     0 |      4 |      0 |          0 |
|               repl_way_v0_prng                                         |                                                         MaxPeriodFibonacciLFSR |        295 |        295 |       0 |    0 |    16 |      0 |      0 |          0 |
|             tlb                                                        |                                                                          TLB_1 |        864 |        864 |       0 |    0 |  1280 |      0 |      0 |          0 |
|         i_tl2axi                                                       |                                                       ERVP_TILELINK2AXI_BRIDGE |        261 |        261 |       0 |    0 |   380 |      0 |      0 |          0 |
|           i_tl2axi_forward                                             |                                                     ERVP_TL2AXI_FORWARD_BRIDGE |        198 |        198 |       0 |    0 |   305 |      0 |      0 |          0 |
|             i_ac_mux                                                   |                                                                 ERVP_TL_AC_MUX |        196 |        196 |       0 |    0 |   288 |      0 |      0 |          0 |
|               i_tlc_buffer                                             |                                                            ERVP_SMALL_FIFO_547 |        108 |        108 |       0 |    0 |   128 |      0 |      0 |          0 |
|                 (i_tlc_buffer)                                         |                                                            ERVP_SMALL_FIFO_547 |          0 |          0 |       0 |    0 |   122 |      0 |      0 |          0 |
|                 i_rindexer                                             |                          ERVP_COUNTER_WITH_ONEHOT_ENCODING__parameterized2_548 |         89 |         89 |       0 |    0 |     2 |      0 |      0 |          0 |
|               i_tla_buffer                                             |                                                                ERVP_SMALL_FIFO |         86 |         86 |       0 |    0 |   158 |      0 |      0 |          0 |
|                 (i_tla_buffer)                                         |                                                                ERVP_SMALL_FIFO |          0 |          0 |       0 |    0 |   152 |      0 |      0 |          0 |
|                 i_rindexer                                             |                          ERVP_COUNTER_WITH_ONEHOT_ENCODING__parameterized2_551 |         78 |         78 |       0 |    0 |     2 |      0 |      0 |          0 |
|       i_mnim_i_dca_neugemm00_ma_mlsu_noc_part                          |                               MUNOC_XMI_MASTER_NETWORK_INTERFACE_MODULE_ASYNCH |        361 |        361 |       0 |    0 |   853 |      0 |      0 |          0 |
|         i_munoc_instance_0                                             |                                                            MUNOC_LPIXM2AXI_510 |        156 |        156 |       0 |    0 |   405 |      0 |      0 |          0 |
|           i_burden_handler                                             |                                       MUNOC_BURDEN_HANDLER__parameterized1_531 |        139 |        139 |       0 |    0 |   399 |      0 |      0 |          0 |
|             i_reply_buffer                                             |                                           ERVP_SMALL_FIFO__parameterized24_535 |        136 |        136 |       0 |    0 |   396 |      0 |      0 |          0 |
|               (i_reply_buffer)                                         |                                           ERVP_SMALL_FIFO__parameterized24_535 |          0 |          0 |       0 |    0 |   387 |      0 |      0 |          0 |
|               i_rindexer                                               |                          ERVP_COUNTER_WITH_ONEHOT_ENCODING__parameterized3_536 |        131 |        131 |       0 |    0 |     3 |      0 |      0 |          0 |
|         i_munoc_instance_1                                             |                              MUNOC_AXI4_MASTER_NETWORK_INTERFACE_MODULE_ASYNCH |        206 |        206 |       0 |    0 |   448 |      0 |      0 |          0 |
|           i_munoc_instance_0                                           |               MUNOC_AXI_MASTER_NETWORK_INTERFACE_MODULE_ASYNCH__parameterized0 |        205 |        205 |       0 |    0 |   448 |      0 |      0 |          0 |
|             i_munoc_instance_07                                        |                                            MUNOC_MODULE_31__parameterized2_513 |         34 |         34 |       0 |    0 |    82 |      0 |      0 |          0 |
|               i_munoc_instance_0                                       |                                          ERVP_ASYNCH_FIFO__parameterized16_524 |         34 |         34 |       0 |    0 |    82 |      0 |      0 |          0 |
|                 (i_munoc_instance_0)                                   |                                          ERVP_ASYNCH_FIFO__parameterized16_524 |         33 |         33 |       0 |    0 |    74 |      0 |      0 |          0 |
|             i_munoc_instance_11                                        |                                            MUNOC_MODULE_04__parameterized1_514 |        106 |        106 |       0 |    0 |   317 |      0 |      0 |          0 |
|               i_munoc_instance_2                                       |                                            MUNOC_MODULE_45__parameterized3_517 |         80 |         80 |       0 |    0 |   274 |      0 |      0 |          0 |
|                 i_gen_buffer[0].i_munoc_instance_1                     |                                          ERVP_ASYNCH_FIFO__parameterized15_518 |         80 |         80 |       0 |    0 |   274 |      0 |      0 |          0 |
|                   (i_gen_buffer[0].i_munoc_instance_1)                 |                                          ERVP_ASYNCH_FIFO__parameterized15_518 |         79 |         79 |       0 |    0 |   266 |      0 |      0 |          0 |
|       i_mnim_i_dca_neugemm00_mb_mlsu_noc_part                          |               MUNOC_XMI_MASTER_NETWORK_INTERFACE_MODULE_ASYNCH__parameterized0 |        352 |        352 |       0 |    0 |   853 |      0 |      0 |          0 |
|         (i_mnim_i_dca_neugemm00_mb_mlsu_noc_part)                      |               MUNOC_XMI_MASTER_NETWORK_INTERFACE_MODULE_ASYNCH__parameterized0 |        153 |        153 |       0 |    0 |     0 |      0 |      0 |          0 |
|         i_munoc_instance_0                                             |                                                            MUNOC_LPIXM2AXI_480 |         17 |         17 |       0 |    0 |   405 |      0 |      0 |          0 |
|           i_burden_handler                                             |                                       MUNOC_BURDEN_HANDLER__parameterized1_501 |          8 |          8 |       0 |    0 |   399 |      0 |      0 |          0 |
|             i_reply_buffer                                             |                                           ERVP_SMALL_FIFO__parameterized24_505 |          6 |          6 |       0 |    0 |   396 |      0 |      0 |          0 |
|               (i_reply_buffer)                                         |                                           ERVP_SMALL_FIFO__parameterized24_505 |          0 |          0 |       0 |    0 |   387 |      0 |      0 |          0 |
|         i_munoc_instance_1                                             |              MUNOC_AXI4_MASTER_NETWORK_INTERFACE_MODULE_ASYNCH__parameterized0 |        183 |        183 |       0 |    0 |   448 |      0 |      0 |          0 |
|           i_munoc_instance_0                                           |               MUNOC_AXI_MASTER_NETWORK_INTERFACE_MODULE_ASYNCH__parameterized1 |        181 |        181 |       0 |    0 |   448 |      0 |      0 |          0 |
|             i_munoc_instance_07                                        |                                            MUNOC_MODULE_31__parameterized2_483 |         22 |         22 |       0 |    0 |    82 |      0 |      0 |          0 |
|               i_munoc_instance_0                                       |                                          ERVP_ASYNCH_FIFO__parameterized16_494 |         22 |         22 |       0 |    0 |    82 |      0 |      0 |          0 |
|                 (i_munoc_instance_0)                                   |                                          ERVP_ASYNCH_FIFO__parameterized16_494 |         21 |         21 |       0 |    0 |    74 |      0 |      0 |          0 |
|             i_munoc_instance_11                                        |                                            MUNOC_MODULE_04__parameterized1_484 |         97 |         97 |       0 |    0 |   317 |      0 |      0 |          0 |
|               i_munoc_instance_2                                       |                                            MUNOC_MODULE_45__parameterized3_487 |         72 |         72 |       0 |    0 |   274 |      0 |      0 |          0 |
|                 i_gen_buffer[0].i_munoc_instance_1                     |                                          ERVP_ASYNCH_FIFO__parameterized15_488 |         72 |         72 |       0 |    0 |   274 |      0 |      0 |          0 |
|                   (i_gen_buffer[0].i_munoc_instance_1)                 |                                          ERVP_ASYNCH_FIFO__parameterized15_488 |         71 |         71 |       0 |    0 |   266 |      0 |      0 |          0 |
|       i_mnim_i_dca_neugemm00_mc_mlsu_noc_part                          |               MUNOC_XMI_MASTER_NETWORK_INTERFACE_MODULE_ASYNCH__parameterized1 |        605 |        605 |       0 |    0 |  1296 |      0 |      0 |          0 |
|         i_munoc_instance_0                                             |                                                                MUNOC_LPIXM2AXI |        193 |        193 |       0 |    0 |   419 |      0 |      0 |          0 |
|           i_burden_handler                                             |                                           MUNOC_BURDEN_HANDLER__parameterized1 |        151 |        151 |       0 |    0 |   410 |      0 |      0 |          0 |
|             i_reply_buffer                                             |                                               ERVP_SMALL_FIFO__parameterized24 |        136 |        136 |       0 |    0 |   399 |      0 |      0 |          0 |
|               (i_reply_buffer)                                         |                                               ERVP_SMALL_FIFO__parameterized24 |          0 |          0 |       0 |    0 |   390 |      0 |      0 |          0 |
|               i_rindexer                                               |                          ERVP_COUNTER_WITH_ONEHOT_ENCODING__parameterized3_474 |        132 |        132 |       0 |    0 |     3 |      0 |      0 |          0 |
|         i_munoc_instance_1                                             |              MUNOC_AXI4_MASTER_NETWORK_INTERFACE_MODULE_ASYNCH__parameterized1 |        412 |        412 |       0 |    0 |   877 |      0 |      0 |          0 |
|           i_munoc_instance_0                                           |               MUNOC_AXI_MASTER_NETWORK_INTERFACE_MODULE_ASYNCH__parameterized2 |        412 |        412 |       0 |    0 |   877 |      0 |      0 |          0 |
|             i_munoc_instance_00                                        |                                                MUNOC_MODULE_31__parameterized3 |        131 |        131 |       0 |    0 |   306 |      0 |      0 |          0 |
|               i_munoc_instance_0                                       |                                           ERVP_ASYNCH_FIFO__parameterized0_471 |        131 |        131 |       0 |    0 |   306 |      0 |      0 |          0 |
|                 (i_munoc_instance_0)                                   |                                           ERVP_ASYNCH_FIFO__parameterized0_471 |        131 |        131 |       0 |    0 |   298 |      0 |      0 |          0 |
|             i_munoc_instance_05                                        |                                                MUNOC_MODULE_31__parameterized2 |         25 |         25 |       0 |    0 |    82 |      0 |      0 |          0 |
|               i_munoc_instance_0                                       |                                          ERVP_ASYNCH_FIFO__parameterized16_464 |         25 |         25 |       0 |    0 |    82 |      0 |      0 |          0 |
|                 (i_munoc_instance_0)                                   |                                          ERVP_ASYNCH_FIFO__parameterized16_464 |         25 |         25 |       0 |    0 |    74 |      0 |      0 |          0 |
|             i_munoc_instance_06                                        |                                                MUNOC_MODULE_07__parameterized3 |         66 |         66 |       0 |    0 |     7 |      0 |      0 |          0 |
|             i_munoc_instance_07                                        |                                            MUNOC_MODULE_31__parameterized2_447 |         46 |         46 |       0 |    0 |    82 |      0 |      0 |          0 |
|               i_munoc_instance_0                                       |                                              ERVP_ASYNCH_FIFO__parameterized16 |         46 |         46 |       0 |    0 |    82 |      0 |      0 |          0 |
|                 (i_munoc_instance_0)                                   |                                              ERVP_ASYNCH_FIFO__parameterized16 |         46 |         46 |       0 |    0 |    74 |      0 |      0 |          0 |
|             i_munoc_instance_11                                        |                                                MUNOC_MODULE_04__parameterized1 |         99 |         99 |       0 |    0 |   317 |      0 |      0 |          0 |
|               i_munoc_instance_2                                       |                                            MUNOC_MODULE_45__parameterized3_451 |         80 |         80 |       0 |    0 |   274 |      0 |      0 |          0 |
|                 i_gen_buffer[0].i_munoc_instance_1                     |                                          ERVP_ASYNCH_FIFO__parameterized15_452 |         80 |         80 |       0 |    0 |   274 |      0 |      0 |          0 |
|                   (i_gen_buffer[0].i_munoc_instance_1)                 |                                          ERVP_ASYNCH_FIFO__parameterized15_452 |         79 |         79 |       0 |    0 |   266 |      0 |      0 |          0 |
|       i_mnim_i_main_core_no_name                                       |                               MUNOC_AXI_MASTER_NETWORK_INTERFACE_MODULE_ASYNCH |        409 |        409 |       0 |    0 |   788 |      0 |      0 |          0 |
|         i_munoc_instance_00                                            |                                                MUNOC_MODULE_31__parameterized1 |         48 |         48 |       0 |    0 |   172 |      0 |      0 |          0 |
|           i_munoc_instance_0                                           |                                              ERVP_ASYNCH_FIFO__parameterized11 |         48 |         48 |       0 |    0 |   172 |      0 |      0 |          0 |
|             (i_munoc_instance_0)                                       |                                              ERVP_ASYNCH_FIFO__parameterized11 |         44 |         44 |       0 |    0 |   160 |      0 |      0 |          0 |
|         i_munoc_instance_05                                            |                                                MUNOC_MODULE_31__parameterized0 |         47 |         47 |       0 |    0 |    92 |      0 |      0 |          0 |
|           i_munoc_instance_0                                           |                                              ERVP_ASYNCH_FIFO__parameterized10 |         47 |         47 |       0 |    0 |    92 |      0 |      0 |          0 |
|             (i_munoc_instance_0)                                       |                                              ERVP_ASYNCH_FIFO__parameterized10 |         47 |         47 |       0 |    0 |    84 |      0 |      0 |          0 |
|         i_munoc_instance_07                                            |                                                                MUNOC_MODULE_31 |         63 |         63 |       0 |    0 |   176 |      0 |      0 |          0 |
|           i_munoc_instance_0                                           |                                               ERVP_ASYNCH_FIFO__parameterized9 |         63 |         63 |       0 |    0 |   176 |      0 |      0 |          0 |
|             (i_munoc_instance_0)                                       |                                               ERVP_ASYNCH_FIFO__parameterized9 |         59 |         59 |       0 |    0 |   164 |      0 |      0 |          0 |
|         i_munoc_instance_11                                            |                                                                MUNOC_MODULE_04 |        110 |        110 |       0 |    0 |   211 |      0 |      0 |          0 |
|           i_munoc_instance_2                                           |                                            MUNOC_MODULE_45__parameterized2_414 |         68 |         68 |       0 |    0 |   160 |      0 |      0 |          0 |
|             i_gen_buffer[0].i_munoc_instance_1                         |                                          ERVP_ASYNCH_FIFO__parameterized13_415 |         68 |         68 |       0 |    0 |   160 |      0 |      0 |          0 |
|               (i_gen_buffer[0].i_munoc_instance_1)                     |                                          ERVP_ASYNCH_FIFO__parameterized13_415 |         66 |         66 |       0 |    0 |   148 |      0 |      0 |          0 |
|       i_mnim_platform_controller_master                                |                               MUNOC_AHB_MASTER_NETWORK_INTERFACE_MODULE_ASYNCH |        425 |        425 |       0 |    0 |   960 |      0 |      0 |          0 |
|         i_munoc_instance_04                                            |                                              ERVP_ASYNCH_FIFO__parameterized14 |        116 |        116 |       0 |    0 |   432 |      0 |      0 |          0 |
|           (i_munoc_instance_04)                                        |                                              ERVP_ASYNCH_FIFO__parameterized14 |        112 |        112 |       0 |    0 |   416 |      0 |      0 |          0 |
|         i_munoc_instance_05                                            |                                                MUNOC_MODULE_04__parameterized0 |         62 |         62 |       0 |    0 |   177 |      0 |      0 |          0 |
|           i_munoc_instance_2                                           |                                                MUNOC_MODULE_45__parameterized2 |         49 |         49 |       0 |    0 |   156 |      0 |      0 |          0 |
|             i_gen_buffer[0].i_munoc_instance_1                         |                                              ERVP_ASYNCH_FIFO__parameterized13 |         49 |         49 |       0 |    0 |   156 |      0 |      0 |          0 |
|               (i_gen_buffer[0].i_munoc_instance_1)                     |                                              ERVP_ASYNCH_FIFO__parameterized13 |         47 |         47 |       0 |    0 |   144 |      0 |      0 |          0 |
|         i_munoc_instance_09                                            |                                                                MUNOC_MODULE_48 |        162 |        162 |       0 |    0 |   261 |      0 |      0 |          0 |
|           i_munoc_instance_2                                           |                                                MUNOC_MODULE_06__parameterized1 |         40 |         40 |       0 |    0 |    70 |      0 |      0 |          0 |
|             i_munoc_instance_0                                         |                                               ERVP_SMALL_FIFO__parameterized20 |         40 |         40 |       0 |    0 |    70 |      0 |      0 |          0 |
|               (i_munoc_instance_0)                                     |                                               ERVP_SMALL_FIFO__parameterized20 |          0 |          0 |       0 |    0 |    64 |      0 |      0 |          0 |
|           i_munoc_instance_0                                           |                                                MUNOC_MODULE_06__parameterized0 |         56 |         56 |       0 |    0 |   105 |      0 |      0 |          0 |
|             i_munoc_instance_0                                         |                                               ERVP_SMALL_FIFO__parameterized19 |         56 |         56 |       0 |    0 |   105 |      0 |      0 |          0 |
|               (i_munoc_instance_0)                                     |                                               ERVP_SMALL_FIFO__parameterized19 |          0 |          0 |       0 |    0 |    96 |      0 |      0 |          0 |
|           i_munoc_instance_1                                           |                                                                MUNOC_MODULE_06 |         60 |         60 |       0 |    0 |    74 |      0 |      0 |          0 |
|             i_munoc_instance_0                                         |                                               ERVP_SMALL_FIFO__parameterized18 |         60 |         60 |       0 |    0 |    74 |      0 |      0 |          0 |
|               (i_munoc_instance_0)                                     |                                               ERVP_SMALL_FIFO__parameterized18 |          0 |          0 |       0 |    0 |    68 |      0 |      0 |          0 |
|               i_rindexer                                               |                          ERVP_COUNTER_WITH_ONEHOT_ENCODING__parameterized2_395 |         54 |         54 |       0 |    0 |     2 |      0 |      0 |          0 |
|       i_snim_common_peri_group_no_name                                 |                                MUNOC_APB_SLAVE_NETWORK_INTERFACE_MODULE_ASYNCH |        824 |        824 |       0 |    0 |  1430 |      0 |      0 |          0 |
|         (i_snim_common_peri_group_no_name)                             |                                MUNOC_APB_SLAVE_NETWORK_INTERFACE_MODULE_ASYNCH |        101 |        101 |       0 |    0 |     0 |      0 |      0 |          0 |
|         i_munoc_instance_0                                             |                                                            MUNOC_MODULE_10_320 |        202 |        202 |       0 |    0 |   335 |      0 |      0 |          0 |
|           i_munoc_instance_0                                           |                                                   MUNOC_AXI2APB_CONVERTER__368 |        200 |        200 |       0 |    0 |   335 |      0 |      0 |          0 |
|             i_munoc_instance_0                                         |                                                            MUNOC_AXI2LPIXS_369 |        142 |        142 |       0 |    0 |   183 |      0 |      0 |          0 |
|               i_axi2lpixm                                              |                                                            MUNOC_AXI2LPIXM_382 |         52 |         52 |       0 |    0 |   134 |      0 |      0 |          0 |
|                 i_reply_buffer                                         |                                            ERVP_SMALL_FIFO__parameterized3_387 |         46 |         46 |       0 |    0 |   132 |      0 |      0 |          0 |
|                   (i_reply_buffer)                                     |                                            ERVP_SMALL_FIFO__parameterized3_387 |          0 |          0 |       0 |    0 |   123 |      0 |      0 |          0 |
|               i_lpixm2lpixs                                            |                                                          MUNOC_LPIXM2LPIXS_383 |         90 |         90 |       0 |    0 |    49 |      0 |      0 |          0 |
|                 i_spliter                                              |                                                      MUNOC_AXI_ACH_SPLITER_384 |         90 |         90 |       0 |    0 |    49 |      0 |      0 |          0 |
|                   i_addr_generator                                     |                                                  ERVP_BURST_ADDR_GENERATOR_385 |         89 |         89 |       0 |    0 |    40 |      0 |      0 |          0 |
|             i_munoc_instance_1                                         |                                                            MUNOC_LPIXS2PBE_370 |         58 |         58 |       0 |    0 |   152 |      0 |      0 |          0 |
|               i_burden_handler                                         |                                                       MUNOC_BURDEN_HANDLER_371 |         58 |         58 |       0 |    0 |   149 |      0 |      0 |          0 |
|                 i_reply_buffer                                         |                                            ERVP_SMALL_FIFO__parameterized4_374 |         41 |         41 |       0 |    0 |   114 |      0 |      0 |          0 |
|                   (i_reply_buffer)                                     |                                            ERVP_SMALL_FIFO__parameterized4_374 |          0 |          0 |       0 |    0 |   105 |      0 |      0 |          0 |
|         i_munoc_instance_1                                             |                                                            MUNOC_MODULE_23_321 |        528 |        528 |       0 |    0 |  1095 |      0 |      0 |          0 |
|           i_munoc_instance_2                                           |                                                            MUNOC_MODULE_27_324 |         76 |         76 |       0 |    0 |   110 |      0 |      0 |          0 |
|             i_munoc_instance_1                                         |                                                            MUNOC_MODULE_12_361 |         48 |         48 |       0 |    0 |    79 |      0 |      0 |          0 |
|           i_munoc_instance_3                                           |                                                            MUNOC_MODULE_19_325 |        164 |        164 |       0 |    0 |   354 |      0 |      0 |          0 |
|             i_gen_rdata_buffer[0].i_munoc_instance_0                   |                                           ERVP_ASYNCH_FIFO__parameterized2_345 |         36 |         36 |       0 |    0 |    80 |      0 |      0 |          0 |
|               (i_gen_rdata_buffer[0].i_munoc_instance_0)               |                                           ERVP_ASYNCH_FIFO__parameterized2_345 |         34 |         34 |       0 |    0 |    72 |      0 |      0 |          0 |
|             i_gen_rdata_buffer[1].i_munoc_instance_0                   |                                           ERVP_ASYNCH_FIFO__parameterized2_346 |         36 |         36 |       0 |    0 |    80 |      0 |      0 |          0 |
|               (i_gen_rdata_buffer[1].i_munoc_instance_0)               |                                           ERVP_ASYNCH_FIFO__parameterized2_346 |         34 |         34 |       0 |    0 |    72 |      0 |      0 |          0 |
|             i_gen_rdata_buffer[2].i_munoc_instance_0                   |                                           ERVP_ASYNCH_FIFO__parameterized2_347 |         38 |         38 |       0 |    0 |    80 |      0 |      0 |          0 |
|               (i_gen_rdata_buffer[2].i_munoc_instance_0)               |                                           ERVP_ASYNCH_FIFO__parameterized2_347 |         36 |         36 |       0 |    0 |    72 |      0 |      0 |          0 |
|             i_gen_rdata_buffer[3].i_munoc_instance_0                   |                                           ERVP_ASYNCH_FIFO__parameterized2_348 |         38 |         38 |       0 |    0 |    80 |      0 |      0 |          0 |
|               (i_gen_rdata_buffer[3].i_munoc_instance_0)               |                                           ERVP_ASYNCH_FIFO__parameterized2_348 |         36 |         36 |       0 |    0 |    72 |      0 |      0 |          0 |
|           i_munoc_instance_4                                           |                                                            MUNOC_MODULE_21_326 |        186 |        186 |       0 |    0 |   473 |      0 |      0 |          0 |
|             i_munoc_instance_0                                         |                                            MUNOC_MODULE_45__parameterized0_336 |         39 |         39 |       0 |    0 |   104 |      0 |      0 |          0 |
|               i_gen_buffer[0].i_munoc_instance_1                       |                                           ERVP_ASYNCH_FIFO__parameterized0_342 |         39 |         39 |       0 |    0 |   104 |      0 |      0 |          0 |
|                 (i_gen_buffer[0].i_munoc_instance_1)                   |                                           ERVP_ASYNCH_FIFO__parameterized0_342 |         37 |         37 |       0 |    0 |    96 |      0 |      0 |          0 |
|             i_munoc_instance_1                                         |                                                            MUNOC_MODULE_45_337 |        146 |        146 |       0 |    0 |   368 |      0 |      0 |          0 |
|               i_gen_buffer[0].i_munoc_instance_1                       |                                                           ERVP_ASYNCH_FIFO_339 |        146 |        146 |       0 |    0 |   368 |      0 |      0 |          0 |
|                 (i_gen_buffer[0].i_munoc_instance_1)                   |                                                           ERVP_ASYNCH_FIFO_339 |        142 |        142 |       0 |    0 |   352 |      0 |      0 |          0 |
|       i_snim_external_peri_group_no_name                               |                              MUNOC_APB_SLAVE_NETWORK_INTERFACE_MODULE_ASYNCH_6 |        986 |        986 |       0 |    0 |  1556 |      0 |      0 |          0 |
|         (i_snim_external_peri_group_no_name)                           |                              MUNOC_APB_SLAVE_NETWORK_INTERFACE_MODULE_ASYNCH_6 |        102 |        102 |       0 |    0 |     0 |      0 |      0 |          0 |
|         i_munoc_instance_0                                             |                                                            MUNOC_MODULE_10_249 |        283 |        283 |       0 |    0 |   331 |      0 |      0 |          0 |
|           i_munoc_instance_0                                           |                                                   MUNOC_AXI2APB_CONVERTER__297 |        281 |        281 |       0 |    0 |   331 |      0 |      0 |          0 |
|             i_munoc_instance_0                                         |                                                            MUNOC_AXI2LPIXS_298 |        221 |        221 |       0 |    0 |   179 |      0 |      0 |          0 |
|               i_axi2lpixm                                              |                                                            MUNOC_AXI2LPIXM_311 |         52 |         52 |       0 |    0 |   134 |      0 |      0 |          0 |
|                 i_reply_buffer                                         |                                            ERVP_SMALL_FIFO__parameterized3_316 |         46 |         46 |       0 |    0 |   132 |      0 |      0 |          0 |
|                   (i_reply_buffer)                                     |                                            ERVP_SMALL_FIFO__parameterized3_316 |          0 |          0 |       0 |    0 |   123 |      0 |      0 |          0 |
|               i_lpixm2lpixs                                            |                                                          MUNOC_LPIXM2LPIXS_312 |        169 |        169 |       0 |    0 |    45 |      0 |      0 |          0 |
|                 i_spliter                                              |                                                      MUNOC_AXI_ACH_SPLITER_313 |        169 |        169 |       0 |    0 |    45 |      0 |      0 |          0 |
|                   i_addr_generator                                     |                                                  ERVP_BURST_ADDR_GENERATOR_314 |        168 |        168 |       0 |    0 |    36 |      0 |      0 |          0 |
|             i_munoc_instance_1                                         |                                                            MUNOC_LPIXS2PBE_299 |         60 |         60 |       0 |    0 |   152 |      0 |      0 |          0 |
|               i_burden_handler                                         |                                                       MUNOC_BURDEN_HANDLER_300 |         59 |         59 |       0 |    0 |   149 |      0 |      0 |          0 |
|                 i_reply_buffer                                         |                                            ERVP_SMALL_FIFO__parameterized4_303 |         42 |         42 |       0 |    0 |   114 |      0 |      0 |          0 |
|                   (i_reply_buffer)                                     |                                            ERVP_SMALL_FIFO__parameterized4_303 |          1 |          1 |       0 |    0 |   105 |      0 |      0 |          0 |
|         i_munoc_instance_1                                             |                                                            MUNOC_MODULE_23_250 |        608 |        608 |       0 |    0 |  1225 |      0 |      0 |          0 |
|           i_munoc_instance_2                                           |                                                            MUNOC_MODULE_27_253 |        101 |        101 |       0 |    0 |   104 |      0 |      0 |          0 |
|             i_munoc_instance_1                                         |                                                            MUNOC_MODULE_12_290 |         44 |         44 |       0 |    0 |    73 |      0 |      0 |          0 |
|             i_munoc_instance_0                                         |                                                            MUNOC_MODULE_13_289 |         57 |         57 |       0 |    0 |    28 |      0 |      0 |          0 |
|           i_munoc_instance_3                                           |                                                            MUNOC_MODULE_19_254 |        164 |        164 |       0 |    0 |   354 |      0 |      0 |          0 |
|             i_gen_rdata_buffer[0].i_munoc_instance_0                   |                                           ERVP_ASYNCH_FIFO__parameterized2_274 |         36 |         36 |       0 |    0 |    80 |      0 |      0 |          0 |
|               (i_gen_rdata_buffer[0].i_munoc_instance_0)               |                                           ERVP_ASYNCH_FIFO__parameterized2_274 |         34 |         34 |       0 |    0 |    72 |      0 |      0 |          0 |
|             i_gen_rdata_buffer[1].i_munoc_instance_0                   |                                           ERVP_ASYNCH_FIFO__parameterized2_275 |         36 |         36 |       0 |    0 |    80 |      0 |      0 |          0 |
|               (i_gen_rdata_buffer[1].i_munoc_instance_0)               |                                           ERVP_ASYNCH_FIFO__parameterized2_275 |         34 |         34 |       0 |    0 |    72 |      0 |      0 |          0 |
|             i_gen_rdata_buffer[2].i_munoc_instance_0                   |                                           ERVP_ASYNCH_FIFO__parameterized2_276 |         38 |         38 |       0 |    0 |    80 |      0 |      0 |          0 |
|               (i_gen_rdata_buffer[2].i_munoc_instance_0)               |                                           ERVP_ASYNCH_FIFO__parameterized2_276 |         36 |         36 |       0 |    0 |    72 |      0 |      0 |          0 |
|             i_gen_rdata_buffer[3].i_munoc_instance_0                   |                                           ERVP_ASYNCH_FIFO__parameterized2_277 |         38 |         38 |       0 |    0 |    80 |      0 |      0 |          0 |
|               (i_gen_rdata_buffer[3].i_munoc_instance_0)               |                                           ERVP_ASYNCH_FIFO__parameterized2_277 |         36 |         36 |       0 |    0 |    72 |      0 |      0 |          0 |
|           i_munoc_instance_4                                           |                                                            MUNOC_MODULE_21_255 |        241 |        241 |       0 |    0 |   609 |      0 |      0 |          0 |
|             i_munoc_instance_0                                         |                                            MUNOC_MODULE_45__parameterized0_265 |        102 |        102 |       0 |    0 |   272 |      0 |      0 |          0 |
|               i_gen_buffer[0].i_munoc_instance_1                       |                                           ERVP_ASYNCH_FIFO__parameterized0_271 |        102 |        102 |       0 |    0 |   272 |      0 |      0 |          0 |
|                 (i_gen_buffer[0].i_munoc_instance_1)                   |                                           ERVP_ASYNCH_FIFO__parameterized0_271 |        100 |        100 |       0 |    0 |   264 |      0 |      0 |          0 |
|             i_munoc_instance_1                                         |                                                            MUNOC_MODULE_45_266 |        138 |        138 |       0 |    0 |   336 |      0 |      0 |          0 |
|               i_gen_buffer[0].i_munoc_instance_1                       |                                                           ERVP_ASYNCH_FIFO_268 |        138 |        138 |       0 |    0 |   336 |      0 |      0 |          0 |
|                 (i_gen_buffer[0].i_munoc_instance_1)                   |                                                           ERVP_ASYNCH_FIFO_268 |        134 |        134 |       0 |    0 |   320 |      0 |      0 |          0 |
|       i_snim_i_dca_neugemm00_control_mmiox1_interface_mmio             |                              MUNOC_APB_SLAVE_NETWORK_INTERFACE_MODULE_ASYNCH_7 |        890 |        890 |       0 |    0 |  1512 |      0 |      0 |          0 |
|         (i_snim_i_dca_neugemm00_control_mmiox1_interface_mmio)         |                              MUNOC_APB_SLAVE_NETWORK_INTERFACE_MODULE_ASYNCH_7 |         98 |         98 |       0 |    0 |     0 |      0 |      0 |          0 |
|         i_munoc_instance_0                                             |                                                            MUNOC_MODULE_10_178 |        210 |        210 |       0 |    0 |   327 |      0 |      0 |          0 |
|           i_munoc_instance_0                                           |                                                   MUNOC_AXI2APB_CONVERTER__226 |        208 |        208 |       0 |    0 |   327 |      0 |      0 |          0 |
|             i_munoc_instance_0                                         |                                                            MUNOC_AXI2LPIXS_227 |        150 |        150 |       0 |    0 |   175 |      0 |      0 |          0 |
|               i_axi2lpixm                                              |                                                            MUNOC_AXI2LPIXM_240 |         52 |         52 |       0 |    0 |   134 |      0 |      0 |          0 |
|                 i_reply_buffer                                         |                                            ERVP_SMALL_FIFO__parameterized3_245 |         46 |         46 |       0 |    0 |   132 |      0 |      0 |          0 |
|                   (i_reply_buffer)                                     |                                            ERVP_SMALL_FIFO__parameterized3_245 |          0 |          0 |       0 |    0 |   123 |      0 |      0 |          0 |
|               i_lpixm2lpixs                                            |                                                          MUNOC_LPIXM2LPIXS_241 |         98 |         98 |       0 |    0 |    41 |      0 |      0 |          0 |
|                 i_spliter                                              |                                                      MUNOC_AXI_ACH_SPLITER_242 |         98 |         98 |       0 |    0 |    41 |      0 |      0 |          0 |
|                   i_addr_generator                                     |                                                  ERVP_BURST_ADDR_GENERATOR_243 |         97 |         97 |       0 |    0 |    32 |      0 |      0 |          0 |
|             i_munoc_instance_1                                         |                                                            MUNOC_LPIXS2PBE_228 |         58 |         58 |       0 |    0 |   152 |      0 |      0 |          0 |
|               i_burden_handler                                         |                                                       MUNOC_BURDEN_HANDLER_229 |         58 |         58 |       0 |    0 |   149 |      0 |      0 |          0 |
|                 i_reply_buffer                                         |                                            ERVP_SMALL_FIFO__parameterized4_232 |         41 |         41 |       0 |    0 |   114 |      0 |      0 |          0 |
|                   (i_reply_buffer)                                     |                                            ERVP_SMALL_FIFO__parameterized4_232 |          0 |          0 |       0 |    0 |   105 |      0 |      0 |          0 |
|         i_munoc_instance_1                                             |                                                            MUNOC_MODULE_23_179 |        589 |        589 |       0 |    0 |  1185 |      0 |      0 |          0 |
|           i_munoc_instance_2                                           |                                                            MUNOC_MODULE_27_182 |         89 |         89 |       0 |    0 |    96 |      0 |      0 |          0 |
|             i_munoc_instance_1                                         |                                                            MUNOC_MODULE_12_219 |         40 |         40 |       0 |    0 |    65 |      0 |      0 |          0 |
|           i_munoc_instance_3                                           |                                                            MUNOC_MODULE_19_183 |        164 |        164 |       0 |    0 |   354 |      0 |      0 |          0 |
|             i_gen_rdata_buffer[0].i_munoc_instance_0                   |                                           ERVP_ASYNCH_FIFO__parameterized2_203 |         36 |         36 |       0 |    0 |    80 |      0 |      0 |          0 |
|               (i_gen_rdata_buffer[0].i_munoc_instance_0)               |                                           ERVP_ASYNCH_FIFO__parameterized2_203 |         34 |         34 |       0 |    0 |    72 |      0 |      0 |          0 |
|             i_gen_rdata_buffer[1].i_munoc_instance_0                   |                                           ERVP_ASYNCH_FIFO__parameterized2_204 |         36 |         36 |       0 |    0 |    80 |      0 |      0 |          0 |
|               (i_gen_rdata_buffer[1].i_munoc_instance_0)               |                                           ERVP_ASYNCH_FIFO__parameterized2_204 |         34 |         34 |       0 |    0 |    72 |      0 |      0 |          0 |
|             i_gen_rdata_buffer[2].i_munoc_instance_0                   |                                           ERVP_ASYNCH_FIFO__parameterized2_205 |         38 |         38 |       0 |    0 |    80 |      0 |      0 |          0 |
|               (i_gen_rdata_buffer[2].i_munoc_instance_0)               |                                           ERVP_ASYNCH_FIFO__parameterized2_205 |         36 |         36 |       0 |    0 |    72 |      0 |      0 |          0 |
|             i_gen_rdata_buffer[3].i_munoc_instance_0                   |                                           ERVP_ASYNCH_FIFO__parameterized2_206 |         38 |         38 |       0 |    0 |    80 |      0 |      0 |          0 |
|               (i_gen_rdata_buffer[3].i_munoc_instance_0)               |                                           ERVP_ASYNCH_FIFO__parameterized2_206 |         36 |         36 |       0 |    0 |    72 |      0 |      0 |          0 |
|           i_munoc_instance_4                                           |                                                            MUNOC_MODULE_21_184 |        234 |        234 |       0 |    0 |   577 |      0 |      0 |          0 |
|             i_munoc_instance_0                                         |                                            MUNOC_MODULE_45__parameterized0_194 |        102 |        102 |       0 |    0 |   272 |      0 |      0 |          0 |
|               i_gen_buffer[0].i_munoc_instance_1                       |                                           ERVP_ASYNCH_FIFO__parameterized0_200 |        102 |        102 |       0 |    0 |   272 |      0 |      0 |          0 |
|                 (i_gen_buffer[0].i_munoc_instance_1)                   |                                           ERVP_ASYNCH_FIFO__parameterized0_200 |        100 |        100 |       0 |    0 |   264 |      0 |      0 |          0 |
|             i_munoc_instance_1                                         |                                                            MUNOC_MODULE_45_195 |        131 |        131 |       0 |    0 |   304 |      0 |      0 |          0 |
|               i_gen_buffer[0].i_munoc_instance_1                       |                                                           ERVP_ASYNCH_FIFO_197 |        131 |        131 |       0 |    0 |   304 |      0 |      0 |          0 |
|                 (i_gen_buffer[0].i_munoc_instance_1)                   |                                                           ERVP_ASYNCH_FIFO_197 |        127 |        127 |       0 |    0 |   288 |      0 |      0 |          0 |
|       i_snim_i_system_ddr_no_name                                      |                       MUNOC_AXI_SLAVE_NETWORK_INTERFACE_MODULE__parameterized0 |       1330 |       1330 |       0 |    0 |  1979 |      0 |      0 |          0 |
|         i_munoc_instance_3                                             |                                                MUNOC_MODULE_47__parameterized0 |       1325 |       1325 |       0 |    0 |  1979 |      0 |      0 |          0 |
|           i_munoc_instance_0                                           |                                                MUNOC_MODULE_15__parameterized1 |        105 |        105 |       0 |    0 |   109 |      0 |      0 |          0 |
|             i_munoc_instance_0                                         |                                           ERVP_SMALL_FIFO__parameterized10_174 |         72 |         72 |       0 |    0 |    80 |      0 |      0 |          0 |
|               (i_munoc_instance_0)                                     |                                           ERVP_SMALL_FIFO__parameterized10_174 |          0 |          0 |       0 |    0 |    68 |      0 |      0 |          0 |
|               i_rindexer                                               |                         ERVP_COUNTER_WITH_ONEHOT_ENCODING__parameterized14_175 |         61 |         61 |       0 |    0 |     4 |      0 |      0 |          0 |
|           i_munoc_instance_1                                           |                                                            MUNOC_MODULE_11_129 |        659 |        659 |       0 |    0 |  1045 |      0 |      0 |          0 |
|             i_munoc_instance_0                                         |                                                            MUNOC_MODULE_35_163 |        328 |        328 |       0 |    0 |   456 |      0 |      0 |          0 |
|               i_gen_buffer[0].i_munoc_instance_1                       |                                            ERVP_SMALL_FIFO__parameterized7_170 |        328 |        328 |       0 |    0 |   456 |      0 |      0 |          0 |
|                 (i_gen_buffer[0].i_munoc_instance_1)                   |                                            ERVP_SMALL_FIFO__parameterized7_170 |          0 |          0 |       0 |    0 |   432 |      0 |      0 |          0 |
|                 i_rindexer                                             |                          ERVP_COUNTER_WITH_ONEHOT_ENCODING__parameterized4_171 |        311 |        311 |       0 |    0 |     8 |      0 |      0 |          0 |
|             i_munoc_instance_1                                         |                                            MUNOC_MODULE_35__parameterized0_164 |        325 |        325 |       0 |    0 |   588 |      0 |      0 |          0 |
|               i_gen_buffer[0].i_munoc_instance_1                       |                                            ERVP_SMALL_FIFO__parameterized8_166 |        325 |        325 |       0 |    0 |   588 |      0 |      0 |          0 |
|                 (i_gen_buffer[0].i_munoc_instance_1)                   |                                            ERVP_SMALL_FIFO__parameterized8_166 |          0 |          0 |       0 |    0 |   576 |      0 |      0 |          0 |
|                 i_rindexer                                             |                         ERVP_COUNTER_WITH_ONEHOT_ENCODING__parameterized14_167 |        320 |        320 |       0 |    0 |     4 |      0 |      0 |          0 |
|           i_munoc_instance_2                                           |                                                MUNOC_MODULE_27__parameterized5 |         88 |         88 |       0 |    0 |   128 |      0 |      0 |          0 |
|             i_munoc_instance_1                                         |                                                            MUNOC_MODULE_12_162 |         50 |         50 |       0 |    0 |    91 |      0 |      0 |          0 |
|           i_munoc_instance_4                                           |                                                MUNOC_MODULE_38__parameterized0 |        292 |        292 |       0 |    0 |   612 |      0 |      0 |          0 |
|             i_gen_rdata_buffer[0].i_munoc_instance_0                   |                                           ERVP_SMALL_FIFO__parameterized11_139 |         67 |         67 |       0 |    0 |   140 |      0 |      0 |          0 |
|               (i_gen_rdata_buffer[0].i_munoc_instance_0)               |                                           ERVP_SMALL_FIFO__parameterized11_139 |          0 |          0 |       0 |    0 |   128 |      0 |      0 |          0 |
|               i_rindexer                                               |                         ERVP_COUNTER_WITH_ONEHOT_ENCODING__parameterized14_155 |         64 |         64 |       0 |    0 |     4 |      0 |      0 |          0 |
|             i_gen_rdata_buffer[1].i_munoc_instance_0                   |                                           ERVP_SMALL_FIFO__parameterized11_140 |         68 |         68 |       0 |    0 |   140 |      0 |      0 |          0 |
|               (i_gen_rdata_buffer[1].i_munoc_instance_0)               |                                           ERVP_SMALL_FIFO__parameterized11_140 |          0 |          0 |       0 |    0 |   128 |      0 |      0 |          0 |
|               i_rindexer                                               |                         ERVP_COUNTER_WITH_ONEHOT_ENCODING__parameterized14_152 |         64 |         64 |       0 |    0 |     4 |      0 |      0 |          0 |
|             i_gen_rdata_buffer[2].i_munoc_instance_0                   |                                           ERVP_SMALL_FIFO__parameterized11_141 |         67 |         67 |       0 |    0 |   140 |      0 |      0 |          0 |
|               (i_gen_rdata_buffer[2].i_munoc_instance_0)               |                                           ERVP_SMALL_FIFO__parameterized11_141 |          0 |          0 |       0 |    0 |   128 |      0 |      0 |          0 |
|               i_rindexer                                               |                         ERVP_COUNTER_WITH_ONEHOT_ENCODING__parameterized14_149 |         64 |         64 |       0 |    0 |     4 |      0 |      0 |          0 |
|             i_gen_rdata_buffer[3].i_munoc_instance_0                   |                                           ERVP_SMALL_FIFO__parameterized11_142 |         67 |         67 |       0 |    0 |   140 |      0 |      0 |          0 |
|               (i_gen_rdata_buffer[3].i_munoc_instance_0)               |                                           ERVP_SMALL_FIFO__parameterized11_142 |          0 |          0 |       0 |    0 |   128 |      0 |      0 |          0 |
|               i_rindexer                                               |                         ERVP_COUNTER_WITH_ONEHOT_ENCODING__parameterized14_146 |         64 |         64 |       0 |    0 |     4 |      0 |      0 |          0 |
|             i_munoc_instance_1                                         |                                               ERVP_SMALL_FIFO__parameterized25 |         23 |         23 |       0 |    0 |    52 |      0 |      0 |          0 |
|           i_munoc_instance_6                                           |                                                MUNOC_MODULE_41__parameterized5 |        130 |        130 |       0 |    0 |     2 |      0 |      0 |          0 |
|       i_snim_i_system_sram_no_name                                     |                                       MUNOC_AXI_SLAVE_NETWORK_INTERFACE_MODULE |       1281 |       1281 |       0 |    0 |  1855 |      0 |      0 |          0 |
|         i_munoc_instance_3                                             |                                                                MUNOC_MODULE_47 |       1276 |       1276 |       0 |    0 |  1855 |      0 |      0 |          0 |
|           i_munoc_instance_0                                           |                                                MUNOC_MODULE_15__parameterized0 |        105 |        105 |       0 |    0 |   107 |      0 |      0 |          0 |
|             i_munoc_instance_0                                         |                                               ERVP_SMALL_FIFO__parameterized10 |         72 |         72 |       0 |    0 |    80 |      0 |      0 |          0 |
|               (i_munoc_instance_0)                                     |                                               ERVP_SMALL_FIFO__parameterized10 |          0 |          0 |       0 |    0 |    68 |      0 |      0 |          0 |
|               i_rindexer                                               |                         ERVP_COUNTER_WITH_ONEHOT_ENCODING__parameterized14_126 |         61 |         61 |       0 |    0 |     4 |      0 |      0 |          0 |
|           i_munoc_instance_1                                           |                                                                MUNOC_MODULE_11 |        611 |        611 |       0 |    0 |   949 |      0 |      0 |          0 |
|             i_munoc_instance_0                                         |                                                                MUNOC_MODULE_35 |        280 |        280 |       0 |    0 |   360 |      0 |      0 |          0 |
|               i_gen_buffer[0].i_munoc_instance_1                       |                                                ERVP_SMALL_FIFO__parameterized7 |        280 |        280 |       0 |    0 |   360 |      0 |      0 |          0 |
|                 (i_gen_buffer[0].i_munoc_instance_1)                   |                                                ERVP_SMALL_FIFO__parameterized7 |          0 |          0 |       0 |    0 |   336 |      0 |      0 |          0 |
|                 i_rindexer                                             |                              ERVP_COUNTER_WITH_ONEHOT_ENCODING__parameterized4 |        263 |        263 |       0 |    0 |     8 |      0 |      0 |          0 |
|             i_munoc_instance_1                                         |                                                MUNOC_MODULE_35__parameterized0 |        325 |        325 |       0 |    0 |   588 |      0 |      0 |          0 |
|               i_gen_buffer[0].i_munoc_instance_1                       |                                                ERVP_SMALL_FIFO__parameterized8 |        325 |        325 |       0 |    0 |   588 |      0 |      0 |          0 |
|                 (i_gen_buffer[0].i_munoc_instance_1)                   |                                                ERVP_SMALL_FIFO__parameterized8 |          0 |          0 |       0 |    0 |   576 |      0 |      0 |          0 |
|                 i_rindexer                                             |                         ERVP_COUNTER_WITH_ONEHOT_ENCODING__parameterized14_122 |        320 |        320 |       0 |    0 |     4 |      0 |      0 |          0 |
|           i_munoc_instance_2                                           |                                                             MUNOC_MODULE_27_89 |         94 |         94 |       0 |    0 |   116 |      0 |      0 |          0 |
|             i_munoc_instance_1                                         |                                                            MUNOC_MODULE_12_120 |         56 |         56 |       0 |    0 |    79 |      0 |      0 |          0 |
|           i_munoc_instance_4                                           |                                                                MUNOC_MODULE_38 |        288 |        288 |       0 |    0 |   604 |      0 |      0 |          0 |
|             i_gen_rdata_buffer[0].i_munoc_instance_0                   |                                               ERVP_SMALL_FIFO__parameterized11 |         67 |         67 |       0 |    0 |   140 |      0 |      0 |          0 |
|               (i_gen_rdata_buffer[0].i_munoc_instance_0)               |                                               ERVP_SMALL_FIFO__parameterized11 |          0 |          0 |       0 |    0 |   128 |      0 |      0 |          0 |
|               i_rindexer                                               |                         ERVP_COUNTER_WITH_ONEHOT_ENCODING__parameterized14_113 |         64 |         64 |       0 |    0 |     4 |      0 |      0 |          0 |
|             i_gen_rdata_buffer[1].i_munoc_instance_0                   |                                            ERVP_SMALL_FIFO__parameterized11_99 |         68 |         68 |       0 |    0 |   140 |      0 |      0 |          0 |
|               (i_gen_rdata_buffer[1].i_munoc_instance_0)               |                                            ERVP_SMALL_FIFO__parameterized11_99 |          0 |          0 |       0 |    0 |   128 |      0 |      0 |          0 |
|               i_rindexer                                               |                         ERVP_COUNTER_WITH_ONEHOT_ENCODING__parameterized14_110 |         64 |         64 |       0 |    0 |     4 |      0 |      0 |          0 |
|             i_gen_rdata_buffer[2].i_munoc_instance_0                   |                                           ERVP_SMALL_FIFO__parameterized11_100 |         67 |         67 |       0 |    0 |   140 |      0 |      0 |          0 |
|               (i_gen_rdata_buffer[2].i_munoc_instance_0)               |                                           ERVP_SMALL_FIFO__parameterized11_100 |          0 |          0 |       0 |    0 |   128 |      0 |      0 |          0 |
|               i_rindexer                                               |                         ERVP_COUNTER_WITH_ONEHOT_ENCODING__parameterized14_107 |         64 |         64 |       0 |    0 |     4 |      0 |      0 |          0 |
|             i_gen_rdata_buffer[3].i_munoc_instance_0                   |                                           ERVP_SMALL_FIFO__parameterized11_101 |         67 |         67 |       0 |    0 |   140 |      0 |      0 |          0 |
|               (i_gen_rdata_buffer[3].i_munoc_instance_0)               |                                           ERVP_SMALL_FIFO__parameterized11_101 |          0 |          0 |       0 |    0 |   128 |      0 |      0 |          0 |
|               i_rindexer                                               |                         ERVP_COUNTER_WITH_ONEHOT_ENCODING__parameterized14_104 |         64 |         64 |       0 |    0 |     4 |      0 |      0 |          0 |
|           i_munoc_instance_6                                           |                                                             MUNOC_MODULE_41_90 |        130 |        130 |       0 |    0 |     2 |      0 |      0 |          0 |
|       i_snim_platform_controller_no_name                               |                              MUNOC_APB_SLAVE_NETWORK_INTERFACE_MODULE_ASYNCH_8 |        874 |        874 |       0 |    0 |  1638 |      0 |      0 |          0 |
|         (i_snim_platform_controller_no_name)                           |                              MUNOC_APB_SLAVE_NETWORK_INTERFACE_MODULE_ASYNCH_8 |        105 |        105 |       0 |    0 |     0 |      0 |      0 |          0 |
|         i_munoc_instance_0                                             |                                                                MUNOC_MODULE_10 |        151 |        151 |       0 |    0 |   339 |      0 |      0 |          0 |
|           i_munoc_instance_0                                           |                                                       MUNOC_AXI2APB_CONVERTER_ |        149 |        149 |       0 |    0 |   339 |      0 |      0 |          0 |
|             i_munoc_instance_0                                         |                                                                MUNOC_AXI2LPIXS |         89 |         89 |       0 |    0 |   187 |      0 |      0 |          0 |
|               i_axi2lpixm                                              |                                                             MUNOC_AXI2LPIXM_80 |         52 |         52 |       0 |    0 |   134 |      0 |      0 |          0 |
|                 i_reply_buffer                                         |                                             ERVP_SMALL_FIFO__parameterized3_85 |         46 |         46 |       0 |    0 |   132 |      0 |      0 |          0 |
|                   (i_reply_buffer)                                     |                                             ERVP_SMALL_FIFO__parameterized3_85 |          0 |          0 |       0 |    0 |   123 |      0 |      0 |          0 |
|               i_lpixm2lpixs                                            |                                                           MUNOC_LPIXM2LPIXS_81 |         37 |         37 |       0 |    0 |    53 |      0 |      0 |          0 |
|                 i_spliter                                              |                                                       MUNOC_AXI_ACH_SPLITER_82 |         37 |         37 |       0 |    0 |    53 |      0 |      0 |          0 |
|             i_munoc_instance_1                                         |                                                                MUNOC_LPIXS2PBE |         60 |         60 |       0 |    0 |   152 |      0 |      0 |          0 |
|               i_burden_handler                                         |                                                        MUNOC_BURDEN_HANDLER_70 |         58 |         58 |       0 |    0 |   149 |      0 |      0 |          0 |
|                 i_reply_buffer                                         |                                             ERVP_SMALL_FIFO__parameterized4_72 |         41 |         41 |       0 |    0 |   114 |      0 |      0 |          0 |
|                   (i_reply_buffer)                                     |                                             ERVP_SMALL_FIFO__parameterized4_72 |          0 |          0 |       0 |    0 |   105 |      0 |      0 |          0 |
|         i_munoc_instance_1                                             |                                                                MUNOC_MODULE_23 |        624 |        624 |       0 |    0 |  1299 |      0 |      0 |          0 |
|           i_munoc_instance_2                                           |                                                                MUNOC_MODULE_27 |        101 |        101 |       0 |    0 |   114 |      0 |      0 |          0 |
|             i_munoc_instance_1                                         |                                                                MUNOC_MODULE_12 |         52 |         52 |       0 |    0 |    83 |      0 |      0 |          0 |
|           i_munoc_instance_3                                           |                                                                MUNOC_MODULE_19 |        164 |        164 |       0 |    0 |   354 |      0 |      0 |          0 |
|             i_gen_rdata_buffer[0].i_munoc_instance_0                   |                                               ERVP_ASYNCH_FIFO__parameterized2 |         36 |         36 |       0 |    0 |    80 |      0 |      0 |          0 |
|               (i_gen_rdata_buffer[0].i_munoc_instance_0)               |                                               ERVP_ASYNCH_FIFO__parameterized2 |         34 |         34 |       0 |    0 |    72 |      0 |      0 |          0 |
|             i_gen_rdata_buffer[1].i_munoc_instance_0                   |                                            ERVP_ASYNCH_FIFO__parameterized2_51 |         36 |         36 |       0 |    0 |    80 |      0 |      0 |          0 |
|               (i_gen_rdata_buffer[1].i_munoc_instance_0)               |                                            ERVP_ASYNCH_FIFO__parameterized2_51 |         34 |         34 |       0 |    0 |    72 |      0 |      0 |          0 |
|             i_gen_rdata_buffer[2].i_munoc_instance_0                   |                                            ERVP_ASYNCH_FIFO__parameterized2_52 |         38 |         38 |       0 |    0 |    80 |      0 |      0 |          0 |
|               (i_gen_rdata_buffer[2].i_munoc_instance_0)               |                                            ERVP_ASYNCH_FIFO__parameterized2_52 |         36 |         36 |       0 |    0 |    72 |      0 |      0 |          0 |
|             i_gen_rdata_buffer[3].i_munoc_instance_0                   |                                            ERVP_ASYNCH_FIFO__parameterized2_53 |         38 |         38 |       0 |    0 |    80 |      0 |      0 |          0 |
|               (i_gen_rdata_buffer[3].i_munoc_instance_0)               |                                            ERVP_ASYNCH_FIFO__parameterized2_53 |         36 |         36 |       0 |    0 |    72 |      0 |      0 |          0 |
|           i_munoc_instance_4                                           |                                                                MUNOC_MODULE_21 |        257 |        257 |       0 |    0 |   673 |      0 |      0 |          0 |
|             i_munoc_instance_0                                         |                                                MUNOC_MODULE_45__parameterized0 |        102 |        102 |       0 |    0 |   272 |      0 |      0 |          0 |
|               i_gen_buffer[0].i_munoc_instance_1                       |                                               ERVP_ASYNCH_FIFO__parameterized0 |        102 |        102 |       0 |    0 |   272 |      0 |      0 |          0 |
|                 (i_gen_buffer[0].i_munoc_instance_1)                   |                                               ERVP_ASYNCH_FIFO__parameterized0 |        100 |        100 |       0 |    0 |   264 |      0 |      0 |          0 |
|             i_munoc_instance_1                                         |                                                                MUNOC_MODULE_45 |        154 |        154 |       0 |    0 |   400 |      0 |      0 |          0 |
|               i_gen_buffer[0].i_munoc_instance_1                       |                                                               ERVP_ASYNCH_FIFO |        154 |        154 |       0 |    0 |   400 |      0 |      0 |          0 |
|                 (i_gen_buffer[0].i_munoc_instance_1)                   |                                                               ERVP_ASYNCH_FIFO |        150 |        150 |       0 |    0 |   384 |      0 |      0 |          0 |
|       i_system_router                                                  |                                                      MUNOC_NETWORK_DUAL_ROUTER |        448 |        448 |       0 |    0 |   911 |      0 |      0 |          0 |
|         i_munoc_instance_0                                             |                                                           MUNOC_NETWORK_ROUTER |         14 |         14 |       0 |    0 |   152 |      0 |      0 |          0 |
|           i_input_port_with_routinhg_info[0].i_munoc_instance_2        |                                                                MUNOC_MODULE_05 |         14 |         14 |       0 |    0 |   152 |      0 |      0 |          0 |
|             i_munoc_instance_0                                         |                                                           ERVP_VALID_BUFFER_45 |         14 |         14 |       0 |    0 |   147 |      0 |      0 |          0 |
|         i_munoc_instance_1                                             |                                           MUNOC_NETWORK_ROUTER__parameterized0 |        434 |        434 |       0 |    0 |   759 |      0 |      0 |          0 |
|           i_arbiter_gen[0].i_munoc_instance_0                          |                                                MUNOC_MODULE_22__parameterized0 |        385 |        385 |       0 |    0 |    13 |      0 |      0 |          0 |
|           i_input_port_with_routinhg_info[0].i_munoc_instance_2        |                                                MUNOC_MODULE_05__parameterized0 |          7 |          7 |       0 |    0 |   138 |      0 |      0 |          0 |
|             i_munoc_instance_0                                         |                                           ERVP_VALID_BUFFER__parameterized0_44 |          4 |          4 |       0 |    0 |   134 |      0 |      0 |          0 |
|           i_input_port_with_routinhg_info[1].i_munoc_instance_2        |                                             MUNOC_MODULE_05__parameterized0_34 |          8 |          8 |       0 |    0 |   138 |      0 |      0 |          0 |
|             i_munoc_instance_0                                         |                                           ERVP_VALID_BUFFER__parameterized0_43 |          5 |          5 |       0 |    0 |   134 |      0 |      0 |          0 |
|           i_input_port_with_routinhg_info[2].i_munoc_instance_2        |                                             MUNOC_MODULE_05__parameterized0_35 |          9 |          9 |       0 |    0 |   138 |      0 |      0 |          0 |
|             i_munoc_instance_0                                         |                                           ERVP_VALID_BUFFER__parameterized0_42 |          6 |          6 |       0 |    0 |   134 |      0 |      0 |          0 |
|           i_input_port_with_routinhg_info[3].i_munoc_instance_2        |                                             MUNOC_MODULE_05__parameterized0_36 |          9 |          9 |       0 |    0 |   138 |      0 |      0 |          0 |
|             i_munoc_instance_0                                         |                                           ERVP_VALID_BUFFER__parameterized0_41 |          6 |          6 |       0 |    0 |   134 |      0 |      0 |          0 |
|           i_input_port_with_routinhg_info[4].i_munoc_instance_2        |                                             MUNOC_MODULE_05__parameterized0_37 |          8 |          8 |       0 |    0 |    56 |      0 |      0 |          0 |
|             i_munoc_instance_0                                         |                                           ERVP_VALID_BUFFER__parameterized0_40 |          5 |          5 |       0 |    0 |    52 |      0 |      0 |          0 |
|           i_input_port_with_routinhg_info[5].i_munoc_instance_2        |                                             MUNOC_MODULE_05__parameterized0_38 |          9 |          9 |       0 |    0 |   138 |      0 |      0 |          0 |
|             i_munoc_instance_0                                         |                                           ERVP_VALID_BUFFER__parameterized0_39 |          6 |          6 |       0 |    0 |   134 |      0 |      0 |          0 |
|       i_user_router                                                    |                                      MUNOC_NETWORK_DUAL_ROUTER__parameterized0 |        900 |        900 |       0 |    0 |   685 |      0 |      0 |          0 |
|         i_munoc_instance_0                                             |                                           MUNOC_NETWORK_ROUTER__parameterized1 |        354 |        354 |       0 |    0 |   386 |      0 |      0 |          0 |
|           i_arbiter_gen[0].i_munoc_instance_0                          |                                                MUNOC_MODULE_22__parameterized1 |        156 |        156 |       0 |    0 |    11 |      0 |      0 |          0 |
|           i_arbiter_gen[1].i_munoc_instance_0                          |                                             MUNOC_MODULE_22__parameterized1_25 |        156 |        156 |       0 |    0 |    11 |      0 |      0 |          0 |
|           i_input_port_with_routinhg_info[0].i_munoc_instance_2        |                                                MUNOC_MODULE_05__parameterized1 |         14 |         14 |       0 |    0 |    61 |      0 |      0 |          0 |
|             i_munoc_instance_0                                         |                                                           ERVP_VALID_BUFFER_33 |         13 |         13 |       0 |    0 |    56 |      0 |      0 |          0 |
|           i_input_port_with_routinhg_info[1].i_munoc_instance_2        |                                             MUNOC_MODULE_05__parameterized1_26 |          8 |          8 |       0 |    0 |    56 |      0 |      0 |          0 |
|             i_munoc_instance_0                                         |                                                           ERVP_VALID_BUFFER_32 |          8 |          8 |       0 |    0 |    51 |      0 |      0 |          0 |
|           i_input_port_with_routinhg_info[4].i_munoc_instance_2        |                                             MUNOC_MODULE_05__parameterized1_29 |          4 |          4 |       0 |    0 |   153 |      0 |      0 |          0 |
|             i_munoc_instance_0                                         |                                                              ERVP_VALID_BUFFER |          4 |          4 |       0 |    0 |   148 |      0 |      0 |          0 |
|         i_munoc_instance_1                                             |                                           MUNOC_NETWORK_ROUTER__parameterized2 |        546 |        546 |       0 |    0 |   299 |      0 |      0 |          0 |
|           i_input_port_with_routinhg_info[1].i_munoc_instance_2        |                                             MUNOC_MODULE_05__parameterized2_23 |         18 |         18 |       0 |    0 |   137 |      0 |      0 |          0 |
|             i_munoc_instance_0                                         |                                              ERVP_VALID_BUFFER__parameterized0 |         18 |         18 |       0 |    0 |   133 |      0 |      0 |          0 |
|           i_arbiter_gen[2].i_munoc_instance_0                          |                                             MUNOC_MODULE_22__parameterized2_20 |        137 |        137 |       0 |    0 |     5 |      0 |      0 |          0 |
|           i_arbiter_gen[3].i_munoc_instance_0                          |                                             MUNOC_MODULE_22__parameterized2_21 |        137 |        137 |       0 |    0 |     5 |      0 |      0 |          0 |
|           i_arbiter_gen[4].i_munoc_instance_0                          |                                             MUNOC_MODULE_22__parameterized2_22 |        137 |        137 |       0 |    0 |     5 |      0 |      0 |          0 |
|           i_input_port_with_routinhg_info[0].i_munoc_instance_2        |                                                MUNOC_MODULE_05__parameterized2 |         29 |         29 |       0 |    0 |   137 |      0 |      0 |          0 |
|             i_munoc_instance_0                                         |                                           ERVP_VALID_BUFFER__parameterized0_24 |         29 |         29 |       0 |    0 |   133 |      0 |      0 |          0 |
|     i_system_ddr                                                       |                                                       STARC_VERA1_SLOW_DRAM_00 |       8057 |       6880 |     820 |  357 |  7409 |      0 |      0 |          0 |
|       u_xilinx_ddr3_ctrl_axi32                                         |                                                         xilinx_ddr3_ctrl_axi32 |       8057 |       6880 |     820 |  357 |  7409 |      0 |      0 |          0 |
|         u_xilinx_ddr3_ctrl_axi32_mig                                   |                                                     xilinx_ddr3_ctrl_axi32_mig |       8013 |       6880 |     776 |  357 |  7409 |      0 |      0 |          0 |
|           temp_mon_enabled.u_tempmon                                   |                                 xilinx_ddr3_ctrl_axi32mig_7series_v4_2_tempmon |         23 |         23 |       0 |    0 |    77 |      0 |      0 |          0 |
|           u_memc_ui_top_axi                                            |                         xilinx_ddr3_ctrl_axi32mig_7series_v4_2_memc_ui_top_axi |       7984 |       6851 |     776 |  357 |  7281 |      0 |      0 |          0 |
|             u_ui_top                                                   |                                  xilinx_ddr3_ctrl_axi32mig_7series_v4_2_ui_top |        626 |        250 |     376 |    0 |   968 |      0 |      0 |          0 |
|               ui_cmd0                                                  |                                  xilinx_ddr3_ctrl_axi32mig_7series_v4_2_ui_cmd |         39 |         39 |       0 |    0 |    56 |      0 |      0 |          0 |
|               ui_rd_data0                                              |                              xilinx_ddr3_ctrl_axi32mig_7series_v4_2_ui_rd_data |        203 |         27 |     176 |    0 |   291 |      0 |      0 |          0 |
|               ui_wr_data0                                              |                              xilinx_ddr3_ctrl_axi32mig_7series_v4_2_ui_wr_data |        384 |        184 |     200 |    0 |   621 |      0 |      0 |          0 |
|             mem_intfc0                                                 |                               xilinx_ddr3_ctrl_axi32mig_7series_v4_2_mem_intfc |       4988 |       4570 |     400 |   18 |  3751 |      0 |      0 |          0 |
|               ddr_phy_top0                                             |                             xilinx_ddr3_ctrl_axi32mig_7series_v4_2_ddr_phy_top |       4353 |       3944 |     392 |   17 |  3224 |      0 |      0 |          0 |
|                 u_ddr_calib_top                                        |                           xilinx_ddr3_ctrl_axi32mig_7series_v4_2_ddr_calib_top |       3230 |       3216 |       0 |   14 |  2628 |      0 |      0 |          0 |
|                   (u_ddr_calib_top)                                    |                           xilinx_ddr3_ctrl_axi32mig_7series_v4_2_ddr_calib_top |         47 |         46 |       0 |    1 |    38 |      0 |      0 |          0 |
|                   ddr_phy_prbs_rdlvl_gen.u_ddr_phy_prbs_rdlvl          |                      xilinx_ddr3_ctrl_axi32mig_7series_v4_2_ddr_phy_prbs_rdlvl |        154 |        154 |       0 |    0 |   365 |      0 |      0 |          0 |
|                   ddr_phy_rdlvl_gen.u_ddr_phy_rdlvl                    |                           xilinx_ddr3_ctrl_axi32mig_7series_v4_2_ddr_phy_rdlvl |        561 |        561 |       0 |    0 |   898 |      0 |      0 |          0 |
|                   ddr_phy_tempmon_0                                    |                         xilinx_ddr3_ctrl_axi32mig_7series_v4_2_ddr_phy_tempmon |        253 |        253 |       0 |    0 |   229 |      0 |      0 |          0 |
|                   dqsfind_calib_right.u_ddr_phy_dqs_found_cal          |                   xilinx_ddr3_ctrl_axi32mig_7series_v4_2_ddr_phy_dqs_found_cal |        178 |        177 |       0 |    1 |   132 |      0 |      0 |          0 |
|                   mb_wrlvl_inst.u_ddr_phy_wrlvl                        |                           xilinx_ddr3_ctrl_axi32mig_7series_v4_2_ddr_phy_wrlvl |        376 |        375 |       0 |    1 |   246 |      0 |      0 |          0 |
|                   u_ddr_phy_init                                       |                            xilinx_ddr3_ctrl_axi32mig_7series_v4_2_ddr_phy_init |       1345 |       1341 |       0 |    4 |   363 |      0 |      0 |          0 |
|                   u_ddr_phy_wrcal                                      |                           xilinx_ddr3_ctrl_axi32mig_7series_v4_2_ddr_phy_wrcal |        170 |        164 |       0 |    6 |   306 |      0 |      0 |          0 |
|                   u_ddr_prbs_gen                                       |                            xilinx_ddr3_ctrl_axi32mig_7series_v4_2_ddr_prbs_gen |        129 |        129 |       0 |    0 |    33 |      0 |      0 |          0 |
|                 u_ddr_mc_phy_wrapper                                   |                      xilinx_ddr3_ctrl_axi32mig_7series_v4_2_ddr_mc_phy_wrapper |       1130 |        735 |     392 |    3 |   596 |      0 |      0 |          0 |
|                   u_ddr_mc_phy                                         |                              xilinx_ddr3_ctrl_axi32mig_7series_v4_2_ddr_mc_phy |       1130 |        735 |     392 |    3 |   560 |      0 |      0 |          0 |
|                     ddr_phy_4lanes_0.u_ddr_phy_4lanes                  |                          xilinx_ddr3_ctrl_axi32mig_7series_v4_2_ddr_phy_4lanes |       1024 |        654 |     368 |    2 |   453 |      0 |      0 |          0 |
|                       ddr_byte_lane_D.ddr_byte_lane_D                  |           xilinx_ddr3_ctrl_axi32mig_7series_v4_2_ddr_byte_lane__parameterized2 |        206 |        114 |      92 |    0 |   108 |      0 |      0 |          0 |
|                         (ddr_byte_lane_D.ddr_byte_lane_D)              |           xilinx_ddr3_ctrl_axi32mig_7series_v4_2_ddr_byte_lane__parameterized2 |          1 |          1 |       0 |    0 |    69 |      0 |      0 |          0 |
|                         dq_gen_40.if_post_fifo_gen.u_ddr_if_post_fifo  |                        xilinx_ddr3_ctrl_axi32mig_7series_v4_2_ddr_if_post_fifo |        130 |         86 |      44 |    0 |    14 |      0 |      0 |          0 |
|                         of_pre_fifo_gen.u_ddr_of_pre_fifo              |      xilinx_ddr3_ctrl_axi32mig_7series_v4_2_ddr_of_pre_fifo__parameterized1_91 |         74 |         26 |      48 |    0 |    24 |      0 |      0 |          0 |
|                       ddr_byte_lane_A.ddr_byte_lane_A                  |                           xilinx_ddr3_ctrl_axi32mig_7series_v4_2_ddr_byte_lane |        393 |        300 |      92 |    1 |   109 |      0 |      0 |          0 |
|                         (ddr_byte_lane_A.ddr_byte_lane_A)              |                           xilinx_ddr3_ctrl_axi32mig_7series_v4_2_ddr_byte_lane |          0 |          0 |       0 |    0 |    69 |      0 |      0 |          0 |
|                         dq_gen_40.if_post_fifo_gen.u_ddr_if_post_fifo  |                     xilinx_ddr3_ctrl_axi32mig_7series_v4_2_ddr_if_post_fifo_98 |        317 |        273 |      44 |    0 |    14 |      0 |      0 |          0 |
|                         of_pre_fifo_gen.u_ddr_of_pre_fifo              |      xilinx_ddr3_ctrl_axi32mig_7series_v4_2_ddr_of_pre_fifo__parameterized1_99 |         74 |         26 |      48 |    0 |    24 |      0 |      0 |          0 |
|                       ddr_byte_lane_B.ddr_byte_lane_B                  |           xilinx_ddr3_ctrl_axi32mig_7series_v4_2_ddr_byte_lane__parameterized0 |        215 |        123 |      92 |    0 |   108 |      0 |      0 |          0 |
|                         (ddr_byte_lane_B.ddr_byte_lane_B)              |           xilinx_ddr3_ctrl_axi32mig_7series_v4_2_ddr_byte_lane__parameterized0 |         15 |         15 |       0 |    0 |    69 |      0 |      0 |          0 |
|                         dq_gen_40.if_post_fifo_gen.u_ddr_if_post_fifo  |                     xilinx_ddr3_ctrl_axi32mig_7series_v4_2_ddr_if_post_fifo_96 |        125 |         81 |      44 |    0 |    14 |      0 |      0 |          0 |
|                         of_pre_fifo_gen.u_ddr_of_pre_fifo              |      xilinx_ddr3_ctrl_axi32mig_7series_v4_2_ddr_of_pre_fifo__parameterized1_97 |         74 |         26 |      48 |    0 |    24 |      0 |      0 |          0 |
|                       ddr_byte_lane_C.ddr_byte_lane_C                  |           xilinx_ddr3_ctrl_axi32mig_7series_v4_2_ddr_byte_lane__parameterized1 |        201 |        109 |      92 |    0 |   108 |      0 |      0 |          0 |
|                         (ddr_byte_lane_C.ddr_byte_lane_C)              |           xilinx_ddr3_ctrl_axi32mig_7series_v4_2_ddr_byte_lane__parameterized1 |          0 |          0 |       0 |    0 |    69 |      0 |      0 |          0 |
|                         dq_gen_40.if_post_fifo_gen.u_ddr_if_post_fifo  |                     xilinx_ddr3_ctrl_axi32mig_7series_v4_2_ddr_if_post_fifo_93 |        126 |         82 |      44 |    0 |    14 |      0 |      0 |          0 |
|                         of_pre_fifo_gen.u_ddr_of_pre_fifo              |      xilinx_ddr3_ctrl_axi32mig_7series_v4_2_ddr_of_pre_fifo__parameterized1_94 |         74 |         26 |      48 |    0 |    24 |      0 |      0 |          0 |
|               mc0                                                      |                                      xilinx_ddr3_ctrl_axi32mig_7series_v4_2_mc |        641 |        632 |       8 |    1 |   527 |      0 |      0 |          0 |
|                 (mc0)                                                  |                                      xilinx_ddr3_ctrl_axi32mig_7series_v4_2_mc |        128 |        128 |       0 |    0 |    81 |      0 |      0 |          0 |
|                 bank_mach0                                             |                               xilinx_ddr3_ctrl_axi32mig_7series_v4_2_bank_mach |        436 |        436 |       0 |    0 |   353 |      0 |      0 |          0 |
|                   arb_mux0                                             |                                 xilinx_ddr3_ctrl_axi32mig_7series_v4_2_arb_mux |        163 |        163 |       0 |    0 |    36 |      0 |      0 |          0 |
|                     arb_row_col0                                       |                             xilinx_ddr3_ctrl_axi32mig_7series_v4_2_arb_row_col |        163 |        163 |       0 |    0 |    32 |      0 |      0 |          0 |
|                       col_arb0                                         |         xilinx_ddr3_ctrl_axi32mig_7series_v4_2_round_robin_arb__parameterized1 |         69 |         69 |       0 |    0 |     8 |      0 |      0 |          0 |
|                   bank_cntrl[0].bank0                                  |                              xilinx_ddr3_ctrl_axi32mig_7series_v4_2_bank_cntrl |         64 |         64 |       0 |    0 |    73 |      0 |      0 |          0 |
|                   bank_cntrl[1].bank0                                  |              xilinx_ddr3_ctrl_axi32mig_7series_v4_2_bank_cntrl__parameterized0 |         58 |         58 |       0 |    0 |    73 |      0 |      0 |          0 |
|                   bank_cntrl[2].bank0                                  |              xilinx_ddr3_ctrl_axi32mig_7series_v4_2_bank_cntrl__parameterized1 |         60 |         60 |       0 |    0 |    76 |      0 |      0 |          0 |
|                   bank_cntrl[3].bank0                                  |              xilinx_ddr3_ctrl_axi32mig_7series_v4_2_bank_cntrl__parameterized2 |         69 |         69 |       0 |    0 |    73 |      0 |      0 |          0 |
|                 rank_mach0                                             |                               xilinx_ddr3_ctrl_axi32mig_7series_v4_2_rank_mach |         57 |         56 |       0 |    1 |    67 |      0 |      0 |          0 |
|                   rank_common0                                         |                             xilinx_ddr3_ctrl_axi32mig_7series_v4_2_rank_common |         49 |         49 |       0 |    0 |    52 |      0 |      0 |          0 |
|             u_axi_mc                                                   |                                  xilinx_ddr3_ctrl_axi32mig_7series_v4_2_axi_mc |       2374 |       2035 |       0 |  339 |  2560 |      0 |      0 |          0 |
|               axi_mc_w_channel_0                                       |                        xilinx_ddr3_ctrl_axi32mig_7series_v4_2_axi_mc_w_channel |        295 |        295 |       0 |    0 |   579 |      0 |      0 |          0 |
|               USE_UPSIZER.upsizer_d2                                   |                         xilinx_ddr3_ctrl_axi32mig_7series_v4_2_ddr_axi_upsizer |       1601 |       1530 |       0 |   71 |  1713 |      0 |      0 |          0 |
|                 USE_READ.read_addr_inst                                |           xilinx_ddr3_ctrl_axi32mig_7series_v4_2_ddr_a_upsizer__parameterized0 |        172 |        136 |       0 |   36 |    94 |      0 |      0 |          0 |
|                   (USE_READ.read_addr_inst)                            |           xilinx_ddr3_ctrl_axi32mig_7series_v4_2_ddr_a_upsizer__parameterized0 |         62 |         62 |       0 |    0 |    43 |      0 |      0 |          0 |
|                   USE_BURSTS.cmd_queue                                 |                     xilinx_ddr3_ctrl_axi32mig_7series_v4_2_ddr_command_fifo_65 |        110 |         74 |       0 |   36 |    46 |      0 |      0 |          0 |
|                     (USE_BURSTS.cmd_queue)                             |                     xilinx_ddr3_ctrl_axi32mig_7series_v4_2_ddr_command_fifo_65 |        100 |         64 |       0 |   36 |    45 |      0 |      0 |          0 |
|                 USE_READ.read_data_inst                                |                           xilinx_ddr3_ctrl_axi32mig_7series_v4_2_ddr_r_upsizer |         93 |         93 |       0 |    0 |   286 |      0 |      0 |          0 |
|                   (USE_READ.read_data_inst)                            |                           xilinx_ddr3_ctrl_axi32mig_7series_v4_2_ddr_r_upsizer |         82 |         82 |       0 |    0 |   285 |      0 |      0 |          0 |
|                 USE_WRITE.write_addr_inst                              |                           xilinx_ddr3_ctrl_axi32mig_7series_v4_2_ddr_a_upsizer |        228 |        193 |       0 |   35 |    93 |      0 |      0 |          0 |
|                   (USE_WRITE.write_addr_inst)                          |                           xilinx_ddr3_ctrl_axi32mig_7series_v4_2_ddr_a_upsizer |         53 |         53 |       0 |    0 |    41 |      0 |      0 |          0 |
|                   USE_BURSTS.cmd_queue                                 |                        xilinx_ddr3_ctrl_axi32mig_7series_v4_2_ddr_command_fifo |        175 |        140 |       0 |   35 |    47 |      0 |      0 |          0 |
|                     (USE_BURSTS.cmd_queue)                             |                        xilinx_ddr3_ctrl_axi32mig_7series_v4_2_ddr_command_fifo |        165 |        130 |       0 |   35 |    46 |      0 |      0 |          0 |
|                 USE_WRITE.write_data_inst                              |                           xilinx_ddr3_ctrl_axi32mig_7series_v4_2_ddr_w_upsizer |        665 |        665 |       0 |    0 |   599 |      0 |      0 |          0 |
|                   (USE_WRITE.write_data_inst)                          |                           xilinx_ddr3_ctrl_axi32mig_7series_v4_2_ddr_w_upsizer |        353 |        353 |       0 |    0 |   598 |      0 |      0 |          0 |
|                   USE_FPGA_WORD_COMPLETED.word_complete_rest_last_inst |                        xilinx_ddr3_ctrl_axi32mig_7series_v4_2_ddr_carry_and_12 |        290 |        290 |       0 |    0 |     0 |      0 |      0 |          0 |
|                 mi_register_slice_inst                                 |  xilinx_ddr3_ctrl_axi32mig_7series_v4_2_ddr_axi_register_slice__parameterized0 |        339 |        339 |       0 |    0 |   544 |      0 |      0 |          0 |
|                   r_pipe                                               | xilinx_ddr3_ctrl_axi32mig_7series_v4_2_ddr_axic_register_slice__parameterized5 |        338 |        338 |       0 |    0 |   543 |      0 |      0 |          0 |
|                 si_register_slice_inst                                 |                  xilinx_ddr3_ctrl_axi32mig_7series_v4_2_ddr_axi_register_slice |        108 |        108 |       0 |    0 |    97 |      0 |      0 |          0 |
|                   aw_pipe                                              |               xilinx_ddr3_ctrl_axi32mig_7series_v4_2_ddr_axic_register_slice_3 |         57 |         57 |       0 |    0 |    49 |      0 |      0 |          0 |
|                   ar_pipe                                              |                 xilinx_ddr3_ctrl_axi32mig_7series_v4_2_ddr_axic_register_slice |         51 |         51 |       0 |    0 |    47 |      0 |      0 |          0 |
|               axi_mc_ar_channel_0                                      |                       xilinx_ddr3_ctrl_axi32mig_7series_v4_2_axi_mc_ar_channel |         67 |         67 |       0 |    0 |    88 |      0 |      0 |          0 |
|                 ar_cmd_fsm_0                                           |                          xilinx_ddr3_ctrl_axi32mig_7series_v4_2_axi_mc_cmd_fsm |         65 |         65 |       0 |    0 |     1 |      0 |      0 |          0 |
|               axi_mc_aw_channel_0                                      |                       xilinx_ddr3_ctrl_axi32mig_7series_v4_2_axi_mc_aw_channel |         77 |         77 |       0 |    0 |    86 |      0 |      0 |          0 |
|                 aw_cmd_fsm_0                                           |                       xilinx_ddr3_ctrl_axi32mig_7series_v4_2_axi_mc_wr_cmd_fsm |         72 |         72 |       0 |    0 |     1 |      0 |      0 |          0 |
|               axi_mc_r_channel_0                                       |                        xilinx_ddr3_ctrl_axi32mig_7series_v4_2_axi_mc_r_channel |        296 |         32 |       0 |  264 |    37 |      0 |      0 |          0 |
|                 rd_data_fifo_0                                         |             xilinx_ddr3_ctrl_axi32mig_7series_v4_2_axi_mc_fifo__parameterized0 |        274 |         18 |       0 |  256 |    12 |      0 |      0 |          0 |
|     i_system_sram                                                      |                                                        STARC_VERA1_SRAM_AXI_02 |        176 |        176 |       0 |    0 |   343 |      0 |     32 |          0 |
|       i_controller                                                     |                                                     ERVP_SPSRAM_CONTROLLER_AXI |        176 |        176 |       0 |    0 |   343 |      0 |      0 |          0 |
|         i_axi2scell                                                    |                                                                 ERVP_AXI2SCELL |        176 |        176 |       0 |    0 |   343 |      0 |      0 |          0 |
|           i_axi2lpixm                                                  |                                                                MUNOC_AXI2LPIXM |         50 |         50 |       0 |    0 |   131 |      0 |      0 |          0 |
|             i_reply_buffer                                             |                                                ERVP_SMALL_FIFO__parameterized3 |         46 |         46 |       0 |    0 |   129 |      0 |      0 |          0 |
|               (i_reply_buffer)                                         |                                                ERVP_SMALL_FIFO__parameterized3 |          0 |          0 |       0 |    0 |   120 |      0 |      0 |          0 |
|           i_lpixm2scell                                                |                                                              MUNOC_LPIXM2SCELL |        126 |        126 |       0 |    0 |   212 |      0 |      0 |          0 |
|             i_lpixm2lpixs                                              |                                                              MUNOC_LPIXM2LPIXS |         53 |         53 |       0 |    0 |    63 |      0 |      0 |          0 |
|               i_spliter                                                |                                                          MUNOC_AXI_ACH_SPLITER |         53 |         53 |       0 |    0 |    63 |      0 |      0 |          0 |
|                 i_addr_generator                                       |                                                      ERVP_BURST_ADDR_GENERATOR |         53 |         53 |       0 |    0 |    54 |      0 |      0 |          0 |
|             i_lpixs2scell                                              |                                                              MUNOC_LPIXS2SCELL |         73 |         73 |       0 |    0 |   149 |      0 |      0 |          0 |
|               i_burden_handler                                         |                                                           MUNOC_BURDEN_HANDLER |         57 |         57 |       0 |    0 |   146 |      0 |      0 |          0 |
|                 i_reply_buffer                                         |                                                ERVP_SMALL_FIFO__parameterized4 |         39 |         39 |       0 |    0 |   111 |      0 |      0 |          0 |
|                   (i_reply_buffer)                                     |                                                ERVP_SMALL_FIFO__parameterized4 |          0 |          0 |       0 |    0 |   102 |      0 |      0 |          0 |
+------------------------------------------------------------------------+--------------------------------------------------------------------------------+------------+------------+---------+------+-------+--------+--------+------------+
* Note: The sum of lower-level cells may be larger than their parent cells total, due to cross-hierarchy LUT combining


